[Licensing::Module] Trying to connect to existing licensing client channel...
Built from '6000.3/staging' branch; Version is '6000.3.17f1 (cf0352b38e81) revision 13566802'; Using compiler version '194234433'; Build Type 'Release'
OS: 'Windows 11  (10.0.26200) Core' Language: 'ko' Physical Memory: 32586 MB
[Licensing::IpcConnector] Successfully connected to: "LicenseClient-gimch" at "2026-08-31T08:37:15.1787944Z"
BatchMode: 1, IsHumanControllingUs: 0, StartBugReporterOnCrash: 0, Is64bit: 1
System  architecture: x64
Process architecture: x64
Date: 2026-08-31T08:37:15Z

COMMAND LINE ARGUMENTS:
C:\Program Files\Unity\Hub\Editor\6000.3.17f1\Editor\Unity.exe
-adb2
-batchMode
-noUpm
-name
AssetImportWorker15
-projectPath
C:/Git/GitHub/HanessTest/My project
-logFile
Logs/AssetImportWorker15.log
-srvPort
58677
-licensingIpc
LicenseClient-gimch
-job-worker-count
7
-background-job-worker-count
8
-gc-helper-count
1
-name
AssetImport
Successfully changed project path to: C:/Git/GitHub/HanessTest/My project
C:/Git/GitHub/HanessTest/My project
[UnityMemory] Configuration Parameters - Can be set up in boot.config
    "memorysetup-temp-allocator-size-nav-mesh-worker=65536"
    "memorysetup-temp-allocator-size-audio-worker=65536"
    "memorysetup-temp-allocator-size-gfx=262144"
    "memorysetup-allocator-temp-initial-block-size-main=262144"
    "memorysetup-allocator-temp-initial-block-size-worker=262144"
    "memorysetup-temp-allocator-size-background-worker=32768"
    "memorysetup-temp-allocator-size-job-worker=262144"
    "memorysetup-temp-allocator-size-preload-manager=33554432"
    "memorysetup-temp-allocator-size-gi-baking-worker=262144"
    "memorysetup-temp-allocator-size-gi-baking-worker=262144"
    "memorysetup-temp-allocator-size-gi-baking-worker=262144"
    "memorysetup-temp-allocator-size-gi-baking-worker=262144"
    "memorysetup-temp-allocator-size-gi-baking-worker=262144"
    "memorysetup-bucket-allocator-granularity=16"
    "memorysetup-bucket-allocator-bucket-count=8"
    "memorysetup-bucket-allocator-block-size=33554432"
    "memorysetup-bucket-allocator-block-count=8"
    "memorysetup-main-allocator-block-size=16777216"
    "memorysetup-thread-allocator-block-size=16777216"
    "memorysetup-gfx-main-allocator-block-size=16777216"
    "memorysetup-gfx-thread-allocator-block-size=16777216"
    "memorysetup-cache-allocator-block-size=4194304"
    "memorysetup-typetree-allocator-block-size=2097152"
    "memorysetup-profiler-bucket-allocator-granularity=16"
    "memorysetup-profiler-bucket-allocator-bucket-count=8"
    "memorysetup-profiler-bucket-allocator-block-size=33554432"
    "memorysetup-profiler-bucket-allocator-block-count=8"
    "memorysetup-profiler-allocator-block-size=16777216"
    "memorysetup-profiler-editor-allocator-block-size=1048576"
    "memorysetup-temp-allocator-size-main=16777216"
    "memorysetup-job-temp-allocator-block-size=2097152"
    "memorysetup-job-temp-allocator-block-size-background=1048576"
    "memorysetup-job-temp-allocator-reduction-small-platforms=262144"
    "memorysetup-temp-allocator-size-cloud-worker=32768"
Player connection [37168]  Target information:

Player connection [37168]  * "[IP] 192.168.0.26 [Port] 0 [Flags] 2 [Guid] 11300193 [EditorId] 11300193 [Version] 1048832 [Id] WindowsEditor(7,PinkPig) [Debug] 1 [PackageName] WindowsEditor [ProjectName] Editor" 

Player connection [37168] Host joined multi-casting on [225.0.0.222:54997]...
Player connection [37168] Host joined alternative multi-casting on [225.0.0.222:34997]...
JobSystem: Creating JobQueue using job-worker-count value 7
Input System module state changed to: Initialized.
[Physics::Module] Initialized fallback backend.
[Physics::Module] Id: 0xdecafbad
Library Redirect Path: Library/
[Physics::Module] Selected backend.
[Physics::Module] Name: PhysX
[Physics::Module] Id: 0xf2b8ea05
[Physics::Module] SDK Version: 4.1.2
[Physics::Module] Integration Version: 1.0.0
[Physics::Module] Threading Mode: Multi-Threaded
Refreshing native plugins compatible for Editor in 18.86 ms, found 8 plugins.
Preloading 0 native plugins for Editor in 0.00 ms.
Initialize engine version: 6000.3.17f1 (cf0352b38e81)
[Subsystems] Discovering subsystems at path C:/Program Files/Unity/Hub/Editor/6000.3.17f1/Editor/Data/Resources/UnitySubsystems
[Subsystems] Discovering subsystems at path C:/Git/GitHub/HanessTest/My project/Assets
GfxDevice: creating device client; kGfxThreadingModeNonThreaded
d3d12: failed to query info queue interface (0x80004002).
Direct3D:
    Version:         Direct3D 12 [level 12.2]
    Renderer:        NVIDIA GeForce RTX 4050 Laptop GPU (ID=0x28e1)
    Vendor:          NVIDIA
    VRAM:            5921 MB
    App VRAM Budget: 5153 MB
    Driver:          32.0.15.6626
Initialize mono
Mono path[0] = 'C:/Program Files/Unity/Hub/Editor/6000.3.17f1/Editor/Data/Managed'
Mono path[1] = 'C:/Program Files/Unity/Hub/Editor/6000.3.17f1/Editor/Data/MonoBleedingEdge/lib/mono/unityjit-win32'
Mono config path = 'C:/Program Files/Unity/Hub/Editor/6000.3.17f1/Editor/Data/MonoBleedingEdge/etc'
Using monoOptions --debugger-agent=transport=dt_socket,embedding=1,server=y,suspend=n,address=127.0.0.1:56028
Begin MonoManager ReloadAssembly
Registering precompiled unity dll's ...
Register platform support module: C:/Program Files/Unity/Hub/Editor/6000.3.17f1/Editor/Data/PlaybackEngines/WindowsStandaloneSupport/UnityEditor.WindowsStandalone.Extensions.dll
[Licensing::Module] Licensing is not yet initialized.
[Licensing::Client] Error: HandshakeResponse reported an error:
	ResponseCode: 505
	ResponseStatus: Unsupported protocol version '1.18.1'.
[Licensing::Module] Error: Failed to handshake to channel: "LicenseClient-gimch"
[Licensing::IpcConnector] LicenseClient-gimch channel disconnected successfully.
[Licensing::IpcConnector] Successfully connected to: "LicenseClient-gimch-6000.3.17" at "2026-08-31T08:37:17.5035888Z"
[Licensing::Client] Code 10 while verifying Licensing Client signature (process Id: 7008, path: "C:/Program Files/Unity/Hub/Editor/6000.3.17f1/Editor/Data/Resources/Licensing/Client/Unity.Licensing.Client.exe")
[Licensing::Module] LicensingClient has failed validation; ignoring
[Licensing::Client] Handshaking with LicensingClient:
  Version:                 1.18.1+9fbee8e
  Session Id:              f124c19d35c5473f9f626e76519e9f36
  Correlation Id:          5c665a1ab462caa32d17b9627d97ca52
  External correlation Id: 5051922695518201817
  Machine Id:              qYODGWtciqlND+gpT+KAP1aicpw=
[Licensing::Module] Successfully connected to LicensingClient on channel: "LicenseClient-gimch-6000.3.17" (connect: 0.00s, validation: 0.00s, handshake: 0.01s)
[Licensing::IpcConnector] Successfully connected to: "LicenseClient-gimch-6000.3.17-notifications" at "2026-08-31T08:37:17.5156364Z"
[Licensing::Module] Licensing Background thread has ended after 2.34s
[Licensing::Module] Licensing is initialized (took 0.75s).
[Licensing::Client] Successfully resolved entitlement details
[Licensing::Module] License group:
  Id: 14568713557572-UnityPersXXXX
  Product: Unity Personal
  Type: Assigned
  Expiration: Unlimited
Register platform support module: C:/Program Files/Unity/Hub/Editor/6000.3.17f1/Editor/Data/PlaybackEngines/AndroidPlayer/UnityEditor.Android.Extensions.dll
Registered in 0.753706 seconds.
- Loaded All Assemblies, in  1.173 seconds
Native extension for Android target not found
Native extension for WindowsStandalone target not found
Package Manager log level set to [2]
[Package Manager] Failed to launch server process. Reason: Unity was launched with the -noUpm command-line argument
[Package Manager] Unable to send message (not connected to server process).
[Package Manager] Cannot connect to Unity Package Manager local server
ScheduleIndexationOnStartup MainProcess:False IndexOnStartup:True
Mono: successfully reloaded assembly
- Finished resetting the current domain, in  0.441 seconds
Domain Reload Profiling: 1611ms
	BeginReloadAssembly (139ms)
		ExecutionOrderSort (0ms)
		DisableScriptedObjects (0ms)
		BackupInstance (0ms)
		ReleaseScriptingObjects (0ms)
		CreateAndSetChildDomain (1ms)
	RebuildCommonClasses (39ms)
	RebuildNativeTypeToScriptingClass (12ms)
	initialDomainReloadingComplete (801ms)
	LoadAllAssembliesAndSetupDomain (179ms)
		LoadAssemblies (137ms)
		RebuildTransferFunctionScriptingTraits (0ms)
		AnalyzeDomain (174ms)
			TypeCache.Refresh (172ms)
				TypeCache.ScanAssembly (159ms)
			BuildScriptInfoCaches (0ms)
			ResolveRequiredComponents (0ms)
	FinalizeReload (441ms)
		ReleaseScriptCaches (0ms)
		RebuildScriptCaches (0ms)
		SetupLoadedEditorAssemblies (382ms)
			LogAssemblyErrors (0ms)
			InitializePlatformSupportModulesInManaged (58ms)
			SetLoadedEditorAssemblies (5ms)
			BeforeProcessingInitializeOnLoad (88ms)
			ProcessInitializeOnLoadAttributes (152ms)
			ProcessInitializeOnLoadMethodAttributes (79ms)
			AfterProcessingInitializeOnLoad (0ms)
			EditorAssembliesLoaded (0ms)
		ExecutionOrderSort2 (0ms)
		AwakeInstancesAfterBackupRestoration (0ms)
========================================================================
Worker process is ready to serve import requests
Import Worker Mode flag is 0x00
Begin MonoManager ReloadAssembly
[Licensing::Client] Successfully resolved entitlement details
Symbol file LoadedFromMemory is not a mono symbol file
- Loaded All Assemblies, in  1.243 seconds
Refreshing native plugins compatible for Editor in 12.13 ms, found 8 plugins.
Native extension for Android target not found
Native extension for WindowsStandalone target not found
[Package Manager] Failed to launch server process. Reason: Unity was launched with the -noUpm command-line argument
[Package Manager] Unable to send message (not connected to server process).
[Package Manager] Cannot connect to Unity Package Manager local server
Refreshing native plugins compatible for Editor in 13.53 ms, found 8 plugins.
[Package Manager] Failed to launch server process. Reason: Unity was launched with the -noUpm command-line argument
[Package Manager] Unable to send message (not connected to server process).
[Package Manager] Cannot connect to Unity Package Manager local server
ScheduleIndexationOnStartup MainProcess:False IndexOnStartup:True
Mono: successfully reloaded assembly
- Finished resetting the current domain, in  1.120 seconds
Domain Reload Profiling: 2355ms
	BeginReloadAssembly (188ms)
		ExecutionOrderSort (0ms)
		DisableScriptedObjects (6ms)
		BackupInstance (0ms)
		ReleaseScriptingObjects (0ms)
		CreateAndSetChildDomain (37ms)
	RebuildCommonClasses (40ms)
	RebuildNativeTypeToScriptingClass (11ms)
	initialDomainReloadingComplete (51ms)
	LoadAllAssembliesAndSetupDomain (945ms)
		LoadAssemblies (646ms)
		RebuildTransferFunctionScriptingTraits (0ms)
		AnalyzeDomain (399ms)
			TypeCache.Refresh (279ms)
				TypeCache.ScanAssembly (256ms)
			BuildScriptInfoCaches (102ms)
			ResolveRequiredComponents (13ms)
	FinalizeReload (1120ms)
		ReleaseScriptCaches (0ms)
		RebuildScriptCaches (0ms)
		SetupLoadedEditorAssemblies (921ms)
			LogAssemblyErrors (0ms)
			InitializePlatformSupportModulesInManaged (8ms)
			SetLoadedEditorAssemblies (10ms)
			BeforeProcessingInitializeOnLoad (295ms)
			ProcessInitializeOnLoadAttributes (502ms)
			ProcessInitializeOnLoadMethodAttributes (99ms)
			AfterProcessingInitializeOnLoad (6ms)
			EditorAssembliesLoaded (1ms)
		ExecutionOrderSort2 (0ms)
		AwakeInstancesAfterBackupRestoration (6ms)
WARNING: Shader Unsupported: 'Spine/Outline/SkeletonGraphic' - All subshaders removed
WARNING: Shader Did you use #pragma only_renderers and omit this platform?
WARNING: Shader If subshaders removal was intentional, you may have forgotten turning Fallback off?
WARNING: Shader Unsupported: 'Spine/Outline/SkeletonGraphic' - All subshaders removed
WARNING: Shader Did you use #pragma only_renderers and omit this platform?
WARNING: Shader If subshaders removal was intentional, you may have forgotten turning Fallback off?
WARNING: Shader Unsupported: 'Spine/Outline/Special/Skeleton Grayscale' - All subshaders removed
WARNING: Shader Did you use #pragma only_renderers and omit this platform?
WARNING: Shader If subshaders removal was intentional, you may have forgotten turning Fallback off?
WARNING: Shader Unsupported: 'Spine/Outline/Special/Skeleton Grayscale' - All subshaders removed
WARNING: Shader Did you use #pragma only_renderers and omit this platform?
WARNING: Shader If subshaders removal was intentional, you may have forgotten turning Fallback off?
WARNING: Shader Unsupported: 'Spine/Outline/Sprite/Vertex Lit' - All subshaders removed
WARNING: Shader Did you use #pragma only_renderers and omit this platform?
WARNING: Shader If subshaders removal was intentional, you may have forgotten turning Fallback off?
WARNING: Shader Unsupported: 'Spine/Outline/Sprite/Vertex Lit' - All subshaders removed
WARNING: Shader Did you use #pragma only_renderers and omit this platform?
WARNING: Shader If subshaders removal was intentional, you may have forgotten turning Fallback off?
WARNING: Shader Unsupported: 'Spine/Outline/SkeletonGraphic Tint Black' - All subshaders removed
WARNING: Shader Did you use #pragma only_renderers and omit this platform?
WARNING: Shader If subshaders removal was intentional, you may have forgotten turning Fallback off?
WARNING: Shader Unsupported: 'Spine/Outline/SkeletonGraphic Tint Black' - All subshaders removed
WARNING: Shader Did you use #pragma only_renderers and omit this platform?
WARNING: Shader If subshaders removal was intentional, you may have forgotten turning Fallback off?
WARNING: Shader Unsupported: 'Spine/Outline/Skeleton Lit ZWrite' - All subshaders removed
WARNING: Shader Did you use #pragma only_renderers and omit this platform?
WARNING: Shader If subshaders removal was intentional, you may have forgotten turning Fallback off?
WARNING: Shader Unsupported: 'Spine/Outline/Skeleton Lit ZWrite' - All subshaders removed
WARNING: Shader Did you use #pragma only_renderers and omit this platform?
WARNING: Shader If subshaders removal was intentional, you may have forgotten turning Fallback off?
WARNING: Shader Unsupported: 'Spine/Outline/Skeleton Fill' - All subshaders removed
WARNING: Shader Did you use #pragma only_renderers and omit this platform?
WARNING: Shader If subshaders removal was intentional, you may have forgotten turning Fallback off?
WARNING: Shader Unsupported: 'Spine/Outline/Skeleton Fill' - All subshaders removed
WARNING: Shader Did you use #pragma only_renderers and omit this platform?
WARNING: Shader If subshaders removal was intentional, you may have forgotten turning Fallback off?
WARNING: Shader Unsupported: 'Spine/Outline/Blend Modes/Skeleton PMA Additive' - All subshaders removed
WARNING: Shader Did you use #pragma only_renderers and omit this platform?
WARNING: Shader If subshaders removal was intentional, you may have forgotten turning Fallback off?
WARNING: Shader Unsupported: 'Spine/Outline/Blend Modes/Skeleton PMA Additive' - All subshaders removed
WARNING: Shader Did you use #pragma only_renderers and omit this platform?
WARNING: Shader If subshaders removal was intentional, you may have forgotten turning Fallback off?
WARNING: Shader Unsupported: 'Spine/Outline/Skeleton Lit' - All subshaders removed
WARNING: Shader Did you use #pragma only_renderers and omit this platform?
WARNING: Shader If subshaders removal was intentional, you may have forgotten turning Fallback off?
WARNING: Shader Unsupported: 'Spine/Outline/Skeleton Lit' - All subshaders removed
WARNING: Shader Did you use #pragma only_renderers and omit this platform?
WARNING: Shader If subshaders removal was intentional, you may have forgotten turning Fallback off?
WARNING: Shader Unsupported: 'Spine/Outline/Sprite/Unlit' - All subshaders removed
WARNING: Shader Did you use #pragma only_renderers and omit this platform?
WARNING: Shader If subshaders removal was intentional, you may have forgotten turning Fallback off?
WARNING: Shader Unsupported: 'Spine/Outline/Sprite/Unlit' - All subshaders removed
WARNING: Shader Did you use #pragma only_renderers and omit this platform?
WARNING: Shader If subshaders removal was intentional, you may have forgotten turning Fallback off?
WARNING: Shader Unsupported: 'Spine/Outline/Skeleton Tint' - All subshaders removed
WARNING: Shader Did you use #pragma only_renderers and omit this platform?
WARNING: Shader If subshaders removal was intentional, you may have forgotten turning Fallback off?
WARNING: Shader Unsupported: 'Spine/Outline/Skeleton Tint' - All subshaders removed
WARNING: Shader Did you use #pragma only_renderers and omit this platform?
WARNING: Shader If subshaders removal was intentional, you may have forgotten turning Fallback off?
WARNING: Shader Unsupported: 'Spine/Outline/Sprite/Pixel Lit' - All subshaders removed
WARNING: Shader Did you use #pragma only_renderers and omit this platform?
WARNING: Shader If subshaders removal was intentional, you may have forgotten turning Fallback off?
WARNING: Shader Unsupported: 'Spine/Outline/Sprite/Pixel Lit' - All subshaders removed
WARNING: Shader Did you use #pragma only_renderers and omit this platform?
WARNING: Shader If subshaders removal was intentional, you may have forgotten turning Fallback off?
WARNING: Shader Unsupported: 'Spine/Outline/Skeleton' - All subshaders removed
WARNING: Shader Did you use #pragma only_renderers and omit this platform?
WARNING: Shader If subshaders removal was intentional, you may have forgotten turning Fallback off?
WARNING: Shader Unsupported: 'Spine/Outline/Skeleton' - All subshaders removed
WARNING: Shader Did you use #pragma only_renderers and omit this platform?
WARNING: Shader If subshaders removal was intentional, you may have forgotten turning Fallback off?
WARNING: Shader Unsupported: 'Spine/Outline/Blend Modes/Skeleton PMA Screen' - All subshaders removed
WARNING: Shader Did you use #pragma only_renderers and omit this platform?
WARNING: Shader If subshaders removal was intentional, you may have forgotten turning Fallback off?
WARNING: Shader Unsupported: 'Spine/Outline/Blend Modes/Skeleton PMA Screen' - All subshaders removed
WARNING: Shader Did you use #pragma only_renderers and omit this platform?
WARNING: Shader If subshaders removal was intentional, you may have forgotten turning Fallback off?
WARNING: Shader Unsupported: 'Spine/Outline/Skeleton Tint Black' - All subshaders removed
WARNING: Shader Did you use #pragma only_renderers and omit this platform?
WARNING: Shader If subshaders removal was intentional, you may have forgotten turning Fallback off?
WARNING: Shader Unsupported: 'Spine/Outline/Skeleton Tint Black' - All subshaders removed
WARNING: Shader Did you use #pragma only_renderers and omit this platform?
WARNING: Shader If subshaders removal was intentional, you may have forgotten turning Fallback off?
WARNING: Shader Unsupported: 'Spine/Outline/Blend Modes/Skeleton PMA Multiply' - All subshaders removed
WARNING: Shader Did you use #pragma only_renderers and omit this platform?
WARNING: Shader If subshaders removal was intentional, you may have forgotten turning Fallback off?
WARNING: Shader Unsupported: 'Spine/Outline/Blend Modes/Skeleton PMA Multiply' - All subshaders removed
WARNING: Shader Did you use #pragma only_renderers and omit this platform?
WARNING: Shader If subshaders removal was intentional, you may have forgotten turning Fallback off?
Launched and connected shader compiler UnityShaderCompiler.exe after 0.01 seconds
Refreshing native plugins compatible for Editor in 12.26 ms, found 8 plugins.
Preloading 0 native plugins for Editor in 0.00 ms.
Unloading 31 Unused Serialized files (Serialized files now loaded: 0)
Unloading 10400 unused Assets / (9.2 MB). Loaded Objects now: 11214.
Memory consumption went from 190.8 MB to 181.6 MB.
Total: 15.326100 ms (FindLiveObjects: 1.290900 ms CreateObjectMapping: 1.510400 ms MarkObjects: 6.687400 ms  DeleteObjects: 5.835600 ms)

========================================================================
Received Prepare
Begin MonoManager ReloadAssembly
Symbol file LoadedFromMemory is not a mono symbol file
- Loaded All Assemblies, in  1.243 seconds
Refreshing native plugins compatible for Editor in 11.06 ms, found 8 plugins.
Native extension for Android target not found
Native extension for WindowsStandalone target not found
[Package Manager] Failed to launch server process. Reason: Unity was launched with the -noUpm command-line argument
[Package Manager] Unable to send message (not connected to server process).
[Package Manager] Cannot connect to Unity Package Manager local server
[Package Manager] Failed to launch server process. Reason: Unity was launched with the -noUpm command-line argument
[Package Manager] Unable to send message (not connected to server process).
[Package Manager] Cannot connect to Unity Package Manager local server
ScheduleIndexationOnStartup MainProcess:False IndexOnStartup:True
Mono: successfully reloaded assembly
- Finished resetting the current domain, in  1.107 seconds
Domain Reload Profiling: 2349ms
	BeginReloadAssembly (263ms)
		ExecutionOrderSort (0ms)
		DisableScriptedObjects (14ms)
		BackupInstance (0ms)
		ReleaseScriptingObjects (0ms)
		CreateAndSetChildDomain (67ms)
	RebuildCommonClasses (39ms)
	RebuildNativeTypeToScriptingClass (13ms)
	initialDomainReloadingComplete (40ms)
	LoadAllAssembliesAndSetupDomain (887ms)
		LoadAssemblies (679ms)
		RebuildTransferFunctionScriptingTraits (0ms)
		AnalyzeDomain (308ms)
			TypeCache.Refresh (8ms)
				TypeCache.ScanAssembly (0ms)
			BuildScriptInfoCaches (279ms)
			ResolveRequiredComponents (14ms)
	FinalizeReload (1108ms)
		ReleaseScriptCaches (0ms)
		RebuildScriptCaches (0ms)
		SetupLoadedEditorAssemblies (895ms)
			LogAssemblyErrors (0ms)
			InitializePlatformSupportModulesInManaged (8ms)
			SetLoadedEditorAssemblies (9ms)
			BeforeProcessingInitializeOnLoad (313ms)
			ProcessInitializeOnLoadAttributes (442ms)
			ProcessInitializeOnLoadMethodAttributes (109ms)
			AfterProcessingInitializeOnLoad (11ms)
			EditorAssembliesLoaded (1ms)
		ExecutionOrderSort2 (0ms)
		AwakeInstancesAfterBackupRestoration (29ms)
WARNING: Shader Unsupported: 'Spine/Outline/SkeletonGraphic' - All subshaders removed
WARNING: Shader Did you use #pragma only_renderers and omit this platform?
WARNING: Shader If subshaders removal was intentional, you may have forgotten turning Fallback off?
WARNING: Shader Unsupported: 'Spine/Outline/SkeletonGraphic' - All subshaders removed
WARNING: Shader Did you use #pragma only_renderers and omit this platform?
WARNING: Shader If subshaders removal was intentional, you may have forgotten turning Fallback off?
WARNING: Shader Unsupported: 'Spine/Outline/Special/Skeleton Grayscale' - All subshaders removed
WARNING: Shader Did you use #pragma only_renderers and omit this platform?
WARNING: Shader If subshaders removal was intentional, you may have forgotten turning Fallback off?
WARNING: Shader Unsupported: 'Spine/Outline/Special/Skeleton Grayscale' - All subshaders removed
WARNING: Shader Did you use #pragma only_renderers and omit this platform?
WARNING: Shader If subshaders removal was intentional, you may have forgotten turning Fallback off?
WARNING: Shader Unsupported: 'Spine/Outline/Sprite/Vertex Lit' - All subshaders removed
WARNING: Shader Did you use #pragma only_renderers and omit this platform?
WARNING: Shader If subshaders removal was intentional, you may have forgotten turning Fallback off?
WARNING: Shader Unsupported: 'Spine/Outline/Sprite/Vertex Lit' - All subshaders removed
WARNING: Shader Did you use #pragma only_renderers and omit this platform?
WARNING: Shader If subshaders removal was intentional, you may have forgotten turning Fallback off?
WARNING: Shader Unsupported: 'Spine/Outline/SkeletonGraphic Tint Black' - All subshaders removed
WARNING: Shader Did you use #pragma only_renderers and omit this platform?
WARNING: Shader If subshaders removal was intentional, you may have forgotten turning Fallback off?
WARNING: Shader Unsupported: 'Spine/Outline/SkeletonGraphic Tint Black' - All subshaders removed
WARNING: Shader Did you use #pragma only_renderers and omit this platform?
WARNING: Shader If subshaders removal was intentional, you may have forgotten turning Fallback off?
WARNING: Shader Unsupported: 'Spine/Outline/Skeleton Lit ZWrite' - All subshaders removed
WARNING: Shader Did you use #pragma only_renderers and omit this platform?
WARNING: Shader If subshaders removal was intentional, you may have forgotten turning Fallback off?
WARNING: Shader Unsupported: 'Spine/Outline/Skeleton Lit ZWrite' - All subshaders removed
WARNING: Shader Did you use #pragma only_renderers and omit this platform?
WARNING: Shader If subshaders removal was intentional, you may have forgotten turning Fallback off?
WARNING: Shader Unsupported: 'Spine/Outline/Skeleton Fill' - All subshaders removed
WARNING: Shader Did you use #pragma only_renderers and omit this platform?
WARNING: Shader If subshaders removal was intentional, you may have forgotten turning Fallback off?
WARNING: Shader Unsupported: 'Spine/Outline/Skeleton Fill' - All subshaders removed
WARNING: Shader Did you use #pragma only_renderers and omit this platform?
WARNING: Shader If subshaders removal was intentional, you may have forgotten turning Fallback off?
WARNING: Shader Unsupported: 'Spine/Outline/Blend Modes/Skeleton PMA Additive' - All subshaders removed
WARNING: Shader Did you use #pragma only_renderers and omit this platform?
WARNING: Shader If subshaders removal was intentional, you may have forgotten turning Fallback off?
WARNING: Shader Unsupported: 'Spine/Outline/Blend Modes/Skeleton PMA Additive' - All subshaders removed
WARNING: Shader Did you use #pragma only_renderers and omit this platform?
WARNING: Shader If subshaders removal was intentional, you may have forgotten turning Fallback off?
WARNING: Shader Unsupported: 'Spine/Outline/Skeleton Lit' - All subshaders removed
WARNING: Shader Did you use #pragma only_renderers and omit this platform?
WARNING: Shader If subshaders removal was intentional, you may have forgotten turning Fallback off?
WARNING: Shader Unsupported: 'Spine/Outline/Skeleton Lit' - All subshaders removed
WARNING: Shader Did you use #pragma only_renderers and omit this platform?
WARNING: Shader If subshaders removal was intentional, you may have forgotten turning Fallback off?
WARNING: Shader Unsupported: 'Spine/Outline/Sprite/Unlit' - All subshaders removed
WARNING: Shader Did you use #pragma only_renderers and omit this platform?
WARNING: Shader If subshaders removal was intentional, you may have forgotten turning Fallback off?
WARNING: Shader Unsupported: 'Spine/Outline/Sprite/Unlit' - All subshaders removed
WARNING: Shader Did you use #pragma only_renderers and omit this platform?
WARNING: Shader If subshaders removal was intentional, you may have forgotten turning Fallback off?
WARNING: Shader Unsupported: 'Spine/Outline/Skeleton Tint' - All subshaders removed
WARNING: Shader Did you use #pragma only_renderers and omit this platform?
WARNING: Shader If subshaders removal was intentional, you may have forgotten turning Fallback off?
WARNING: Shader Unsupported: 'Spine/Outline/Skeleton Tint' - All subshaders removed
WARNING: Shader Did you use #pragma only_renderers and omit this platform?
WARNING: Shader If subshaders removal was intentional, you may have forgotten turning Fallback off?
WARNING: Shader Unsupported: 'Spine/Outline/Sprite/Pixel Lit' - All subshaders removed
WARNING: Shader Did you use #pragma only_renderers and omit this platform?
WARNING: Shader If subshaders removal was intentional, you may have forgotten turning Fallback off?
WARNING: Shader Unsupported: 'Spine/Outline/Sprite/Pixel Lit' - All subshaders removed
WARNING: Shader Did you use #pragma only_renderers and omit this platform?
WARNING: Shader If subshaders removal was intentional, you may have forgotten turning Fallback off?
WARNING: Shader Unsupported: 'Spine/Outline/Skeleton' - All subshaders removed
WARNING: Shader Did you use #pragma only_renderers and omit this platform?
WARNING: Shader If subshaders removal was intentional, you may have forgotten turning Fallback off?
WARNING: Shader Unsupported: 'Spine/Outline/Skeleton' - All subshaders removed
WARNING: Shader Did you use #pragma only_renderers and omit this platform?
WARNING: Shader If subshaders removal was intentional, you may have forgotten turning Fallback off?
WARNING: Shader Unsupported: 'Spine/Outline/Blend Modes/Skeleton PMA Screen' - All subshaders removed
WARNING: Shader Did you use #pragma only_renderers and omit this platform?
WARNING: Shader If subshaders removal was intentional, you may have forgotten turning Fallback off?
WARNING: Shader Unsupported: 'Spine/Outline/Blend Modes/Skeleton PMA Screen' - All subshaders removed
WARNING: Shader Did you use #pragma only_renderers and omit this platform?
WARNING: Shader If subshaders removal was intentional, you may have forgotten turning Fallback off?
WARNING: Shader Unsupported: 'Spine/Outline/Skeleton Tint Black' - All subshaders removed
WARNING: Shader Did you use #pragma only_renderers and omit this platform?
WARNING: Shader If subshaders removal was intentional, you may have forgotten turning Fallback off?
WARNING: Shader Unsupported: 'Spine/Outline/Skeleton Tint Black' - All subshaders removed
WARNING: Shader Did you use #pragma only_renderers and omit this platform?
WARNING: Shader If subshaders removal was intentional, you may have forgotten turning Fallback off?
WARNING: Shader Unsupported: 'Spine/Outline/Blend Modes/Skeleton PMA Multiply' - All subshaders removed
WARNING: Shader Did you use #pragma only_renderers and omit this platform?
WARNING: Shader If subshaders removal was intentional, you may have forgotten turning Fallback off?
WARNING: Shader Unsupported: 'Spine/Outline/Blend Modes/Skeleton PMA Multiply' - All subshaders removed
WARNING: Shader Did you use #pragma only_renderers and omit this platform?
WARNING: Shader If subshaders removal was intentional, you may have forgotten turning Fallback off?
Refreshing native plugins compatible for Editor in 11.53 ms, found 8 plugins.
Preloading 0 native plugins for Editor in 0.00 ms.
Unloading 31 Unused Serialized files (Serialized files now loaded: 0)
Unloading 10398 unused Assets / (5.8 MB). Loaded Objects now: 11221.
Memory consumption went from 190.0 MB to 184.2 MB.
Total: 12.960800 ms (FindLiveObjects: 1.126200 ms CreateObjectMapping: 1.666000 ms MarkObjects: 6.564600 ms  DeleteObjects: 3.602700 ms)

Prepare: number of updated asset objects reloaded= 0
========================================================================
Received Prepare
Begin MonoManager ReloadAssembly
Symbol file LoadedFromMemory is not a mono symbol file
- Loaded All Assemblies, in  1.199 seconds
Refreshing native plugins compatible for Editor in 11.73 ms, found 8 plugins.
Native extension for Android target not found
Native extension for WindowsStandalone target not found
[Package Manager] Failed to launch server process. Reason: Unity was launched with the -noUpm command-line argument
[Package Manager] Unable to send message (not connected to server process).
[Package Manager] Cannot connect to Unity Package Manager local server
[Package Manager] Failed to launch server process. Reason: Unity was launched with the -noUpm command-line argument
[Package Manager] Unable to send message (not connected to server process).
[Package Manager] Cannot connect to Unity Package Manager local server
ScheduleIndexationOnStartup MainProcess:False IndexOnStartup:True
Mono: successfully reloaded assembly
- Finished resetting the current domain, in  1.108 seconds
Domain Reload Profiling: 2307ms
	BeginReloadAssembly (256ms)
		ExecutionOrderSort (0ms)
		DisableScriptedObjects (15ms)
		BackupInstance (0ms)
		ReleaseScriptingObjects (0ms)
		CreateAndSetChildDomain (65ms)
	RebuildCommonClasses (41ms)
	RebuildNativeTypeToScriptingClass (13ms)
	initialDomainReloadingComplete (38ms)
	LoadAllAssembliesAndSetupDomain (850ms)
		LoadAssemblies (642ms)
		RebuildTransferFunctionScriptingTraits (0ms)
		AnalyzeDomain (314ms)
			TypeCache.Refresh (9ms)
				TypeCache.ScanAssembly (0ms)
			BuildScriptInfoCaches (286ms)
			ResolveRequiredComponents (13ms)
	FinalizeReload (1109ms)
		ReleaseScriptCaches (0ms)
		RebuildScriptCaches (0ms)
		SetupLoadedEditorAssemblies (915ms)
			LogAssemblyErrors (0ms)
			InitializePlatformSupportModulesInManaged (10ms)
			SetLoadedEditorAssemblies (9ms)
			BeforeProcessingInitializeOnLoad (338ms)
			ProcessInitializeOnLoadAttributes (433ms)
			ProcessInitializeOnLoadMethodAttributes (117ms)
			AfterProcessingInitializeOnLoad (7ms)
			EditorAssembliesLoaded (1ms)
		ExecutionOrderSort2 (0ms)
		AwakeInstancesAfterBackupRestoration (21ms)
WARNING: Shader Unsupported: 'Spine/Outline/SkeletonGraphic' - All subshaders removed
WARNING: Shader Did you use #pragma only_renderers and omit this platform?
WARNING: Shader If subshaders removal was intentional, you may have forgotten turning Fallback off?
WARNING: Shader Unsupported: 'Spine/Outline/SkeletonGraphic' - All subshaders removed
WARNING: Shader Did you use #pragma only_renderers and omit this platform?
WARNING: Shader If subshaders removal was intentional, you may have forgotten turning Fallback off?
WARNING: Shader Unsupported: 'Spine/Outline/Special/Skeleton Grayscale' - All subshaders removed
WARNING: Shader Did you use #pragma only_renderers and omit this platform?
WARNING: Shader If subshaders removal was intentional, you may have forgotten turning Fallback off?
WARNING: Shader Unsupported: 'Spine/Outline/Special/Skeleton Grayscale' - All subshaders removed
WARNING: Shader Did you use #pragma only_renderers and omit this platform?
WARNING: Shader If subshaders removal was intentional, you may have forgotten turning Fallback off?
WARNING: Shader Unsupported: 'Spine/Outline/Sprite/Vertex Lit' - All subshaders removed
WARNING: Shader Did you use #pragma only_renderers and omit this platform?
WARNING: Shader If subshaders removal was intentional, you may have forgotten turning Fallback off?
WARNING: Shader Unsupported: 'Spine/Outline/Sprite/Vertex Lit' - All subshaders removed
WARNING: Shader Did you use #pragma only_renderers and omit this platform?
WARNING: Shader If subshaders removal was intentional, you may have forgotten turning Fallback off?
WARNING: Shader Unsupported: 'Spine/Outline/SkeletonGraphic Tint Black' - All subshaders removed
WARNING: Shader Did you use #pragma only_renderers and omit this platform?
WARNING: Shader If subshaders removal was intentional, you may have forgotten turning Fallback off?
WARNING: Shader Unsupported: 'Spine/Outline/SkeletonGraphic Tint Black' - All subshaders removed
WARNING: Shader Did you use #pragma only_renderers and omit this platform?
WARNING: Shader If subshaders removal was intentional, you may have forgotten turning Fallback off?
WARNING: Shader Unsupported: 'Spine/Outline/Skeleton Lit ZWrite' - All subshaders removed
WARNING: Shader Did you use #pragma only_renderers and omit this platform?
WARNING: Shader If subshaders removal was intentional, you may have forgotten turning Fallback off?
WARNING: Shader Unsupported: 'Spine/Outline/Skeleton Lit ZWrite' - All subshaders removed
WARNING: Shader Did you use #pragma only_renderers and omit this platform?
WARNING: Shader If subshaders removal was intentional, you may have forgotten turning Fallback off?
WARNING: Shader Unsupported: 'Spine/Outline/Skeleton Fill' - All subshaders removed
WARNING: Shader Did you use #pragma only_renderers and omit this platform?
WARNING: Shader If subshaders removal was intentional, you may have forgotten turning Fallback off?
WARNING: Shader Unsupported: 'Spine/Outline/Skeleton Fill' - All subshaders removed
WARNING: Shader Did you use #pragma only_renderers and omit this platform?
WARNING: Shader If subshaders removal was intentional, you may have forgotten turning Fallback off?
WARNING: Shader Unsupported: 'Spine/Outline/Blend Modes/Skeleton PMA Additive' - All subshaders removed
WARNING: Shader Did you use #pragma only_renderers and omit this platform?
WARNING: Shader If subshaders removal was intentional, you may have forgotten turning Fallback off?
WARNING: Shader Unsupported: 'Spine/Outline/Blend Modes/Skeleton PMA Additive' - All subshaders removed
WARNING: Shader Did you use #pragma only_renderers and omit this platform?
WARNING: Shader If subshaders removal was intentional, you may have forgotten turning Fallback off?
WARNING: Shader Unsupported: 'Spine/Outline/Skeleton Lit' - All subshaders removed
WARNING: Shader Did you use #pragma only_renderers and omit this platform?
WARNING: Shader If subshaders removal was intentional, you may have forgotten turning Fallback off?
WARNING: Shader Unsupported: 'Spine/Outline/Skeleton Lit' - All subshaders removed
WARNING: Shader Did you use #pragma only_renderers and omit this platform?
WARNING: Shader If subshaders removal was intentional, you may have forgotten turning Fallback off?
WARNING: Shader Unsupported: 'Spine/Outline/Sprite/Unlit' - All subshaders removed
WARNING: Shader Did you use #pragma only_renderers and omit this platform?
WARNING: Shader If subshaders removal was intentional, you may have forgotten turning Fallback off?
WARNING: Shader Unsupported: 'Spine/Outline/Sprite/Unlit' - All subshaders removed
WARNING: Shader Did you use #pragma only_renderers and omit this platform?
WARNING: Shader If subshaders removal was intentional, you may have forgotten turning Fallback off?
WARNING: Shader Unsupported: 'Spine/Outline/Skeleton Tint' - All subshaders removed
WARNING: Shader Did you use #pragma only_renderers and omit this platform?
WARNING: Shader If subshaders removal was intentional, you may have forgotten turning Fallback off?
WARNING: Shader Unsupported: 'Spine/Outline/Skeleton Tint' - All subshaders removed
WARNING: Shader Did you use #pragma only_renderers and omit this platform?
WARNING: Shader If subshaders removal was intentional, you may have forgotten turning Fallback off?
WARNING: Shader Unsupported: 'Spine/Outline/Sprite/Pixel Lit' - All subshaders removed
WARNING: Shader Did you use #pragma only_renderers and omit this platform?
WARNING: Shader If subshaders removal was intentional, you may have forgotten turning Fallback off?
WARNING: Shader Unsupported: 'Spine/Outline/Sprite/Pixel Lit' - All subshaders removed
WARNING: Shader Did you use #pragma only_renderers and omit this platform?
WARNING: Shader If subshaders removal was intentional, you may have forgotten turning Fallback off?
WARNING: Shader Unsupported: 'Spine/Outline/Skeleton' - All subshaders removed
WARNING: Shader Did you use #pragma only_renderers and omit this platform?
WARNING: Shader If subshaders removal was intentional, you may have forgotten turning Fallback off?
WARNING: Shader Unsupported: 'Spine/Outline/Skeleton' - All subshaders removed
WARNING: Shader Did you use #pragma only_renderers and omit this platform?
WARNING: Shader If subshaders removal was intentional, you may have forgotten turning Fallback off?
WARNING: Shader Unsupported: 'Spine/Outline/Blend Modes/Skeleton PMA Screen' - All subshaders removed
WARNING: Shader Did you use #pragma only_renderers and omit this platform?
WARNING: Shader If subshaders removal was intentional, you may have forgotten turning Fallback off?
WARNING: Shader Unsupported: 'Spine/Outline/Blend Modes/Skeleton PMA Screen' - All subshaders removed
WARNING: Shader Did you use #pragma only_renderers and omit this platform?
WARNING: Shader If subshaders removal was intentional, you may have forgotten turning Fallback off?
WARNING: Shader Unsupported: 'Spine/Outline/Skeleton Tint Black' - All subshaders removed
WARNING: Shader Did you use #pragma only_renderers and omit this platform?
WARNING: Shader If subshaders removal was intentional, you may have forgotten turning Fallback off?
WARNING: Shader Unsupported: 'Spine/Outline/Skeleton Tint Black' - All subshaders removed
WARNING: Shader Did you use #pragma only_renderers and omit this platform?
WARNING: Shader If subshaders removal was intentional, you may have forgotten turning Fallback off?
WARNING: Shader Unsupported: 'Spine/Outline/Blend Modes/Skeleton PMA Multiply' - All subshaders removed
WARNING: Shader Did you use #pragma only_renderers and omit this platform?
WARNING: Shader If subshaders removal was intentional, you may have forgotten turning Fallback off?
WARNING: Shader Unsupported: 'Spine/Outline/Blend Modes/Skeleton PMA Multiply' - All subshaders removed
WARNING: Shader Did you use #pragma only_renderers and omit this platform?
WARNING: Shader If subshaders removal was intentional, you may have forgotten turning Fallback off?
Refreshing native plugins compatible for Editor in 12.52 ms, found 8 plugins.
Preloading 0 native plugins for Editor in 0.00 ms.
Unloading 31 Unused Serialized files (Serialized files now loaded: 0)
Unloading 10398 unused Assets / (5.9 MB). Loaded Objects now: 11227.
Memory consumption went from 193.6 MB to 187.7 MB.
Total: 14.769800 ms (FindLiveObjects: 1.700800 ms CreateObjectMapping: 2.205900 ms MarkObjects: 6.667600 ms  DeleteObjects: 4.193900 ms)

Prepare: number of updated asset objects reloaded= 0
========================================================================
Received Import Request.
  Time since last request: 277280.461597 seconds.
  path: Assets/Scenes/GameScene.unity
  artifactKey: Guid(8c9cfa26abfee488c85f1582747f6a02) Importer(815301076,1909f56bfc062723c751e8b465ee728b)
Start importing Assets/Scenes/GameScene.unity using Guid(8c9cfa26abfee488c85f1582747f6a02) Importer(815301076,1909f56bfc062723c751e8b465ee728b) (PreviewImporter) -> (artifact id: 'd5d958387e5d286d9f4fed0d4de79279') in 0.0067379 seconds
Number of updated asset objects reloaded before import = 0Number of asset objects unloaded after import = 0

========================================================================
Received Import Request.
  Time since last request: 22.461378 seconds.
  path: Assets/Model/Gacha/New Material.mat
  artifactKey: Guid(78a1d204ae6978e488591d4b320d52d4) Importer(815301076,1909f56bfc062723c751e8b465ee728b)
Start importing Assets/Model/Gacha/New Material.mat using Guid(78a1d204ae6978e488591d4b320d52d4) Importer(815301076,1909f56bfc062723c751e8b465ee728b) (PreviewImporter) -> (artifact id: '1d2e7af97b7278f70b8bfad4aec858b0') in 0.4383604 seconds
Number of updated asset objects reloaded before import = 0Number of asset objects unloaded after import = 10

========================================================================
Received Prepare
WARNING: Shader Unsupported: 'Spine/Outline/SkeletonGraphic' - All subshaders removed
WARNING: Shader Did you use #pragma only_renderers and omit this platform?
WARNING: Shader If subshaders removal was intentional, you may have forgotten turning Fallback off?
WARNING: Shader Unsupported: 'Spine/Outline/SkeletonGraphic' - All subshaders removed
WARNING: Shader Did you use #pragma only_renderers and omit this platform?
WARNING: Shader If subshaders removal was intentional, you may have forgotten turning Fallback off?
WARNING: Shader Unsupported: 'Spine/Outline/Special/Skeleton Grayscale' - All subshaders removed
WARNING: Shader Did you use #pragma only_renderers and omit this platform?
WARNING: Shader If subshaders removal was intentional, you may have forgotten turning Fallback off?
WARNING: Shader Unsupported: 'Spine/Outline/Special/Skeleton Grayscale' - All subshaders removed
WARNING: Shader Did you use #pragma only_renderers and omit this platform?
WARNING: Shader If subshaders removal was intentional, you may have forgotten turning Fallback off?
WARNING: Shader Unsupported: 'Spine/Outline/Sprite/Vertex Lit' - All subshaders removed
WARNING: Shader Did you use #pragma only_renderers and omit this platform?
WARNING: Shader If subshaders removal was intentional, you may have forgotten turning Fallback off?
WARNING: Shader Unsupported: 'Spine/Outline/Sprite/Vertex Lit' - All subshaders removed
WARNING: Shader Did you use #pragma only_renderers and omit this platform?
WARNING: Shader If subshaders removal was intentional, you may have forgotten turning Fallback off?
WARNING: Shader Unsupported: 'Spine/Outline/SkeletonGraphic Tint Black' - All subshaders removed
WARNING: Shader Did you use #pragma only_renderers and omit this platform?
WARNING: Shader If subshaders removal was intentional, you may have forgotten turning Fallback off?
WARNING: Shader Unsupported: 'Spine/Outline/SkeletonGraphic Tint Black' - All subshaders removed
WARNING: Shader Did you use #pragma only_renderers and omit this platform?
WARNING: Shader If subshaders removal was intentional, you may have forgotten turning Fallback off?
WARNING: Shader Unsupported: 'Spine/Outline/Skeleton Lit ZWrite' - All subshaders removed
WARNING: Shader Did you use #pragma only_renderers and omit this platform?
WARNING: Shader If subshaders removal was intentional, you may have forgotten turning Fallback off?
WARNING: Shader Unsupported: 'Spine/Outline/Skeleton Lit ZWrite' - All subshaders removed
WARNING: Shader Did you use #pragma only_renderers and omit this platform?
WARNING: Shader If subshaders removal was intentional, you may have forgotten turning Fallback off?
WARNING: Shader Unsupported: 'Spine/Outline/Skeleton Fill' - All subshaders removed
WARNING: Shader Did you use #pragma only_renderers and omit this platform?
WARNING: Shader If subshaders removal was intentional, you may have forgotten turning Fallback off?
WARNING: Shader Unsupported: 'Spine/Outline/Skeleton Fill' - All subshaders removed
WARNING: Shader Did you use #pragma only_renderers and omit this platform?
WARNING: Shader If subshaders removal was intentional, you may have forgotten turning Fallback off?
WARNING: Shader Unsupported: 'Spine/Outline/Blend Modes/Skeleton PMA Additive' - All subshaders removed
WARNING: Shader Did you use #pragma only_renderers and omit this platform?
WARNING: Shader If subshaders removal was intentional, you may have forgotten turning Fallback off?
WARNING: Shader Unsupported: 'Spine/Outline/Blend Modes/Skeleton PMA Additive' - All subshaders removed
WARNING: Shader Did you use #pragma only_renderers and omit this platform?
WARNING: Shader If subshaders removal was intentional, you may have forgotten turning Fallback off?
WARNING: Shader Unsupported: 'Spine/Outline/Skeleton Lit' - All subshaders removed
WARNING: Shader Did you use #pragma only_renderers and omit this platform?
WARNING: Shader If subshaders removal was intentional, you may have forgotten turning Fallback off?
WARNING: Shader Unsupported: 'Spine/Outline/Skeleton Lit' - All subshaders removed
WARNING: Shader Did you use #pragma only_renderers and omit this platform?
WARNING: Shader If subshaders removal was intentional, you may have forgotten turning Fallback off?
WARNING: Shader Unsupported: 'Spine/Outline/Sprite/Unlit' - All subshaders removed
WARNING: Shader Did you use #pragma only_renderers and omit this platform?
WARNING: Shader If subshaders removal was intentional, you may have forgotten turning Fallback off?
WARNING: Shader Unsupported: 'Spine/Outline/Sprite/Unlit' - All subshaders removed
WARNING: Shader Did you use #pragma only_renderers and omit this platform?
WARNING: Shader If subshaders removal was intentional, you may have forgotten turning Fallback off?
WARNING: Shader Unsupported: 'Spine/Outline/Skeleton Tint' - All subshaders removed
WARNING: Shader Did you use #pragma only_renderers and omit this platform?
WARNING: Shader If subshaders removal was intentional, you may have forgotten turning Fallback off?
WARNING: Shader Unsupported: 'Spine/Outline/Skeleton Tint' - All subshaders removed
WARNING: Shader Did you use #pragma only_renderers and omit this platform?
WARNING: Shader If subshaders removal was intentional, you may have forgotten turning Fallback off?
WARNING: Shader Unsupported: 'Spine/Outline/Sprite/Pixel Lit' - All subshaders removed
WARNING: Shader Did you use #pragma only_renderers and omit this platform?
WARNING: Shader If subshaders removal was intentional, you may have forgotten turning Fallback off?
WARNING: Shader Unsupported: 'Spine/Outline/Sprite/Pixel Lit' - All subshaders removed
WARNING: Shader Did you use #pragma only_renderers and omit this platform?
WARNING: Shader If subshaders removal was intentional, you may have forgotten turning Fallback off?
WARNING: Shader Unsupported: 'Spine/Outline/Skeleton' - All subshaders removed
WARNING: Shader Did you use #pragma only_renderers and omit this platform?
WARNING: Shader If subshaders removal was intentional, you may have forgotten turning Fallback off?
WARNING: Shader Unsupported: 'Spine/Outline/Skeleton' - All subshaders removed
WARNING: Shader Did you use #pragma only_renderers and omit this platform?
WARNING: Shader If subshaders removal was intentional, you may have forgotten turning Fallback off?
WARNING: Shader Unsupported: 'Spine/Outline/Blend Modes/Skeleton PMA Screen' - All subshaders removed
WARNING: Shader Did you use #pragma only_renderers and omit this platform?
WARNING: Shader If subshaders removal was intentional, you may have forgotten turning Fallback off?
WARNING: Shader Unsupported: 'Spine/Outline/Blend Modes/Skeleton PMA Screen' - All subshaders removed
WARNING: Shader Did you use #pragma only_renderers and omit this platform?
WARNING: Shader If subshaders removal was intentional, you may have forgotten turning Fallback off?
WARNING: Shader Unsupported: 'Spine/Outline/Skeleton Tint Black' - All subshaders removed
WARNING: Shader Did you use #pragma only_renderers and omit this platform?
WARNING: Shader If subshaders removal was intentional, you may have forgotten turning Fallback off?
WARNING: Shader Unsupported: 'Spine/Outline/Skeleton Tint Black' - All subshaders removed
WARNING: Shader Did you use #pragma only_renderers and omit this platform?
WARNING: Shader If subshaders removal was intentional, you may have forgotten turning Fallback off?
WARNING: Shader Unsupported: 'Spine/Outline/Blend Modes/Skeleton PMA Multiply' - All subshaders removed
WARNING: Shader Did you use #pragma only_renderers and omit this platform?
WARNING: Shader If subshaders removal was intentional, you may have forgotten turning Fallback off?
WARNING: Shader Unsupported: 'Spine/Outline/Blend Modes/Skeleton PMA Multiply' - All subshaders removed
WARNING: Shader Did you use #pragma only_renderers and omit this platform?
WARNING: Shader If subshaders removal was intentional, you may have forgotten turning Fallback off?
Refreshing native plugins compatible for Editor in 23.56 ms, found 8 plugins.
Preloading 0 native plugins for Editor in 0.00 ms.
Unloading 31 Unused Serialized files (Serialized files now loaded: 0)
Unloading 10317 unused Assets / (5.7 MB). Loaded Objects now: 11415.
Memory consumption went from 193.0 MB to 187.2 MB.
Total: 18.817200 ms (FindLiveObjects: 1.195400 ms CreateObjectMapping: 1.442100 ms MarkObjects: 10.513600 ms  DeleteObjects: 5.664100 ms)

Prepare: number of updated asset objects reloaded= 0
========================================================================
Received Prepare
Begin MonoManager ReloadAssembly
[Licensing::Client] Successfully resolved entitlement details
Symbol file LoadedFromMemory is not a mono symbol file
- Loaded All Assemblies, in  1.799 seconds
Refreshing native plugins compatible for Editor in 22.97 ms, found 8 plugins.
Native extension for Android target not found
Native extension for WindowsStandalone target not found
[Package Manager] Failed to launch server process. Reason: Unity was launched with the -noUpm command-line argument
[Package Manager] Unable to send message (not connected to server process).
[Package Manager] Cannot connect to Unity Package Manager local server
[Package Manager] Failed to launch server process. Reason: Unity was launched with the -noUpm command-line argument
[Package Manager] Unable to send message (not connected to server process).
[Package Manager] Cannot connect to Unity Package Manager local server
ScheduleIndexationOnStartup MainProcess:False IndexOnStartup:True
Mono: successfully reloaded assembly
- Finished resetting the current domain, in  1.937 seconds
Domain Reload Profiling: 3728ms
	BeginReloadAssembly (391ms)
		ExecutionOrderSort (0ms)
		DisableScriptedObjects (43ms)
		BackupInstance (0ms)
		ReleaseScriptingObjects (0ms)
		CreateAndSetChildDomain (105ms)
	RebuildCommonClasses (72ms)
	RebuildNativeTypeToScriptingClass (20ms)
	initialDomainReloadingComplete (62ms)
	LoadAllAssembliesAndSetupDomain (1245ms)
		LoadAssemblies (935ms)
		RebuildTransferFunctionScriptingTraits (0ms)
		AnalyzeDomain (457ms)
			TypeCache.Refresh (17ms)
				TypeCache.ScanAssembly (2ms)
			BuildScriptInfoCaches (415ms)
			ResolveRequiredComponents (18ms)
	FinalizeReload (1938ms)
		ReleaseScriptCaches (0ms)
		RebuildScriptCaches (0ms)
		SetupLoadedEditorAssemblies (1609ms)
			LogAssemblyErrors (0ms)
			InitializePlatformSupportModulesInManaged (16ms)
			SetLoadedEditorAssemblies (15ms)
			BeforeProcessingInitializeOnLoad (541ms)
			ProcessInitializeOnLoadAttributes (836ms)
			ProcessInitializeOnLoadMethodAttributes (191ms)
			AfterProcessingInitializeOnLoad (9ms)
			EditorAssembliesLoaded (1ms)
		ExecutionOrderSort2 (0ms)
		AwakeInstancesAfterBackupRestoration (34ms)
WARNING: Shader Unsupported: 'Spine/Outline/SkeletonGraphic' - All subshaders removed
WARNING: Shader Did you use #pragma only_renderers and omit this platform?
WARNING: Shader If subshaders removal was intentional, you may have forgotten turning Fallback off?
WARNING: Shader Unsupported: 'Spine/Outline/SkeletonGraphic' - All subshaders removed
WARNING: Shader Did you use #pragma only_renderers and omit this platform?
WARNING: Shader If subshaders removal was intentional, you may have forgotten turning Fallback off?
WARNING: Shader Unsupported: 'Spine/Outline/Special/Skeleton Grayscale' - All subshaders removed
WARNING: Shader Did you use #pragma only_renderers and omit this platform?
WARNING: Shader If subshaders removal was intentional, you may have forgotten turning Fallback off?
WARNING: Shader Unsupported: 'Spine/Outline/Special/Skeleton Grayscale' - All subshaders removed
WARNING: Shader Did you use #pragma only_renderers and omit this platform?
WARNING: Shader If subshaders removal was intentional, you may have forgotten turning Fallback off?
WARNING: Shader Unsupported: 'Spine/Outline/Sprite/Vertex Lit' - All subshaders removed
WARNING: Shader Did you use #pragma only_renderers and omit this platform?
WARNING: Shader If subshaders removal was intentional, you may have forgotten turning Fallback off?
WARNING: Shader Unsupported: 'Spine/Outline/Sprite/Vertex Lit' - All subshaders removed
WARNING: Shader Did you use #pragma only_renderers and omit this platform?
WARNING: Shader If subshaders removal was intentional, you may have forgotten turning Fallback off?
WARNING: Shader Unsupported: 'Spine/Outline/SkeletonGraphic Tint Black' - All subshaders removed
WARNING: Shader Did you use #pragma only_renderers and omit this platform?
WARNING: Shader If subshaders removal was intentional, you may have forgotten turning Fallback off?
WARNING: Shader Unsupported: 'Spine/Outline/SkeletonGraphic Tint Black' - All subshaders removed
WARNING: Shader Did you use #pragma only_renderers and omit this platform?
WARNING: Shader If subshaders removal was intentional, you may have forgotten turning Fallback off?
WARNING: Shader Unsupported: 'Spine/Outline/Skeleton Lit ZWrite' - All subshaders removed
WARNING: Shader Did you use #pragma only_renderers and omit this platform?
WARNING: Shader If subshaders removal was intentional, you may have forgotten turning Fallback off?
WARNING: Shader Unsupported: 'Spine/Outline/Skeleton Lit ZWrite' - All subshaders removed
WARNING: Shader Did you use #pragma only_renderers and omit this platform?
WARNING: Shader If subshaders removal was intentional, you may have forgotten turning Fallback off?
WARNING: Shader Unsupported: 'Spine/Outline/Skeleton Fill' - All subshaders removed
WARNING: Shader Did you use #pragma only_renderers and omit this platform?
WARNING: Shader If subshaders removal was intentional, you may have forgotten turning Fallback off?
WARNING: Shader Unsupported: 'Spine/Outline/Skeleton Fill' - All subshaders removed
WARNING: Shader Did you use #pragma only_renderers and omit this platform?
WARNING: Shader If subshaders removal was intentional, you may have forgotten turning Fallback off?
WARNING: Shader Unsupported: 'Spine/Outline/Blend Modes/Skeleton PMA Additive' - All subshaders removed
WARNING: Shader Did you use #pragma only_renderers and omit this platform?
WARNING: Shader If subshaders removal was intentional, you may have forgotten turning Fallback off?
WARNING: Shader Unsupported: 'Spine/Outline/Blend Modes/Skeleton PMA Additive' - All subshaders removed
WARNING: Shader Did you use #pragma only_renderers and omit this platform?
WARNING: Shader If subshaders removal was intentional, you may have forgotten turning Fallback off?
WARNING: Shader Unsupported: 'Spine/Outline/Skeleton Lit' - All subshaders removed
WARNING: Shader Did you use #pragma only_renderers and omit this platform?
WARNING: Shader If subshaders removal was intentional, you may have forgotten turning Fallback off?
WARNING: Shader Unsupported: 'Spine/Outline/Skeleton Lit' - All subshaders removed
WARNING: Shader Did you use #pragma only_renderers and omit this platform?
WARNING: Shader If subshaders removal was intentional, you may have forgotten turning Fallback off?
WARNING: Shader Unsupported: 'Spine/Outline/Sprite/Unlit' - All subshaders removed
WARNING: Shader Did you use #pragma only_renderers and omit this platform?
WARNING: Shader If subshaders removal was intentional, you may have forgotten turning Fallback off?
WARNING: Shader Unsupported: 'Spine/Outline/Sprite/Unlit' - All subshaders removed
WARNING: Shader Did you use #pragma only_renderers and omit this platform?
WARNING: Shader If subshaders removal was intentional, you may have forgotten turning Fallback off?
WARNING: Shader Unsupported: 'Spine/Outline/Skeleton Tint' - All subshaders removed
WARNING: Shader Did you use #pragma only_renderers and omit this platform?
WARNING: Shader If subshaders removal was intentional, you may have forgotten turning Fallback off?
WARNING: Shader Unsupported: 'Spine/Outline/Skeleton Tint' - All subshaders removed
WARNING: Shader Did you use #pragma only_renderers and omit this platform?
WARNING: Shader If subshaders removal was intentional, you may have forgotten turning Fallback off?
WARNING: Shader Unsupported: 'Spine/Outline/Sprite/Pixel Lit' - All subshaders removed
WARNING: Shader Did you use #pragma only_renderers and omit this platform?
WARNING: Shader If subshaders removal was intentional, you may have forgotten turning Fallback off?
WARNING: Shader Unsupported: 'Spine/Outline/Sprite/Pixel Lit' - All subshaders removed
WARNING: Shader Did you use #pragma only_renderers and omit this platform?
WARNING: Shader If subshaders removal was intentional, you may have forgotten turning Fallback off?
WARNING: Shader Unsupported: 'Spine/Outline/Skeleton' - All subshaders removed
WARNING: Shader Did you use #pragma only_renderers and omit this platform?
WARNING: Shader If subshaders removal was intentional, you may have forgotten turning Fallback off?
WARNING: Shader Unsupported: 'Spine/Outline/Skeleton' - All subshaders removed
WARNING: Shader Did you use #pragma only_renderers and omit this platform?
WARNING: Shader If subshaders removal was intentional, you may have forgotten turning Fallback off?
WARNING: Shader Unsupported: 'Spine/Outline/Blend Modes/Skeleton PMA Screen' - All subshaders removed
WARNING: Shader Did you use #pragma only_renderers and omit this platform?
WARNING: Shader If subshaders removal was intentional, you may have forgotten turning Fallback off?
WARNING: Shader Unsupported: 'Spine/Outline/Blend Modes/Skeleton PMA Screen' - All subshaders removed
WARNING: Shader Did you use #pragma only_renderers and omit this platform?
WARNING: Shader If subshaders removal was intentional, you may have forgotten turning Fallback off?
WARNING: Shader Unsupported: 'Spine/Outline/Skeleton Tint Black' - All subshaders removed
WARNING: Shader Did you use #pragma only_renderers and omit this platform?
WARNING: Shader If subshaders removal was intentional, you may have forgotten turning Fallback off?
WARNING: Shader Unsupported: 'Spine/Outline/Skeleton Tint Black' - All subshaders removed
WARNING: Shader Did you use #pragma only_renderers and omit this platform?
WARNING: Shader If subshaders removal was intentional, you may have forgotten turning Fallback off?
WARNING: Shader Unsupported: 'Spine/Outline/Blend Modes/Skeleton PMA Multiply' - All subshaders removed
WARNING: Shader Did you use #pragma only_renderers and omit this platform?
WARNING: Shader If subshaders removal was intentional, you may have forgotten turning Fallback off?
WARNING: Shader Unsupported: 'Spine/Outline/Blend Modes/Skeleton PMA Multiply' - All subshaders removed
WARNING: Shader Did you use #pragma only_renderers and omit this platform?
WARNING: Shader If subshaders removal was intentional, you may have forgotten turning Fallback off?
Refreshing native plugins compatible for Editor in 22.03 ms, found 8 plugins.
Preloading 0 native plugins for Editor in 0.00 ms.
Unloading 31 Unused Serialized files (Serialized files now loaded: 0)
Unloading 10398 unused Assets / (5.3 MB). Loaded Objects now: 11297.
Memory consumption went from 198.5 MB to 193.2 MB.
Total: 19.802900 ms (FindLiveObjects: 1.321600 ms CreateObjectMapping: 1.561900 ms MarkObjects: 12.069600 ms  DeleteObjects: 4.847700 ms)

Prepare: number of updated asset objects reloaded= 0
========================================================================
Received Prepare
WARNING: Shader Unsupported: 'Spine/Outline/SkeletonGraphic' - All subshaders removed
WARNING: Shader Did you use #pragma only_renderers and omit this platform?
WARNING: Shader If subshaders removal was intentional, you may have forgotten turning Fallback off?
WARNING: Shader Unsupported: 'Spine/Outline/SkeletonGraphic' - All subshaders removed
WARNING: Shader Did you use #pragma only_renderers and omit this platform?
WARNING: Shader If subshaders removal was intentional, you may have forgotten turning Fallback off?
WARNING: Shader Unsupported: 'Spine/Outline/Special/Skeleton Grayscale' - All subshaders removed
WARNING: Shader Did you use #pragma only_renderers and omit this platform?
WARNING: Shader If subshaders removal was intentional, you may have forgotten turning Fallback off?
WARNING: Shader Unsupported: 'Spine/Outline/Special/Skeleton Grayscale' - All subshaders removed
WARNING: Shader Did you use #pragma only_renderers and omit this platform?
WARNING: Shader If subshaders removal was intentional, you may have forgotten turning Fallback off?
WARNING: Shader Unsupported: 'Spine/Outline/Sprite/Vertex Lit' - All subshaders removed
WARNING: Shader Did you use #pragma only_renderers and omit this platform?
WARNING: Shader If subshaders removal was intentional, you may have forgotten turning Fallback off?
WARNING: Shader Unsupported: 'Spine/Outline/Sprite/Vertex Lit' - All subshaders removed
WARNING: Shader Did you use #pragma only_renderers and omit this platform?
WARNING: Shader If subshaders removal was intentional, you may have forgotten turning Fallback off?
WARNING: Shader Unsupported: 'Spine/Outline/SkeletonGraphic Tint Black' - All subshaders removed
WARNING: Shader Did you use #pragma only_renderers and omit this platform?
WARNING: Shader If subshaders removal was intentional, you may have forgotten turning Fallback off?
WARNING: Shader Unsupported: 'Spine/Outline/SkeletonGraphic Tint Black' - All subshaders removed
WARNING: Shader Did you use #pragma only_renderers and omit this platform?
WARNING: Shader If subshaders removal was intentional, you may have forgotten turning Fallback off?
WARNING: Shader Unsupported: 'Spine/Outline/Skeleton Lit ZWrite' - All subshaders removed
WARNING: Shader Did you use #pragma only_renderers and omit this platform?
WARNING: Shader If subshaders removal was intentional, you may have forgotten turning Fallback off?
WARNING: Shader Unsupported: 'Spine/Outline/Skeleton Lit ZWrite' - All subshaders removed
WARNING: Shader Did you use #pragma only_renderers and omit this platform?
WARNING: Shader If subshaders removal was intentional, you may have forgotten turning Fallback off?
WARNING: Shader Unsupported: 'Spine/Outline/Skeleton Fill' - All subshaders removed
WARNING: Shader Did you use #pragma only_renderers and omit this platform?
WARNING: Shader If subshaders removal was intentional, you may have forgotten turning Fallback off?
WARNING: Shader Unsupported: 'Spine/Outline/Skeleton Fill' - All subshaders removed
WARNING: Shader Did you use #pragma only_renderers and omit this platform?
WARNING: Shader If subshaders removal was intentional, you may have forgotten turning Fallback off?
WARNING: Shader Unsupported: 'Spine/Outline/Blend Modes/Skeleton PMA Additive' - All subshaders removed
WARNING: Shader Did you use #pragma only_renderers and omit this platform?
WARNING: Shader If subshaders removal was intentional, you may have forgotten turning Fallback off?
WARNING: Shader Unsupported: 'Spine/Outline/Blend Modes/Skeleton PMA Additive' - All subshaders removed
WARNING: Shader Did you use #pragma only_renderers and omit this platform?
WARNING: Shader If subshaders removal was intentional, you may have forgotten turning Fallback off?
WARNING: Shader Unsupported: 'Spine/Outline/Skeleton Lit' - All subshaders removed
WARNING: Shader Did you use #pragma only_renderers and omit this platform?
WARNING: Shader If subshaders removal was intentional, you may have forgotten turning Fallback off?
WARNING: Shader Unsupported: 'Spine/Outline/Skeleton Lit' - All subshaders removed
WARNING: Shader Did you use #pragma only_renderers and omit this platform?
WARNING: Shader If subshaders removal was intentional, you may have forgotten turning Fallback off?
WARNING: Shader Unsupported: 'Spine/Outline/Sprite/Unlit' - All subshaders removed
WARNING: Shader Did you use #pragma only_renderers and omit this platform?
WARNING: Shader If subshaders removal was intentional, you may have forgotten turning Fallback off?
WARNING: Shader Unsupported: 'Spine/Outline/Sprite/Unlit' - All subshaders removed
WARNING: Shader Did you use #pragma only_renderers and omit this platform?
WARNING: Shader If subshaders removal was intentional, you may have forgotten turning Fallback off?
WARNING: Shader Unsupported: 'Spine/Outline/Skeleton Tint' - All subshaders removed
WARNING: Shader Did you use #pragma only_renderers and omit this platform?
WARNING: Shader If subshaders removal was intentional, you may have forgotten turning Fallback off?
WARNING: Shader Unsupported: 'Spine/Outline/Skeleton Tint' - All subshaders removed
WARNING: Shader Did you use #pragma only_renderers and omit this platform?
WARNING: Shader If subshaders removal was intentional, you may have forgotten turning Fallback off?
WARNING: Shader Unsupported: 'Spine/Outline/Sprite/Pixel Lit' - All subshaders removed
WARNING: Shader Did you use #pragma only_renderers and omit this platform?
WARNING: Shader If subshaders removal was intentional, you may have forgotten turning Fallback off?
WARNING: Shader Unsupported: 'Spine/Outline/Sprite/Pixel Lit' - All subshaders removed
WARNING: Shader Did you use #pragma only_renderers and omit this platform?
WARNING: Shader If subshaders removal was intentional, you may have forgotten turning Fallback off?
WARNING: Shader Unsupported: 'Spine/Outline/Skeleton' - All subshaders removed
WARNING: Shader Did you use #pragma only_renderers and omit this platform?
WARNING: Shader If subshaders removal was intentional, you may have forgotten turning Fallback off?
WARNING: Shader Unsupported: 'Spine/Outline/Skeleton' - All subshaders removed
WARNING: Shader Did you use #pragma only_renderers and omit this platform?
WARNING: Shader If subshaders removal was intentional, you may have forgotten turning Fallback off?
WARNING: Shader Unsupported: 'Spine/Outline/Blend Modes/Skeleton PMA Screen' - All subshaders removed
WARNING: Shader Did you use #pragma only_renderers and omit this platform?
WARNING: Shader If subshaders removal was intentional, you may have forgotten turning Fallback off?
WARNING: Shader Unsupported: 'Spine/Outline/Blend Modes/Skeleton PMA Screen' - All subshaders removed
WARNING: Shader Did you use #pragma only_renderers and omit this platform?
WARNING: Shader If subshaders removal was intentional, you may have forgotten turning Fallback off?
WARNING: Shader Unsupported: 'Spine/Outline/Skeleton Tint Black' - All subshaders removed
WARNING: Shader Did you use #pragma only_renderers and omit this platform?
WARNING: Shader If subshaders removal was intentional, you may have forgotten turning Fallback off?
WARNING: Shader Unsupported: 'Spine/Outline/Skeleton Tint Black' - All subshaders removed
WARNING: Shader Did you use #pragma only_renderers and omit this platform?
WARNING: Shader If subshaders removal was intentional, you may have forgotten turning Fallback off?
WARNING: Shader Unsupported: 'Spine/Outline/Blend Modes/Skeleton PMA Multiply' - All subshaders removed
WARNING: Shader Did you use #pragma only_renderers and omit this platform?
WARNING: Shader If subshaders removal was intentional, you may have forgotten turning Fallback off?
WARNING: Shader Unsupported: 'Spine/Outline/Blend Modes/Skeleton PMA Multiply' - All subshaders removed
WARNING: Shader Did you use #pragma only_renderers and omit this platform?
WARNING: Shader If subshaders removal was intentional, you may have forgotten turning Fallback off?
Refreshing native plugins compatible for Editor in 20.43 ms, found 8 plugins.
Preloading 0 native plugins for Editor in 0.00 ms.
Unloading 31 Unused Serialized files (Serialized files now loaded: 0)
Unloading 10317 unused Assets / (5.5 MB). Loaded Objects now: 11297.
Memory consumption went from 201.3 MB to 195.8 MB.
Total: 15.888900 ms (FindLiveObjects: 1.188600 ms CreateObjectMapping: 1.772700 ms MarkObjects: 8.380400 ms  DeleteObjects: 4.546000 ms)

Prepare: number of updated asset objects reloaded= 0
========================================================================
Received Prepare
Begin MonoManager ReloadAssembly
Symbol file LoadedFromMemory is not a mono symbol file
- Loaded All Assemblies, in  1.052 seconds
Refreshing native plugins compatible for Editor in 12.66 ms, found 8 plugins.
Native extension for Android target not found
Native extension for WindowsStandalone target not found
[Package Manager] Failed to launch server process. Reason: Unity was launched with the -noUpm command-line argument
[Package Manager] Unable to send message (not connected to server process).
[Package Manager] Cannot connect to Unity Package Manager local server
[Package Manager] Failed to launch server process. Reason: Unity was launched with the -noUpm command-line argument
[Package Manager] Unable to send message (not connected to server process).
[Package Manager] Cannot connect to Unity Package Manager local server
ScheduleIndexationOnStartup MainProcess:False IndexOnStartup:True
Mono: successfully reloaded assembly
- Finished resetting the current domain, in  1.002 seconds
Domain Reload Profiling: 2054ms
	BeginReloadAssembly (233ms)
		ExecutionOrderSort (0ms)
		DisableScriptedObjects (14ms)
		BackupInstance (0ms)
		ReleaseScriptingObjects (0ms)
		CreateAndSetChildDomain (59ms)
	RebuildCommonClasses (34ms)
	RebuildNativeTypeToScriptingClass (12ms)
	initialDomainReloadingComplete (34ms)
	LoadAllAssembliesAndSetupDomain (738ms)
		LoadAssemblies (552ms)
		RebuildTransferFunctionScriptingTraits (0ms)
		AnalyzeDomain (280ms)
			TypeCache.Refresh (14ms)
				TypeCache.ScanAssembly (1ms)
			BuildScriptInfoCaches (249ms)
			ResolveRequiredComponents (12ms)
	FinalizeReload (1003ms)
		ReleaseScriptCaches (0ms)
		RebuildScriptCaches (0ms)
		SetupLoadedEditorAssemblies (810ms)
			LogAssemblyErrors (0ms)
			InitializePlatformSupportModulesInManaged (8ms)
			SetLoadedEditorAssemblies (8ms)
			BeforeProcessingInitializeOnLoad (282ms)
			ProcessInitializeOnLoadAttributes (403ms)
			ProcessInitializeOnLoadMethodAttributes (102ms)
			AfterProcessingInitializeOnLoad (6ms)
			EditorAssembliesLoaded (1ms)
		ExecutionOrderSort2 (0ms)
		AwakeInstancesAfterBackupRestoration (20ms)
WARNING: Shader Unsupported: 'Spine/Outline/SkeletonGraphic' - All subshaders removed
WARNING: Shader Did you use #pragma only_renderers and omit this platform?
WARNING: Shader If subshaders removal was intentional, you may have forgotten turning Fallback off?
WARNING: Shader Unsupported: 'Spine/Outline/SkeletonGraphic' - All subshaders removed
WARNING: Shader Did you use #pragma only_renderers and omit this platform?
WARNING: Shader If subshaders removal was intentional, you may have forgotten turning Fallback off?
WARNING: Shader Unsupported: 'Spine/Outline/Special/Skeleton Grayscale' - All subshaders removed
WARNING: Shader Did you use #pragma only_renderers and omit this platform?
WARNING: Shader If subshaders removal was intentional, you may have forgotten turning Fallback off?
WARNING: Shader Unsupported: 'Spine/Outline/Special/Skeleton Grayscale' - All subshaders removed
WARNING: Shader Did you use #pragma only_renderers and omit this platform?
WARNING: Shader If subshaders removal was intentional, you may have forgotten turning Fallback off?
WARNING: Shader Unsupported: 'Spine/Outline/Sprite/Vertex Lit' - All subshaders removed
WARNING: Shader Did you use #pragma only_renderers and omit this platform?
WARNING: Shader If subshaders removal was intentional, you may have forgotten turning Fallback off?
WARNING: Shader Unsupported: 'Spine/Outline/Sprite/Vertex Lit' - All subshaders removed
WARNING: Shader Did you use #pragma only_renderers and omit this platform?
WARNING: Shader If subshaders removal was intentional, you may have forgotten turning Fallback off?
WARNING: Shader Unsupported: 'Spine/Outline/SkeletonGraphic Tint Black' - All subshaders removed
WARNING: Shader Did you use #pragma only_renderers and omit this platform?
WARNING: Shader If subshaders removal was intentional, you may have forgotten turning Fallback off?
WARNING: Shader Unsupported: 'Spine/Outline/SkeletonGraphic Tint Black' - All subshaders removed
WARNING: Shader Did you use #pragma only_renderers and omit this platform?
WARNING: Shader If subshaders removal was intentional, you may have forgotten turning Fallback off?
WARNING: Shader Unsupported: 'Spine/Outline/Skeleton Lit ZWrite' - All subshaders removed
WARNING: Shader Did you use #pragma only_renderers and omit this platform?
WARNING: Shader If subshaders removal was intentional, you may have forgotten turning Fallback off?
WARNING: Shader Unsupported: 'Spine/Outline/Skeleton Lit ZWrite' - All subshaders removed
WARNING: Shader Did you use #pragma only_renderers and omit this platform?
WARNING: Shader If subshaders removal was intentional, you may have forgotten turning Fallback off?
WARNING: Shader Unsupported: 'Spine/Outline/Skeleton Fill' - All subshaders removed
WARNING: Shader Did you use #pragma only_renderers and omit this platform?
WARNING: Shader If subshaders removal was intentional, you may have forgotten turning Fallback off?
WARNING: Shader Unsupported: 'Spine/Outline/Skeleton Fill' - All subshaders removed
WARNING: Shader Did you use #pragma only_renderers and omit this platform?
WARNING: Shader If subshaders removal was intentional, you may have forgotten turning Fallback off?
WARNING: Shader Unsupported: 'Spine/Outline/Blend Modes/Skeleton PMA Additive' - All subshaders removed
WARNING: Shader Did you use #pragma only_renderers and omit this platform?
WARNING: Shader If subshaders removal was intentional, you may have forgotten turning Fallback off?
WARNING: Shader Unsupported: 'Spine/Outline/Blend Modes/Skeleton PMA Additive' - All subshaders removed
WARNING: Shader Did you use #pragma only_renderers and omit this platform?
WARNING: Shader If subshaders removal was intentional, you may have forgotten turning Fallback off?
WARNING: Shader Unsupported: 'Spine/Outline/Skeleton Lit' - All subshaders removed
WARNING: Shader Did you use #pragma only_renderers and omit this platform?
WARNING: Shader If subshaders removal was intentional, you may have forgotten turning Fallback off?
WARNING: Shader Unsupported: 'Spine/Outline/Skeleton Lit' - All subshaders removed
WARNING: Shader Did you use #pragma only_renderers and omit this platform?
WARNING: Shader If subshaders removal was intentional, you may have forgotten turning Fallback off?
WARNING: Shader Unsupported: 'Spine/Outline/Sprite/Unlit' - All subshaders removed
WARNING: Shader Did you use #pragma only_renderers and omit this platform?
WARNING: Shader If subshaders removal was intentional, you may have forgotten turning Fallback off?
WARNING: Shader Unsupported: 'Spine/Outline/Sprite/Unlit' - All subshaders removed
WARNING: Shader Did you use #pragma only_renderers and omit this platform?
WARNING: Shader If subshaders removal was intentional, you may have forgotten turning Fallback off?
WARNING: Shader Unsupported: 'Spine/Outline/Skeleton Tint' - All subshaders removed
WARNING: Shader Did you use #pragma only_renderers and omit this platform?
WARNING: Shader If subshaders removal was intentional, you may have forgotten turning Fallback off?
WARNING: Shader Unsupported: 'Spine/Outline/Skeleton Tint' - All subshaders removed
WARNING: Shader Did you use #pragma only_renderers and omit this platform?
WARNING: Shader If subshaders removal was intentional, you may have forgotten turning Fallback off?
WARNING: Shader Unsupported: 'Spine/Outline/Sprite/Pixel Lit' - All subshaders removed
WARNING: Shader Did you use #pragma only_renderers and omit this platform?
WARNING: Shader If subshaders removal was intentional, you may have forgotten turning Fallback off?
WARNING: Shader Unsupported: 'Spine/Outline/Sprite/Pixel Lit' - All subshaders removed
WARNING: Shader Did you use #pragma only_renderers and omit this platform?
WARNING: Shader If subshaders removal was intentional, you may have forgotten turning Fallback off?
WARNING: Shader Unsupported: 'Spine/Outline/Skeleton' - All subshaders removed
WARNING: Shader Did you use #pragma only_renderers and omit this platform?
WARNING: Shader If subshaders removal was intentional, you may have forgotten turning Fallback off?
WARNING: Shader Unsupported: 'Spine/Outline/Skeleton' - All subshaders removed
WARNING: Shader Did you use #pragma only_renderers and omit this platform?
WARNING: Shader If subshaders removal was intentional, you may have forgotten turning Fallback off?
WARNING: Shader Unsupported: 'Spine/Outline/Blend Modes/Skeleton PMA Screen' - All subshaders removed
WARNING: Shader Did you use #pragma only_renderers and omit this platform?
WARNING: Shader If subshaders removal was intentional, you may have forgotten turning Fallback off?
WARNING: Shader Unsupported: 'Spine/Outline/Blend Modes/Skeleton PMA Screen' - All subshaders removed
WARNING: Shader Did you use #pragma only_renderers and omit this platform?
WARNING: Shader If subshaders removal was intentional, you may have forgotten turning Fallback off?
WARNING: Shader Unsupported: 'Spine/Outline/Skeleton Tint Black' - All subshaders removed
WARNING: Shader Did you use #pragma only_renderers and omit this platform?
WARNING: Shader If subshaders removal was intentional, you may have forgotten turning Fallback off?
WARNING: Shader Unsupported: 'Spine/Outline/Skeleton Tint Black' - All subshaders removed
WARNING: Shader Did you use #pragma only_renderers and omit this platform?
WARNING: Shader If subshaders removal was intentional, you may have forgotten turning Fallback off?
WARNING: Shader Unsupported: 'Spine/Outline/Blend Modes/Skeleton PMA Multiply' - All subshaders removed
WARNING: Shader Did you use #pragma only_renderers and omit this platform?
WARNING: Shader If subshaders removal was intentional, you may have forgotten turning Fallback off?
WARNING: Shader Unsupported: 'Spine/Outline/Blend Modes/Skeleton PMA Multiply' - All subshaders removed
WARNING: Shader Did you use #pragma only_renderers and omit this platform?
WARNING: Shader If subshaders removal was intentional, you may have forgotten turning Fallback off?
Refreshing native plugins compatible for Editor in 11.36 ms, found 8 plugins.
Preloading 0 native plugins for Editor in 0.00 ms.
Unloading 31 Unused Serialized files (Serialized files now loaded: 0)
Unloading 10398 unused Assets / (6.5 MB). Loaded Objects now: 11303.
Memory consumption went from 205.3 MB to 198.8 MB.
Total: 13.142200 ms (FindLiveObjects: 1.100400 ms CreateObjectMapping: 1.287400 ms MarkObjects: 6.175900 ms  DeleteObjects: 4.577000 ms)

Prepare: number of updated asset objects reloaded= 0
========================================================================
Received Prepare
WARNING: Shader Unsupported: 'Spine/Outline/SkeletonGraphic' - All subshaders removed
WARNING: Shader Did you use #pragma only_renderers and omit this platform?
WARNING: Shader If subshaders removal was intentional, you may have forgotten turning Fallback off?
WARNING: Shader Unsupported: 'Spine/Outline/SkeletonGraphic' - All subshaders removed
WARNING: Shader Did you use #pragma only_renderers and omit this platform?
WARNING: Shader If subshaders removal was intentional, you may have forgotten turning Fallback off?
WARNING: Shader Unsupported: 'Spine/Outline/Special/Skeleton Grayscale' - All subshaders removed
WARNING: Shader Did you use #pragma only_renderers and omit this platform?
WARNING: Shader If subshaders removal was intentional, you may have forgotten turning Fallback off?
WARNING: Shader Unsupported: 'Spine/Outline/Special/Skeleton Grayscale' - All subshaders removed
WARNING: Shader Did you use #pragma only_renderers and omit this platform?
WARNING: Shader If subshaders removal was intentional, you may have forgotten turning Fallback off?
WARNING: Shader Unsupported: 'Spine/Outline/Sprite/Vertex Lit' - All subshaders removed
WARNING: Shader Did you use #pragma only_renderers and omit this platform?
WARNING: Shader If subshaders removal was intentional, you may have forgotten turning Fallback off?
WARNING: Shader Unsupported: 'Spine/Outline/Sprite/Vertex Lit' - All subshaders removed
WARNING: Shader Did you use #pragma only_renderers and omit this platform?
WARNING: Shader If subshaders removal was intentional, you may have forgotten turning Fallback off?
WARNING: Shader Unsupported: 'Spine/Outline/SkeletonGraphic Tint Black' - All subshaders removed
WARNING: Shader Did you use #pragma only_renderers and omit this platform?
WARNING: Shader If subshaders removal was intentional, you may have forgotten turning Fallback off?
WARNING: Shader Unsupported: 'Spine/Outline/SkeletonGraphic Tint Black' - All subshaders removed
WARNING: Shader Did you use #pragma only_renderers and omit this platform?
WARNING: Shader If subshaders removal was intentional, you may have forgotten turning Fallback off?
WARNING: Shader Unsupported: 'Spine/Outline/Skeleton Lit ZWrite' - All subshaders removed
WARNING: Shader Did you use #pragma only_renderers and omit this platform?
WARNING: Shader If subshaders removal was intentional, you may have forgotten turning Fallback off?
WARNING: Shader Unsupported: 'Spine/Outline/Skeleton Lit ZWrite' - All subshaders removed
WARNING: Shader Did you use #pragma only_renderers and omit this platform?
WARNING: Shader If subshaders removal was intentional, you may have forgotten turning Fallback off?
WARNING: Shader Unsupported: 'Spine/Outline/Skeleton Fill' - All subshaders removed
WARNING: Shader Did you use #pragma only_renderers and omit this platform?
WARNING: Shader If subshaders removal was intentional, you may have forgotten turning Fallback off?
WARNING: Shader Unsupported: 'Spine/Outline/Skeleton Fill' - All subshaders removed
WARNING: Shader Did you use #pragma only_renderers and omit this platform?
WARNING: Shader If subshaders removal was intentional, you may have forgotten turning Fallback off?
WARNING: Shader Unsupported: 'Spine/Outline/Blend Modes/Skeleton PMA Additive' - All subshaders removed
WARNING: Shader Did you use #pragma only_renderers and omit this platform?
WARNING: Shader If subshaders removal was intentional, you may have forgotten turning Fallback off?
WARNING: Shader Unsupported: 'Spine/Outline/Blend Modes/Skeleton PMA Additive' - All subshaders removed
WARNING: Shader Did you use #pragma only_renderers and omit this platform?
WARNING: Shader If subshaders removal was intentional, you may have forgotten turning Fallback off?
WARNING: Shader Unsupported: 'Spine/Outline/Skeleton Lit' - All subshaders removed
WARNING: Shader Did you use #pragma only_renderers and omit this platform?
WARNING: Shader If subshaders removal was intentional, you may have forgotten turning Fallback off?
WARNING: Shader Unsupported: 'Spine/Outline/Skeleton Lit' - All subshaders removed
WARNING: Shader Did you use #pragma only_renderers and omit this platform?
WARNING: Shader If subshaders removal was intentional, you may have forgotten turning Fallback off?
WARNING: Shader Unsupported: 'Spine/Outline/Sprite/Unlit' - All subshaders removed
WARNING: Shader Did you use #pragma only_renderers and omit this platform?
WARNING: Shader If subshaders removal was intentional, you may have forgotten turning Fallback off?
WARNING: Shader Unsupported: 'Spine/Outline/Sprite/Unlit' - All subshaders removed
WARNING: Shader Did you use #pragma only_renderers and omit this platform?
WARNING: Shader If subshaders removal was intentional, you may have forgotten turning Fallback off?
WARNING: Shader Unsupported: 'Spine/Outline/Skeleton Tint' - All subshaders removed
WARNING: Shader Did you use #pragma only_renderers and omit this platform?
WARNING: Shader If subshaders removal was intentional, you may have forgotten turning Fallback off?
WARNING: Shader Unsupported: 'Spine/Outline/Skeleton Tint' - All subshaders removed
WARNING: Shader Did you use #pragma only_renderers and omit this platform?
WARNING: Shader If subshaders removal was intentional, you may have forgotten turning Fallback off?
WARNING: Shader Unsupported: 'Spine/Outline/Sprite/Pixel Lit' - All subshaders removed
WARNING: Shader Did you use #pragma only_renderers and omit this platform?
WARNING: Shader If subshaders removal was intentional, you may have forgotten turning Fallback off?
WARNING: Shader Unsupported: 'Spine/Outline/Sprite/Pixel Lit' - All subshaders removed
WARNING: Shader Did you use #pragma only_renderers and omit this platform?
WARNING: Shader If subshaders removal was intentional, you may have forgotten turning Fallback off?
WARNING: Shader Unsupported: 'Spine/Outline/Skeleton' - All subshaders removed
WARNING: Shader Did you use #pragma only_renderers and omit this platform?
WARNING: Shader If subshaders removal was intentional, you may have forgotten turning Fallback off?
WARNING: Shader Unsupported: 'Spine/Outline/Skeleton' - All subshaders removed
WARNING: Shader Did you use #pragma only_renderers and omit this platform?
WARNING: Shader If subshaders removal was intentional, you may have forgotten turning Fallback off?
WARNING: Shader Unsupported: 'Spine/Outline/Blend Modes/Skeleton PMA Screen' - All subshaders removed
WARNING: Shader Did you use #pragma only_renderers and omit this platform?
WARNING: Shader If subshaders removal was intentional, you may have forgotten turning Fallback off?
WARNING: Shader Unsupported: 'Spine/Outline/Blend Modes/Skeleton PMA Screen' - All subshaders removed
WARNING: Shader Did you use #pragma only_renderers and omit this platform?
WARNING: Shader If subshaders removal was intentional, you may have forgotten turning Fallback off?
WARNING: Shader Unsupported: 'Spine/Outline/Skeleton Tint Black' - All subshaders removed
WARNING: Shader Did you use #pragma only_renderers and omit this platform?
WARNING: Shader If subshaders removal was intentional, you may have forgotten turning Fallback off?
WARNING: Shader Unsupported: 'Spine/Outline/Skeleton Tint Black' - All subshaders removed
WARNING: Shader Did you use #pragma only_renderers and omit this platform?
WARNING: Shader If subshaders removal was intentional, you may have forgotten turning Fallback off?
WARNING: Shader Unsupported: 'Spine/Outline/Blend Modes/Skeleton PMA Multiply' - All subshaders removed
WARNING: Shader Did you use #pragma only_renderers and omit this platform?
WARNING: Shader If subshaders removal was intentional, you may have forgotten turning Fallback off?
WARNING: Shader Unsupported: 'Spine/Outline/Blend Modes/Skeleton PMA Multiply' - All subshaders removed
WARNING: Shader Did you use #pragma only_renderers and omit this platform?
WARNING: Shader If subshaders removal was intentional, you may have forgotten turning Fallback off?
Refreshing native plugins compatible for Editor in 11.62 ms, found 8 plugins.
Preloading 0 native plugins for Editor in 0.00 ms.
Unloading 31 Unused Serialized files (Serialized files now loaded: 0)
Unloading 10317 unused Assets / (5.8 MB). Loaded Objects now: 11303.
Memory consumption went from 208.3 MB to 202.6 MB.
Total: 12.020600 ms (FindLiveObjects: 1.013100 ms CreateObjectMapping: 1.083600 ms MarkObjects: 6.086600 ms  DeleteObjects: 3.836200 ms)

Prepare: number of updated asset objects reloaded= 1
========================================================================
Received Import Request.
  Time since last request: 141.871274 seconds.
  path: Assets/Shader/New Material.mat
  artifactKey: Guid(bbc27f3c9465e9b46a1ed48dac9e62bc) Importer(815301076,1909f56bfc062723c751e8b465ee728b)
Start importing Assets/Shader/New Material.mat using Guid(bbc27f3c9465e9b46a1ed48dac9e62bc) Importer(815301076,1909f56bfc062723c751e8b465ee728b) (PreviewImporter) -> (artifact id: '36ef0d48865a048de64baf4df10e05c0') in 0.5144059 seconds
Number of updated asset objects reloaded before import = 0Number of asset objects unloaded after import = 6

========================================================================
Received Prepare
Begin MonoManager ReloadAssembly
[Licensing::Client] Successfully resolved entitlement details
Symbol file LoadedFromMemory is not a mono symbol file
- Loaded All Assemblies, in  1.059 seconds
Refreshing native plugins compatible for Editor in 12.26 ms, found 8 plugins.
Native extension for Android target not found
Native extension for WindowsStandalone target not found
[Package Manager] Failed to launch server process. Reason: Unity was launched with the -noUpm command-line argument
[Package Manager] Unable to send message (not connected to server process).
[Package Manager] Cannot connect to Unity Package Manager local server
[Package Manager] Failed to launch server process. Reason: Unity was launched with the -noUpm command-line argument
[Package Manager] Unable to send message (not connected to server process).
[Package Manager] Cannot connect to Unity Package Manager local server
ScheduleIndexationOnStartup MainProcess:False IndexOnStartup:True
Mono: successfully reloaded assembly
- Finished resetting the current domain, in  1.014 seconds
Domain Reload Profiling: 2072ms
	BeginReloadAssembly (248ms)
		ExecutionOrderSort (0ms)
		DisableScriptedObjects (32ms)
		BackupInstance (0ms)
		ReleaseScriptingObjects (0ms)
		CreateAndSetChildDomain (64ms)
	RebuildCommonClasses (33ms)
	RebuildNativeTypeToScriptingClass (12ms)
	initialDomainReloadingComplete (33ms)
	LoadAllAssembliesAndSetupDomain (731ms)
		LoadAssemblies (551ms)
		RebuildTransferFunctionScriptingTraits (0ms)
		AnalyzeDomain (266ms)
			TypeCache.Refresh (14ms)
				TypeCache.ScanAssembly (1ms)
			BuildScriptInfoCaches (235ms)
			ResolveRequiredComponents (12ms)
	FinalizeReload (1014ms)
		ReleaseScriptCaches (0ms)
		RebuildScriptCaches (0ms)
		SetupLoadedEditorAssemblies (817ms)
			LogAssemblyErrors (0ms)
			InitializePlatformSupportModulesInManaged (8ms)
			SetLoadedEditorAssemblies (10ms)
			BeforeProcessingInitializeOnLoad (291ms)
			ProcessInitializeOnLoadAttributes (402ms)
			ProcessInitializeOnLoadMethodAttributes (99ms)
			AfterProcessingInitializeOnLoad (6ms)
			EditorAssembliesLoaded (1ms)
		ExecutionOrderSort2 (0ms)
		AwakeInstancesAfterBackupRestoration (21ms)
WARNING: Shader Unsupported: 'Spine/Outline/SkeletonGraphic' - All subshaders removed
WARNING: Shader Did you use #pragma only_renderers and omit this platform?
WARNING: Shader If subshaders removal was intentional, you may have forgotten turning Fallback off?
WARNING: Shader Unsupported: 'Spine/Outline/SkeletonGraphic' - All subshaders removed
WARNING: Shader Did you use #pragma only_renderers and omit this platform?
WARNING: Shader If subshaders removal was intentional, you may have forgotten turning Fallback off?
WARNING: Shader Unsupported: 'Spine/Outline/Special/Skeleton Grayscale' - All subshaders removed
WARNING: Shader Did you use #pragma only_renderers and omit this platform?
WARNING: Shader If subshaders removal was intentional, you may have forgotten turning Fallback off?
WARNING: Shader Unsupported: 'Spine/Outline/Special/Skeleton Grayscale' - All subshaders removed
WARNING: Shader Did you use #pragma only_renderers and omit this platform?
WARNING: Shader If subshaders removal was intentional, you may have forgotten turning Fallback off?
WARNING: Shader Unsupported: 'Spine/Outline/Sprite/Vertex Lit' - All subshaders removed
WARNING: Shader Did you use #pragma only_renderers and omit this platform?
WARNING: Shader If subshaders removal was intentional, you may have forgotten turning Fallback off?
WARNING: Shader Unsupported: 'Spine/Outline/Sprite/Vertex Lit' - All subshaders removed
WARNING: Shader Did you use #pragma only_renderers and omit this platform?
WARNING: Shader If subshaders removal was intentional, you may have forgotten turning Fallback off?
WARNING: Shader Unsupported: 'Spine/Outline/SkeletonGraphic Tint Black' - All subshaders removed
WARNING: Shader Did you use #pragma only_renderers and omit this platform?
WARNING: Shader If subshaders removal was intentional, you may have forgotten turning Fallback off?
WARNING: Shader Unsupported: 'Spine/Outline/SkeletonGraphic Tint Black' - All subshaders removed
WARNING: Shader Did you use #pragma only_renderers and omit this platform?
WARNING: Shader If subshaders removal was intentional, you may have forgotten turning Fallback off?
WARNING: Shader Unsupported: 'Spine/Outline/Skeleton Lit ZWrite' - All subshaders removed
WARNING: Shader Did you use #pragma only_renderers and omit this platform?
WARNING: Shader If subshaders removal was intentional, you may have forgotten turning Fallback off?
WARNING: Shader Unsupported: 'Spine/Outline/Skeleton Lit ZWrite' - All subshaders removed
WARNING: Shader Did you use #pragma only_renderers and omit this platform?
WARNING: Shader If subshaders removal was intentional, you may have forgotten turning Fallback off?
WARNING: Shader Unsupported: 'Spine/Outline/Skeleton Fill' - All subshaders removed
WARNING: Shader Did you use #pragma only_renderers and omit this platform?
WARNING: Shader If subshaders removal was intentional, you may have forgotten turning Fallback off?
WARNING: Shader Unsupported: 'Spine/Outline/Skeleton Fill' - All subshaders removed
WARNING: Shader Did you use #pragma only_renderers and omit this platform?
WARNING: Shader If subshaders removal was intentional, you may have forgotten turning Fallback off?
WARNING: Shader Unsupported: 'Spine/Outline/Blend Modes/Skeleton PMA Additive' - All subshaders removed
WARNING: Shader Did you use #pragma only_renderers and omit this platform?
WARNING: Shader If subshaders removal was intentional, you may have forgotten turning Fallback off?
WARNING: Shader Unsupported: 'Spine/Outline/Blend Modes/Skeleton PMA Additive' - All subshaders removed
WARNING: Shader Did you use #pragma only_renderers and omit this platform?
WARNING: Shader If subshaders removal was intentional, you may have forgotten turning Fallback off?
WARNING: Shader Unsupported: 'Spine/Outline/Skeleton Lit' - All subshaders removed
WARNING: Shader Did you use #pragma only_renderers and omit this platform?
WARNING: Shader If subshaders removal was intentional, you may have forgotten turning Fallback off?
WARNING: Shader Unsupported: 'Spine/Outline/Skeleton Lit' - All subshaders removed
WARNING: Shader Did you use #pragma only_renderers and omit this platform?
WARNING: Shader If subshaders removal was intentional, you may have forgotten turning Fallback off?
WARNING: Shader Unsupported: 'Spine/Outline/Sprite/Unlit' - All subshaders removed
WARNING: Shader Did you use #pragma only_renderers and omit this platform?
WARNING: Shader If subshaders removal was intentional, you may have forgotten turning Fallback off?
WARNING: Shader Unsupported: 'Spine/Outline/Sprite/Unlit' - All subshaders removed
WARNING: Shader Did you use #pragma only_renderers and omit this platform?
WARNING: Shader If subshaders removal was intentional, you may have forgotten turning Fallback off?
WARNING: Shader Unsupported: 'Spine/Outline/Skeleton Tint' - All subshaders removed
WARNING: Shader Did you use #pragma only_renderers and omit this platform?
WARNING: Shader If subshaders removal was intentional, you may have forgotten turning Fallback off?
WARNING: Shader Unsupported: 'Spine/Outline/Skeleton Tint' - All subshaders removed
WARNING: Shader Did you use #pragma only_renderers and omit this platform?
WARNING: Shader If subshaders removal was intentional, you may have forgotten turning Fallback off?
WARNING: Shader Unsupported: 'Spine/Outline/Sprite/Pixel Lit' - All subshaders removed
WARNING: Shader Did you use #pragma only_renderers and omit this platform?
WARNING: Shader If subshaders removal was intentional, you may have forgotten turning Fallback off?
WARNING: Shader Unsupported: 'Spine/Outline/Sprite/Pixel Lit' - All subshaders removed
WARNING: Shader Did you use #pragma only_renderers and omit this platform?
WARNING: Shader If subshaders removal was intentional, you may have forgotten turning Fallback off?
WARNING: Shader Unsupported: 'Spine/Outline/Skeleton' - All subshaders removed
WARNING: Shader Did you use #pragma only_renderers and omit this platform?
WARNING: Shader If subshaders removal was intentional, you may have forgotten turning Fallback off?
WARNING: Shader Unsupported: 'Spine/Outline/Skeleton' - All subshaders removed
WARNING: Shader Did you use #pragma only_renderers and omit this platform?
WARNING: Shader If subshaders removal was intentional, you may have forgotten turning Fallback off?
WARNING: Shader Unsupported: 'Spine/Outline/Blend Modes/Skeleton PMA Screen' - All subshaders removed
WARNING: Shader Did you use #pragma only_renderers and omit this platform?
WARNING: Shader If subshaders removal was intentional, you may have forgotten turning Fallback off?
WARNING: Shader Unsupported: 'Spine/Outline/Blend Modes/Skeleton PMA Screen' - All subshaders removed
WARNING: Shader Did you use #pragma only_renderers and omit this platform?
WARNING: Shader If subshaders removal was intentional, you may have forgotten turning Fallback off?
WARNING: Shader Unsupported: 'Spine/Outline/Skeleton Tint Black' - All subshaders removed
WARNING: Shader Did you use #pragma only_renderers and omit this platform?
WARNING: Shader If subshaders removal was intentional, you may have forgotten turning Fallback off?
WARNING: Shader Unsupported: 'Spine/Outline/Skeleton Tint Black' - All subshaders removed
WARNING: Shader Did you use #pragma only_renderers and omit this platform?
WARNING: Shader If subshaders removal was intentional, you may have forgotten turning Fallback off?
WARNING: Shader Unsupported: 'Spine/Outline/Blend Modes/Skeleton PMA Multiply' - All subshaders removed
WARNING: Shader Did you use #pragma only_renderers and omit this platform?
WARNING: Shader If subshaders removal was intentional, you may have forgotten turning Fallback off?
WARNING: Shader Unsupported: 'Spine/Outline/Blend Modes/Skeleton PMA Multiply' - All subshaders removed
WARNING: Shader Did you use #pragma only_renderers and omit this platform?
WARNING: Shader If subshaders removal was intentional, you may have forgotten turning Fallback off?
Refreshing native plugins compatible for Editor in 12.40 ms, found 8 plugins.
Preloading 0 native plugins for Editor in 0.00 ms.
Unloading 31 Unused Serialized files (Serialized files now loaded: 0)
Unloading 10398 unused Assets / (5.8 MB). Loaded Objects now: 11328.
Memory consumption went from 195.2 MB to 189.4 MB.
Total: 12.193400 ms (FindLiveObjects: 1.029100 ms CreateObjectMapping: 0.898400 ms MarkObjects: 6.271000 ms  DeleteObjects: 3.993400 ms)

Prepare: number of updated asset objects reloaded= 0
========================================================================
Received Import Request.
  Time since last request: 66.011049 seconds.
  path: Assets/Shader/Dissolve.shadergraph
  artifactKey: Guid(79126aebf4f9a984691691985ab2f0e4) Importer(815301076,1909f56bfc062723c751e8b465ee728b)
Start importing Assets/Shader/Dissolve.shadergraph using Guid(79126aebf4f9a984691691985ab2f0e4) Importer(815301076,1909f56bfc062723c751e8b465ee728b) (PreviewImporter) -> (artifact id: '060a6902bb74fd940b449abaf59bbea8') in 0.385547 seconds
Number of updated asset objects reloaded before import = 0Number of asset objects unloaded after import = 5

========================================================================
Received Import Request.
  Time since last request: 42.091741 seconds.
  path: Assets/Shader/New Material.mat
  artifactKey: Guid(bbc27f3c9465e9b46a1ed48dac9e62bc) Importer(815301076,1909f56bfc062723c751e8b465ee728b)
Start importing Assets/Shader/New Material.mat using Guid(bbc27f3c9465e9b46a1ed48dac9e62bc) Importer(815301076,1909f56bfc062723c751e8b465ee728b) (PreviewImporter) -> (artifact id: '3ca86de3d355ad25fb192575f4554630') in 0.0154133 seconds
Number of updated asset objects reloaded before import = 1Number of asset objects unloaded after import = 6

========================================================================
Received Prepare
Begin MonoManager ReloadAssembly
[Licensing::Client] Successfully resolved entitlement details
Symbol file LoadedFromMemory is not a mono symbol file
- Loaded All Assemblies, in  1.083 seconds
Refreshing native plugins compatible for Editor in 12.88 ms, found 8 plugins.
Native extension for Android target not found
Native extension for WindowsStandalone target not found
[Package Manager] Failed to launch server process. Reason: Unity was launched with the -noUpm command-line argument
[Package Manager] Unable to send message (not connected to server process).
[Package Manager] Cannot connect to Unity Package Manager local server
[Package Manager] Failed to launch server process. Reason: Unity was launched with the -noUpm command-line argument
[Package Manager] Unable to send message (not connected to server process).
[Package Manager] Cannot connect to Unity Package Manager local server
ScheduleIndexationOnStartup MainProcess:False IndexOnStartup:True
Mono: successfully reloaded assembly
- Finished resetting the current domain, in  1.038 seconds
Domain Reload Profiling: 2121ms
	BeginReloadAssembly (257ms)
		ExecutionOrderSort (0ms)
		DisableScriptedObjects (32ms)
		BackupInstance (0ms)
		ReleaseScriptingObjects (0ms)
		CreateAndSetChildDomain (63ms)
	RebuildCommonClasses (34ms)
	RebuildNativeTypeToScriptingClass (12ms)
	initialDomainReloadingComplete (33ms)
	LoadAllAssembliesAndSetupDomain (746ms)
		LoadAssemblies (569ms)
		RebuildTransferFunctionScriptingTraits (0ms)
		AnalyzeDomain (270ms)
			TypeCache.Refresh (9ms)
				TypeCache.ScanAssembly (0ms)
			BuildScriptInfoCaches (244ms)
			ResolveRequiredComponents (12ms)
	FinalizeReload (1039ms)
		ReleaseScriptCaches (0ms)
		RebuildScriptCaches (0ms)
		SetupLoadedEditorAssemblies (839ms)
			LogAssemblyErrors (0ms)
			InitializePlatformSupportModulesInManaged (8ms)
			SetLoadedEditorAssemblies (8ms)
			BeforeProcessingInitializeOnLoad (287ms)
			ProcessInitializeOnLoadAttributes (430ms)
			ProcessInitializeOnLoadMethodAttributes (100ms)
			AfterProcessingInitializeOnLoad (6ms)
			EditorAssembliesLoaded (1ms)
		ExecutionOrderSort2 (0ms)
		AwakeInstancesAfterBackupRestoration (21ms)
WARNING: Shader Unsupported: 'Spine/Outline/SkeletonGraphic' - All subshaders removed
WARNING: Shader Did you use #pragma only_renderers and omit this platform?
WARNING: Shader If subshaders removal was intentional, you may have forgotten turning Fallback off?
WARNING: Shader Unsupported: 'Spine/Outline/SkeletonGraphic' - All subshaders removed
WARNING: Shader Did you use #pragma only_renderers and omit this platform?
WARNING: Shader If subshaders removal was intentional, you may have forgotten turning Fallback off?
WARNING: Shader Unsupported: 'Spine/Outline/Special/Skeleton Grayscale' - All subshaders removed
WARNING: Shader Did you use #pragma only_renderers and omit this platform?
WARNING: Shader If subshaders removal was intentional, you may have forgotten turning Fallback off?
WARNING: Shader Unsupported: 'Spine/Outline/Special/Skeleton Grayscale' - All subshaders removed
WARNING: Shader Did you use #pragma only_renderers and omit this platform?
WARNING: Shader If subshaders removal was intentional, you may have forgotten turning Fallback off?
WARNING: Shader Unsupported: 'Spine/Outline/Sprite/Vertex Lit' - All subshaders removed
WARNING: Shader Did you use #pragma only_renderers and omit this platform?
WARNING: Shader If subshaders removal was intentional, you may have forgotten turning Fallback off?
WARNING: Shader Unsupported: 'Spine/Outline/Sprite/Vertex Lit' - All subshaders removed
WARNING: Shader Did you use #pragma only_renderers and omit this platform?
WARNING: Shader If subshaders removal was intentional, you may have forgotten turning Fallback off?
WARNING: Shader Unsupported: 'Spine/Outline/SkeletonGraphic Tint Black' - All subshaders removed
WARNING: Shader Did you use #pragma only_renderers and omit this platform?
WARNING: Shader If subshaders removal was intentional, you may have forgotten turning Fallback off?
WARNING: Shader Unsupported: 'Spine/Outline/SkeletonGraphic Tint Black' - All subshaders removed
WARNING: Shader Did you use #pragma only_renderers and omit this platform?
WARNING: Shader If subshaders removal was intentional, you may have forgotten turning Fallback off?
WARNING: Shader Unsupported: 'Spine/Outline/Skeleton Lit ZWrite' - All subshaders removed
WARNING: Shader Did you use #pragma only_renderers and omit this platform?
WARNING: Shader If subshaders removal was intentional, you may have forgotten turning Fallback off?
WARNING: Shader Unsupported: 'Spine/Outline/Skeleton Lit ZWrite' - All subshaders removed
WARNING: Shader Did you use #pragma only_renderers and omit this platform?
WARNING: Shader If subshaders removal was intentional, you may have forgotten turning Fallback off?
WARNING: Shader Unsupported: 'Spine/Outline/Skeleton Fill' - All subshaders removed
WARNING: Shader Did you use #pragma only_renderers and omit this platform?
WARNING: Shader If subshaders removal was intentional, you may have forgotten turning Fallback off?
WARNING: Shader Unsupported: 'Spine/Outline/Skeleton Fill' - All subshaders removed
WARNING: Shader Did you use #pragma only_renderers and omit this platform?
WARNING: Shader If subshaders removal was intentional, you may have forgotten turning Fallback off?
WARNING: Shader Unsupported: 'Spine/Outline/Blend Modes/Skeleton PMA Additive' - All subshaders removed
WARNING: Shader Did you use #pragma only_renderers and omit this platform?
WARNING: Shader If subshaders removal was intentional, you may have forgotten turning Fallback off?
WARNING: Shader Unsupported: 'Spine/Outline/Blend Modes/Skeleton PMA Additive' - All subshaders removed
WARNING: Shader Did you use #pragma only_renderers and omit this platform?
WARNING: Shader If subshaders removal was intentional, you may have forgotten turning Fallback off?
WARNING: Shader Unsupported: 'Spine/Outline/Skeleton Lit' - All subshaders removed
WARNING: Shader Did you use #pragma only_renderers and omit this platform?
WARNING: Shader If subshaders removal was intentional, you may have forgotten turning Fallback off?
WARNING: Shader Unsupported: 'Spine/Outline/Skeleton Lit' - All subshaders removed
WARNING: Shader Did you use #pragma only_renderers and omit this platform?
WARNING: Shader If subshaders removal was intentional, you may have forgotten turning Fallback off?
WARNING: Shader Unsupported: 'Spine/Outline/Sprite/Unlit' - All subshaders removed
WARNING: Shader Did you use #pragma only_renderers and omit this platform?
WARNING: Shader If subshaders removal was intentional, you may have forgotten turning Fallback off?
WARNING: Shader Unsupported: 'Spine/Outline/Sprite/Unlit' - All subshaders removed
WARNING: Shader Did you use #pragma only_renderers and omit this platform?
WARNING: Shader If subshaders removal was intentional, you may have forgotten turning Fallback off?
WARNING: Shader Unsupported: 'Spine/Outline/Skeleton Tint' - All subshaders removed
WARNING: Shader Did you use #pragma only_renderers and omit this platform?
WARNING: Shader If subshaders removal was intentional, you may have forgotten turning Fallback off?
WARNING: Shader Unsupported: 'Spine/Outline/Skeleton Tint' - All subshaders removed
WARNING: Shader Did you use #pragma only_renderers and omit this platform?
WARNING: Shader If subshaders removal was intentional, you may have forgotten turning Fallback off?
WARNING: Shader Unsupported: 'Spine/Outline/Sprite/Pixel Lit' - All subshaders removed
WARNING: Shader Did you use #pragma only_renderers and omit this platform?
WARNING: Shader If subshaders removal was intentional, you may have forgotten turning Fallback off?
WARNING: Shader Unsupported: 'Spine/Outline/Sprite/Pixel Lit' - All subshaders removed
WARNING: Shader Did you use #pragma only_renderers and omit this platform?
WARNING: Shader If subshaders removal was intentional, you may have forgotten turning Fallback off?
WARNING: Shader Unsupported: 'Spine/Outline/Skeleton' - All subshaders removed
WARNING: Shader Did you use #pragma only_renderers and omit this platform?
WARNING: Shader If subshaders removal was intentional, you may have forgotten turning Fallback off?
WARNING: Shader Unsupported: 'Spine/Outline/Skeleton' - All subshaders removed
WARNING: Shader Did you use #pragma only_renderers and omit this platform?
WARNING: Shader If subshaders removal was intentional, you may have forgotten turning Fallback off?
WARNING: Shader Unsupported: 'Spine/Outline/Blend Modes/Skeleton PMA Screen' - All subshaders removed
WARNING: Shader Did you use #pragma only_renderers and omit this platform?
WARNING: Shader If subshaders removal was intentional, you may have forgotten turning Fallback off?
WARNING: Shader Unsupported: 'Spine/Outline/Blend Modes/Skeleton PMA Screen' - All subshaders removed
WARNING: Shader Did you use #pragma only_renderers and omit this platform?
WARNING: Shader If subshaders removal was intentional, you may have forgotten turning Fallback off?
WARNING: Shader Unsupported: 'Spine/Outline/Skeleton Tint Black' - All subshaders removed
WARNING: Shader Did you use #pragma only_renderers and omit this platform?
WARNING: Shader If subshaders removal was intentional, you may have forgotten turning Fallback off?
WARNING: Shader Unsupported: 'Spine/Outline/Skeleton Tint Black' - All subshaders removed
WARNING: Shader Did you use #pragma only_renderers and omit this platform?
WARNING: Shader If subshaders removal was intentional, you may have forgotten turning Fallback off?
WARNING: Shader Unsupported: 'Spine/Outline/Blend Modes/Skeleton PMA Multiply' - All subshaders removed
WARNING: Shader Did you use #pragma only_renderers and omit this platform?
WARNING: Shader If subshaders removal was intentional, you may have forgotten turning Fallback off?
WARNING: Shader Unsupported: 'Spine/Outline/Blend Modes/Skeleton PMA Multiply' - All subshaders removed
WARNING: Shader Did you use #pragma only_renderers and omit this platform?
WARNING: Shader If subshaders removal was intentional, you may have forgotten turning Fallback off?
Refreshing native plugins compatible for Editor in 12.65 ms, found 8 plugins.
Preloading 0 native plugins for Editor in 0.00 ms.
Unloading 31 Unused Serialized files (Serialized files now loaded: 0)
Unloading 10398 unused Assets / (5.5 MB). Loaded Objects now: 11353.
Memory consumption went from 195.3 MB to 189.8 MB.
Total: 11.917500 ms (FindLiveObjects: 1.081100 ms CreateObjectMapping: 1.184000 ms MarkObjects: 6.160900 ms  DeleteObjects: 3.490200 ms)

Prepare: number of updated asset objects reloaded= 0
========================================================================
Received Import Request.
  Time since last request: 132.130944 seconds.
  path: Assets/Shader/New Material.mat
  artifactKey: Guid(bbc27f3c9465e9b46a1ed48dac9e62bc) Importer(815301076,1909f56bfc062723c751e8b465ee728b)
Start importing Assets/Shader/New Material.mat using Guid(bbc27f3c9465e9b46a1ed48dac9e62bc) Importer(815301076,1909f56bfc062723c751e8b465ee728b) (PreviewImporter) -> (artifact id: '46c1da6f9d65631ef0ad36b5380c3448') in 0.9103607 seconds
Number of updated asset objects reloaded before import = 1Number of asset objects unloaded after import = 6

========================================================================
Received Prepare
Begin MonoManager ReloadAssembly
[Licensing::Client] Successfully resolved entitlement details
Symbol file LoadedFromMemory is not a mono symbol file
- Loaded All Assemblies, in  1.083 seconds
Refreshing native plugins compatible for Editor in 12.93 ms, found 8 plugins.
Native extension for Android target not found
Native extension for WindowsStandalone target not found
[Package Manager] Failed to launch server process. Reason: Unity was launched with the -noUpm command-line argument
[Package Manager] Unable to send message (not connected to server process).
[Package Manager] Cannot connect to Unity Package Manager local server
[Package Manager] Failed to launch server process. Reason: Unity was launched with the -noUpm command-line argument
[Package Manager] Unable to send message (not connected to server process).
[Package Manager] Cannot connect to Unity Package Manager local server
ScheduleIndexationOnStartup MainProcess:False IndexOnStartup:True
Mono: successfully reloaded assembly
- Finished resetting the current domain, in  1.036 seconds
Domain Reload Profiling: 2119ms
	BeginReloadAssembly (261ms)
		ExecutionOrderSort (0ms)
		DisableScriptedObjects (32ms)
		BackupInstance (0ms)
		ReleaseScriptingObjects (0ms)
		CreateAndSetChildDomain (69ms)
	RebuildCommonClasses (33ms)
	RebuildNativeTypeToScriptingClass (12ms)
	initialDomainReloadingComplete (35ms)
	LoadAllAssembliesAndSetupDomain (741ms)
		LoadAssemblies (561ms)
		RebuildTransferFunctionScriptingTraits (0ms)
		AnalyzeDomain (272ms)
			TypeCache.Refresh (10ms)
				TypeCache.ScanAssembly (0ms)
			BuildScriptInfoCaches (245ms)
			ResolveRequiredComponents (12ms)
	FinalizeReload (1037ms)
		ReleaseScriptCaches (0ms)
		RebuildScriptCaches (0ms)
		SetupLoadedEditorAssemblies (843ms)
			LogAssemblyErrors (0ms)
			InitializePlatformSupportModulesInManaged (9ms)
			SetLoadedEditorAssemblies (9ms)
			BeforeProcessingInitializeOnLoad (283ms)
			ProcessInitializeOnLoadAttributes (424ms)
			ProcessInitializeOnLoadMethodAttributes (110ms)
			AfterProcessingInitializeOnLoad (7ms)
			EditorAssembliesLoaded (1ms)
		ExecutionOrderSort2 (0ms)
		AwakeInstancesAfterBackupRestoration (21ms)
WARNING: Shader Unsupported: 'Spine/Outline/SkeletonGraphic' - All subshaders removed
WARNING: Shader Did you use #pragma only_renderers and omit this platform?
WARNING: Shader If subshaders removal was intentional, you may have forgotten turning Fallback off?
WARNING: Shader Unsupported: 'Spine/Outline/SkeletonGraphic' - All subshaders removed
WARNING: Shader Did you use #pragma only_renderers and omit this platform?
WARNING: Shader If subshaders removal was intentional, you may have forgotten turning Fallback off?
WARNING: Shader Unsupported: 'Spine/Outline/Special/Skeleton Grayscale' - All subshaders removed
WARNING: Shader Did you use #pragma only_renderers and omit this platform?
WARNING: Shader If subshaders removal was intentional, you may have forgotten turning Fallback off?
WARNING: Shader Unsupported: 'Spine/Outline/Special/Skeleton Grayscale' - All subshaders removed
WARNING: Shader Did you use #pragma only_renderers and omit this platform?
WARNING: Shader If subshaders removal was intentional, you may have forgotten turning Fallback off?
WARNING: Shader Unsupported: 'Spine/Outline/Sprite/Vertex Lit' - All subshaders removed
WARNING: Shader Did you use #pragma only_renderers and omit this platform?
WARNING: Shader If subshaders removal was intentional, you may have forgotten turning Fallback off?
WARNING: Shader Unsupported: 'Spine/Outline/Sprite/Vertex Lit' - All subshaders removed
WARNING: Shader Did you use #pragma only_renderers and omit this platform?
WARNING: Shader If subshaders removal was intentional, you may have forgotten turning Fallback off?
WARNING: Shader Unsupported: 'Spine/Outline/SkeletonGraphic Tint Black' - All subshaders removed
WARNING: Shader Did you use #pragma only_renderers and omit this platform?
WARNING: Shader If subshaders removal was intentional, you may have forgotten turning Fallback off?
WARNING: Shader Unsupported: 'Spine/Outline/SkeletonGraphic Tint Black' - All subshaders removed
WARNING: Shader Did you use #pragma only_renderers and omit this platform?
WARNING: Shader If subshaders removal was intentional, you may have forgotten turning Fallback off?
WARNING: Shader Unsupported: 'Spine/Outline/Skeleton Lit ZWrite' - All subshaders removed
WARNING: Shader Did you use #pragma only_renderers and omit this platform?
WARNING: Shader If subshaders removal was intentional, you may have forgotten turning Fallback off?
WARNING: Shader Unsupported: 'Spine/Outline/Skeleton Lit ZWrite' - All subshaders removed
WARNING: Shader Did you use #pragma only_renderers and omit this platform?
WARNING: Shader If subshaders removal was intentional, you may have forgotten turning Fallback off?
WARNING: Shader Unsupported: 'Spine/Outline/Skeleton Fill' - All subshaders removed
WARNING: Shader Did you use #pragma only_renderers and omit this platform?
WARNING: Shader If subshaders removal was intentional, you may have forgotten turning Fallback off?
WARNING: Shader Unsupported: 'Spine/Outline/Skeleton Fill' - All subshaders removed
WARNING: Shader Did you use #pragma only_renderers and omit this platform?
WARNING: Shader If subshaders removal was intentional, you may have forgotten turning Fallback off?
WARNING: Shader Unsupported: 'Spine/Outline/Blend Modes/Skeleton PMA Additive' - All subshaders removed
WARNING: Shader Did you use #pragma only_renderers and omit this platform?
WARNING: Shader If subshaders removal was intentional, you may have forgotten turning Fallback off?
WARNING: Shader Unsupported: 'Spine/Outline/Blend Modes/Skeleton PMA Additive' - All subshaders removed
WARNING: Shader Did you use #pragma only_renderers and omit this platform?
WARNING: Shader If subshaders removal was intentional, you may have forgotten turning Fallback off?
WARNING: Shader Unsupported: 'Spine/Outline/Skeleton Lit' - All subshaders removed
WARNING: Shader Did you use #pragma only_renderers and omit this platform?
WARNING: Shader If subshaders removal was intentional, you may have forgotten turning Fallback off?
WARNING: Shader Unsupported: 'Spine/Outline/Skeleton Lit' - All subshaders removed
WARNING: Shader Did you use #pragma only_renderers and omit this platform?
WARNING: Shader If subshaders removal was intentional, you may have forgotten turning Fallback off?
WARNING: Shader Unsupported: 'Spine/Outline/Sprite/Unlit' - All subshaders removed
WARNING: Shader Did you use #pragma only_renderers and omit this platform?
WARNING: Shader If subshaders removal was intentional, you may have forgotten turning Fallback off?
WARNING: Shader Unsupported: 'Spine/Outline/Sprite/Unlit' - All subshaders removed
WARNING: Shader Did you use #pragma only_renderers and omit this platform?
WARNING: Shader If subshaders removal was intentional, you may have forgotten turning Fallback off?
WARNING: Shader Unsupported: 'Spine/Outline/Skeleton Tint' - All subshaders removed
WARNING: Shader Did you use #pragma only_renderers and omit this platform?
WARNING: Shader If subshaders removal was intentional, you may have forgotten turning Fallback off?
WARNING: Shader Unsupported: 'Spine/Outline/Skeleton Tint' - All subshaders removed
WARNING: Shader Did you use #pragma only_renderers and omit this platform?
WARNING: Shader If subshaders removal was intentional, you may have forgotten turning Fallback off?
WARNING: Shader Unsupported: 'Spine/Outline/Sprite/Pixel Lit' - All subshaders removed
WARNING: Shader Did you use #pragma only_renderers and omit this platform?
WARNING: Shader If subshaders removal was intentional, you may have forgotten turning Fallback off?
WARNING: Shader Unsupported: 'Spine/Outline/Sprite/Pixel Lit' - All subshaders removed
WARNING: Shader Did you use #pragma only_renderers and omit this platform?
WARNING: Shader If subshaders removal was intentional, you may have forgotten turning Fallback off?
WARNING: Shader Unsupported: 'Spine/Outline/Skeleton' - All subshaders removed
WARNING: Shader Did you use #pragma only_renderers and omit this platform?
WARNING: Shader If subshaders removal was intentional, you may have forgotten turning Fallback off?
WARNING: Shader Unsupported: 'Spine/Outline/Skeleton' - All subshaders removed
WARNING: Shader Did you use #pragma only_renderers and omit this platform?
WARNING: Shader If subshaders removal was intentional, you may have forgotten turning Fallback off?
WARNING: Shader Unsupported: 'Spine/Outline/Blend Modes/Skeleton PMA Screen' - All subshaders removed
WARNING: Shader Did you use #pragma only_renderers and omit this platform?
WARNING: Shader If subshaders removal was intentional, you may have forgotten turning Fallback off?
WARNING: Shader Unsupported: 'Spine/Outline/Blend Modes/Skeleton PMA Screen' - All subshaders removed
WARNING: Shader Did you use #pragma only_renderers and omit this platform?
WARNING: Shader If subshaders removal was intentional, you may have forgotten turning Fallback off?
WARNING: Shader Unsupported: 'Spine/Outline/Skeleton Tint Black' - All subshaders removed
WARNING: Shader Did you use #pragma only_renderers and omit this platform?
WARNING: Shader If subshaders removal was intentional, you may have forgotten turning Fallback off?
WARNING: Shader Unsupported: 'Spine/Outline/Skeleton Tint Black' - All subshaders removed
WARNING: Shader Did you use #pragma only_renderers and omit this platform?
WARNING: Shader If subshaders removal was intentional, you may have forgotten turning Fallback off?
WARNING: Shader Unsupported: 'Spine/Outline/Blend Modes/Skeleton PMA Multiply' - All subshaders removed
WARNING: Shader Did you use #pragma only_renderers and omit this platform?
WARNING: Shader If subshaders removal was intentional, you may have forgotten turning Fallback off?
WARNING: Shader Unsupported: 'Spine/Outline/Blend Modes/Skeleton PMA Multiply' - All subshaders removed
WARNING: Shader Did you use #pragma only_renderers and omit this platform?
WARNING: Shader If subshaders removal was intentional, you may have forgotten turning Fallback off?
Refreshing native plugins compatible for Editor in 12.66 ms, found 8 plugins.
Preloading 0 native plugins for Editor in 0.00 ms.
Unloading 31 Unused Serialized files (Serialized files now loaded: 0)
Unloading 10398 unused Assets / (5.8 MB). Loaded Objects now: 11378.
Memory consumption went from 195.6 MB to 189.8 MB.
Total: 12.508900 ms (FindLiveObjects: 1.132400 ms CreateObjectMapping: 0.964000 ms MarkObjects: 6.504000 ms  DeleteObjects: 3.906700 ms)

Prepare: number of updated asset objects reloaded= 0
========================================================================
Received Import Request.
  Time since last request: 70.577504 seconds.
  path: Assets/Scenes/GameScene.unity
  artifactKey: Guid(8c9cfa26abfee488c85f1582747f6a02) Importer(815301076,1909f56bfc062723c751e8b465ee728b)
Start importing Assets/Scenes/GameScene.unity using Guid(8c9cfa26abfee488c85f1582747f6a02) Importer(815301076,1909f56bfc062723c751e8b465ee728b) (PreviewImporter) -> (artifact id: '8f1c766377bf47f253615471f0892db0') in 0.0030663 seconds
Number of updated asset objects reloaded before import = 1Number of asset objects unloaded after import = 0

========================================================================
Received Import Request.
  Time since last request: 22.429817 seconds.
  path: Assets/Shader/Dissolve.shadergraph
  artifactKey: Guid(79126aebf4f9a984691691985ab2f0e4) Importer(815301076,1909f56bfc062723c751e8b465ee728b)
Start importing Assets/Shader/Dissolve.shadergraph using Guid(79126aebf4f9a984691691985ab2f0e4) Importer(815301076,1909f56bfc062723c751e8b465ee728b) (PreviewImporter) -> (artifact id: 'be153e26c5bf39ad640a44aa8948b107') in 0.6898635 seconds
Number of updated asset objects reloaded before import = 0Number of asset objects unloaded after import = 5

========================================================================
Received Import Request.
  Time since last request: 15.052060 seconds.
  path: Assets/Shader/Dissolve.shadergraph
  artifactKey: Guid(79126aebf4f9a984691691985ab2f0e4) Importer(815301076,1909f56bfc062723c751e8b465ee728b)
Start importing Assets/Shader/Dissolve.shadergraph using Guid(79126aebf4f9a984691691985ab2f0e4) Importer(815301076,1909f56bfc062723c751e8b465ee728b) (PreviewImporter) -> (artifact id: '19b4d7df3ee929ea248b1ef7be0d39ec') in 0.3655392 seconds
Number of updated asset objects reloaded before import = 1Number of asset objects unloaded after import = 5

========================================================================
Received Import Request.
  Time since last request: 11.210106 seconds.
  path: Assets/Shader/Dissolve.shadergraph
  artifactKey: Guid(79126aebf4f9a984691691985ab2f0e4) Importer(815301076,1909f56bfc062723c751e8b465ee728b)
Start importing Assets/Shader/Dissolve.shadergraph using Guid(79126aebf4f9a984691691985ab2f0e4) Importer(815301076,1909f56bfc062723c751e8b465ee728b) (PreviewImporter) -> (artifact id: '7d7b2cf2d8f3d98299a4536491da4c6c') in 0.3662858 seconds
Number of updated asset objects reloaded before import = 1Number of asset objects unloaded after import = 5

========================================================================
Received Import Request.
  Time since last request: 7.671676 seconds.
  path: Assets/Shader/Dissolve.shadergraph
  artifactKey: Guid(79126aebf4f9a984691691985ab2f0e4) Importer(815301076,1909f56bfc062723c751e8b465ee728b)
Start importing Assets/Shader/Dissolve.shadergraph using Guid(79126aebf4f9a984691691985ab2f0e4) Importer(815301076,1909f56bfc062723c751e8b465ee728b) (PreviewImporter) -> (artifact id: '34d22af5d73a5d25bd90da274491b35c') in 0.3663679 seconds
Number of updated asset objects reloaded before import = 1Number of asset objects unloaded after import = 5

========================================================================
Received Import Request.
  Time since last request: 14.571394 seconds.
  path: Assets/Shader/Dissolve.shadergraph
  artifactKey: Guid(79126aebf4f9a984691691985ab2f0e4) Importer(815301076,1909f56bfc062723c751e8b465ee728b)
Start importing Assets/Shader/Dissolve.shadergraph using Guid(79126aebf4f9a984691691985ab2f0e4) Importer(815301076,1909f56bfc062723c751e8b465ee728b) (PreviewImporter) -> (artifact id: '7ae82ca51edab96fb18262107c3b8dbf') in 0.0172016 seconds
Number of updated asset objects reloaded before import = 1Number of asset objects unloaded after import = 5

========================================================================
Received Import Request.
  Time since last request: 47.677526 seconds.
  path: Assets/Shader/Dissolve.shadergraph
  artifactKey: Guid(79126aebf4f9a984691691985ab2f0e4) Importer(815301076,1909f56bfc062723c751e8b465ee728b)
Start importing Assets/Shader/Dissolve.shadergraph using Guid(79126aebf4f9a984691691985ab2f0e4) Importer(815301076,1909f56bfc062723c751e8b465ee728b) (PreviewImporter) -> (artifact id: '8a3a9e867338aee1e7f6ccb74a4e2b30') in 0.3447955 seconds
Number of updated asset objects reloaded before import = 1Number of asset objects unloaded after import = 5

========================================================================
Received Import Request.
  Time since last request: 20.702579 seconds.
  path: Assets/Shader/Dissolve.shadergraph
  artifactKey: Guid(79126aebf4f9a984691691985ab2f0e4) Importer(815301076,1909f56bfc062723c751e8b465ee728b)
Start importing Assets/Shader/Dissolve.shadergraph using Guid(79126aebf4f9a984691691985ab2f0e4) Importer(815301076,1909f56bfc062723c751e8b465ee728b) (PreviewImporter) -> (artifact id: '9d7a164d95db3fe62bf27d8ca2ce8e25') in 0.4090007 seconds
Number of updated asset objects reloaded before import = 1Number of asset objects unloaded after import = 5

========================================================================
Received Import Request.
  Time since last request: 17.821252 seconds.
  path: Assets/Shader/Dissolve.shadergraph
  artifactKey: Guid(79126aebf4f9a984691691985ab2f0e4) Importer(815301076,1909f56bfc062723c751e8b465ee728b)
Start importing Assets/Shader/Dissolve.shadergraph using Guid(79126aebf4f9a984691691985ab2f0e4) Importer(815301076,1909f56bfc062723c751e8b465ee728b) (PreviewImporter) -> (artifact id: '4de468c698c78cf2e9b184654bbf6c74') in 0.0123712 seconds
Number of updated asset objects reloaded before import = 1Number of asset objects unloaded after import = 5

========================================================================
Received Import Request.
  Time since last request: 14.797420 seconds.
  path: Assets/Shader/New Material.mat
  artifactKey: Guid(bbc27f3c9465e9b46a1ed48dac9e62bc) Importer(815301076,1909f56bfc062723c751e8b465ee728b)
Start importing Assets/Shader/New Material.mat using Guid(bbc27f3c9465e9b46a1ed48dac9e62bc) Importer(815301076,1909f56bfc062723c751e8b465ee728b) (PreviewImporter) -> (artifact id: '23c6a498377d5962ad2c9180f93a0d9b') in 0.0191291 seconds
Number of updated asset objects reloaded before import = 0Number of asset objects unloaded after import = 6

========================================================================
Received Import Request.
  Time since last request: 17.217416 seconds.
  path: Packages/com.unity.microsoft.gdk.tools/ProjectMetadata/Square480x480Logo.png
  artifactKey: Guid(973e36ff7595f414aabd57b900835b28) Importer(815301076,1909f56bfc062723c751e8b465ee728b)
Start importing Packages/com.unity.microsoft.gdk.tools/ProjectMetadata/Square480x480Logo.png using Guid(973e36ff7595f414aabd57b900835b28) Importer(815301076,1909f56bfc062723c751e8b465ee728b) (PreviewImporter)[Licensing::Client] Successfully resolved entitlement details
 -> (artifact id: '0b988678a72e93418ff6ef27baf1e81e') in 0.0383616 seconds
Number of updated asset objects reloaded before import = 0Number of asset objects unloaded after import = 2

========================================================================
Received Import Request.
  Time since last request: 0.000034 seconds.
  path: Assets/Spine/Editor/spine-unity/Editor/ImporterPresets/StraightAlphaPresetTemplate.png
  artifactKey: Guid(ade885c25e49d7740b5c00d4e10a6197) Importer(815301076,1909f56bfc062723c751e8b465ee728b)
Start importing Assets/Spine/Editor/spine-unity/Editor/ImporterPresets/StraightAlphaPresetTemplate.png using Guid(ade885c25e49d7740b5c00d4e10a6197) Importer(815301076,1909f56bfc062723c751e8b465ee728b) (PreviewImporter) -> (artifact id: '8adf6da57ea4c49c395cf53d38647742') in 0.0253021 seconds
Number of updated asset objects reloaded before import = 0Number of asset objects unloaded after import = 2

========================================================================
Received Import Request.
  Time since last request: 0.000034 seconds.
  path: Assets/Spine/Editor/spine-unity/Editor/ImporterPresets/PMAPresetTemplate.png
  artifactKey: Guid(77f055f38c1115f42a2df16b0428c4e6) Importer(815301076,1909f56bfc062723c751e8b465ee728b)
Start importing Assets/Spine/Editor/spine-unity/Editor/ImporterPresets/PMAPresetTemplate.png using Guid(77f055f38c1115f42a2df16b0428c4e6) Importer(815301076,1909f56bfc062723c751e8b465ee728b) (PreviewImporter) -> (artifact id: 'b58f6b392ed2f86ffaeab0418200b651') in 0.0313301 seconds
Number of updated asset objects reloaded before import = 0Number of asset objects unloaded after import = 2

========================================================================
Received Import Request.
  Time since last request: 0.000025 seconds.
  path: Assets/Spine Examples/Spine Skeletons/Raggedy Spineboy/Raggedy Spineboy.png
  artifactKey: Guid(b29bbacbc2368c94a9c942d176ac6f59) Importer(815301076,1909f56bfc062723c751e8b465ee728b)
Start importing Assets/Spine Examples/Spine Skeletons/Raggedy Spineboy/Raggedy Spineboy.png using Guid(b29bbacbc2368c94a9c942d176ac6f59) Importer(815301076,1909f56bfc062723c751e8b465ee728b) (PreviewImporter) -> (artifact id: 'fe7a4c5876b6381840ced5cccf305c23') in 0.0351972 seconds
Number of updated asset objects reloaded before import = 0Number of asset objects unloaded after import = 2

========================================================================
Received Import Request.
  Time since last request: 0.000027 seconds.
  path: Assets/Spine Examples/Spine Skeletons/Raptor/raptor.png
  artifactKey: Guid(4261719a8f729a644b2dab6113d1b0ea) Importer(815301076,1909f56bfc062723c751e8b465ee728b)
Start importing Assets/Spine Examples/Spine Skeletons/Raptor/raptor.png using Guid(4261719a8f729a644b2dab6113d1b0ea) Importer(815301076,1909f56bfc062723c751e8b465ee728b) (PreviewImporter) -> (artifact id: 'c0d6dafae9cdc4b97a1252597aff10ea') in 0.0232811 seconds
Number of updated asset objects reloaded before import = 0Number of asset objects unloaded after import = 2

========================================================================
Received Import Request.
  Time since last request: 0.000030 seconds.
  path: Assets/Spine Examples/Images/outline-shaders-heading.png
  artifactKey: Guid(de1fb4dac677a6d45ae2ad12a49091c0) Importer(815301076,1909f56bfc062723c751e8b465ee728b)
Start importing Assets/Spine Examples/Images/outline-shaders-heading.png using Guid(de1fb4dac677a6d45ae2ad12a49091c0) Importer(815301076,1909f56bfc062723c751e8b465ee728b) (PreviewImporter) -> (artifact id: '0b54ce59918289f8351a23d43286b366') in 0.0393969 seconds
Number of updated asset objects reloaded before import = 0Number of asset objects unloaded after import = 3

========================================================================
Received Import Request.
  Time since last request: 9.984113 seconds.
  path: Packages/com.unity.purchasing/Icons/Icon-AppStore.png
  artifactKey: Guid(af6f88d191e10274dbcb2dbd4be7929b) Importer(815301076,1909f56bfc062723c751e8b465ee728b)
Start importing Packages/com.unity.purchasing/Icons/Icon-AppStore.png using Guid(af6f88d191e10274dbcb2dbd4be7929b) Importer(815301076,1909f56bfc062723c751e8b465ee728b) (PreviewImporter) -> (artifact id: '612bf3c959cc372b6d595caa3d4547e8') in 0.0173043 seconds
Number of updated asset objects reloaded before import = 0Number of asset objects unloaded after import = 2

========================================================================
Received Import Request.
  Time since last request: 0.878418 seconds.
  path: Assets/Spine/Editor/spine-unity/Editor/GUI/icon-bone.png
  artifactKey: Guid(8322793223a533a4ca8be6f430256dfc) Importer(815301076,1909f56bfc062723c751e8b465ee728b)
Start importing Assets/Spine/Editor/spine-unity/Editor/GUI/icon-bone.png using Guid(8322793223a533a4ca8be6f430256dfc) Importer(815301076,1909f56bfc062723c751e8b465ee728b) (PreviewImporter) -> (artifact id: '479f9b5344d2d2e9de5bce75fd7c5a2b') in 0.0160819 seconds
Number of updated asset objects reloaded before import = 0Number of asset objects unloaded after import = 2

========================================================================
Received Import Request.
  Time since last request: 0.188644 seconds.
  path: Assets/Spine/Editor/spine-unity/Editor/GUI/icon-boundingBox.png
  artifactKey: Guid(955aed20030d0504b8a9c6934a5cb47a) Importer(815301076,1909f56bfc062723c751e8b465ee728b)
Start importing Assets/Spine/Editor/spine-unity/Editor/GUI/icon-boundingBox.png using Guid(955aed20030d0504b8a9c6934a5cb47a) Importer(815301076,1909f56bfc062723c751e8b465ee728b) (PreviewImporter) -> (artifact id: '1204f2ee93927a476c59245f050d287a') in 0.0287434 seconds
Number of updated asset objects reloaded before import = 0Number of asset objects unloaded after import = 2

========================================================================
Received Import Request.
  Time since last request: 0.265703 seconds.
  path: Assets/Spine/Editor/spine-unity/Editor/GUI/icon-hingeChain.png
  artifactKey: Guid(2c2c6d283dcf3654baf40001c982891c) Importer(815301076,1909f56bfc062723c751e8b465ee728b)
Start importing Assets/Spine/Editor/spine-unity/Editor/GUI/icon-hingeChain.png using Guid(2c2c6d283dcf3654baf40001c982891c) Importer(815301076,1909f56bfc062723c751e8b465ee728b) (PreviewImporter) -> (artifact id: '0efbdd82960c71515c7a626c7a4bf986') in 0.0166853 seconds
Number of updated asset objects reloaded before import = 0Number of asset objects unloaded after import = 2

========================================================================
Received Import Request.
  Time since last request: 0.000024 seconds.
  path: Packages/com.unity.purchasing/Editor/Authoring/Import/UI/Assets/icon-new.png
  artifactKey: Guid(aaca6959462b7449c8911a8fd3ce2abe) Importer(815301076,1909f56bfc062723c751e8b465ee728b)
Start importing Packages/com.unity.purchasing/Editor/Authoring/Import/UI/Assets/icon-new.png using Guid(aaca6959462b7449c8911a8fd3ce2abe) Importer(815301076,1909f56bfc062723c751e8b465ee728b) (PreviewImporter) -> (artifact id: '123777c0cea4d3c49e6717e7ac9fccd1') in 0.0243372 seconds
Number of updated asset objects reloaded before import = 0Number of asset objects unloaded after import = 3

========================================================================
Received Import Request.
  Time since last request: 39.299977 seconds.
  path: Assets/Shader/New Material.mat
  artifactKey: Guid(bbc27f3c9465e9b46a1ed48dac9e62bc) Importer(815301076,1909f56bfc062723c751e8b465ee728b)
Start importing Assets/Shader/New Material.mat using Guid(bbc27f3c9465e9b46a1ed48dac9e62bc) Importer(815301076,1909f56bfc062723c751e8b465ee728b) (PreviewImporter) -> (artifact id: 'f232687f316db330b1a077723b39f648') in 0.0190036 seconds
Number of updated asset objects reloaded before import = 0Number of asset objects unloaded after import = 6

========================================================================
Received Import Request.
  Time since last request: 38.959381 seconds.
  path: Assets/Shader/New Material.mat
  artifactKey: Guid(bbc27f3c9465e9b46a1ed48dac9e62bc) Importer(815301076,1909f56bfc062723c751e8b465ee728b)
Start importing Assets/Shader/New Material.mat using Guid(bbc27f3c9465e9b46a1ed48dac9e62bc) Importer(815301076,1909f56bfc062723c751e8b465ee728b) (PreviewImporter) -> (artifact id: 'e29791117fe7936dd535f59422a7e204') in 0.0220188 seconds
Number of updated asset objects reloaded before import = 1Number of asset objects unloaded after import = 6

========================================================================
Received Import Request.
  Time since last request: 36.382073 seconds.
  path: Assets/Shader/New Material.mat
  artifactKey: Guid(bbc27f3c9465e9b46a1ed48dac9e62bc) Importer(815301076,1909f56bfc062723c751e8b465ee728b)
Start importing Assets/Shader/New Material.mat using Guid(bbc27f3c9465e9b46a1ed48dac9e62bc) Importer(815301076,1909f56bfc062723c751e8b465ee728b) (PreviewImporter) -> (artifact id: '23dcc4a56f10e3dfcac6d50ae1c0a901') in 0.018058 seconds
Number of updated asset objects reloaded before import = 1Number of asset objects unloaded after import = 6

========================================================================
Received Import Request.
  Time since last request: 13.792233 seconds.
  path: Assets/Shader/New Material.mat
  artifactKey: Guid(bbc27f3c9465e9b46a1ed48dac9e62bc) Importer(815301076,1909f56bfc062723c751e8b465ee728b)
Start importing Assets/Shader/New Material.mat using Guid(bbc27f3c9465e9b46a1ed48dac9e62bc) Importer(815301076,1909f56bfc062723c751e8b465ee728b) (PreviewImporter) -> (artifact id: '3af9ac735b436855f9da0682452b5923') in 0.0211848 seconds
Number of updated asset objects reloaded before import = 1Number of asset objects unloaded after import = 6

========================================================================
Received Import Request.
  Time since last request: 17.070982 seconds.
  path: Assets/Shader/New Material.mat
  artifactKey: Guid(bbc27f3c9465e9b46a1ed48dac9e62bc) Importer(815301076,1909f56bfc062723c751e8b465ee728b)
Start importing Assets/Shader/New Material.mat using Guid(bbc27f3c9465e9b46a1ed48dac9e62bc) Importer(815301076,1909f56bfc062723c751e8b465ee728b) (PreviewImporter) -> (artifact id: '794879e6f1090bf29eefa400fd4685c3') in 0.3871792 seconds
Number of updated asset objects reloaded before import = 1Number of asset objects unloaded after import = 6

========================================================================
Received Import Request.
  Time since last request: 14.017942 seconds.
  path: Assets/Shader/New Material.mat
  artifactKey: Guid(bbc27f3c9465e9b46a1ed48dac9e62bc) Importer(815301076,1909f56bfc062723c751e8b465ee728b)
Start importing Assets/Shader/New Material.mat using Guid(bbc27f3c9465e9b46a1ed48dac9e62bc) Importer(815301076,1909f56bfc062723c751e8b465ee728b) (PreviewImporter) -> (artifact id: '4265266491687f88f24e3e6eebb19ce7') in 0.3935033 seconds
Number of updated asset objects reloaded before import = 1Number of asset objects unloaded after import = 6

========================================================================
Received Import Request.
  Time since last request: 8.852961 seconds.
  path: Assets/Shader/New Material.mat
  artifactKey: Guid(bbc27f3c9465e9b46a1ed48dac9e62bc) Importer(815301076,1909f56bfc062723c751e8b465ee728b)
Start importing Assets/Shader/New Material.mat using Guid(bbc27f3c9465e9b46a1ed48dac9e62bc) Importer(815301076,1909f56bfc062723c751e8b465ee728b) (PreviewImporter) -> (artifact id: 'c35101b49e926e7e04cef88fa9472e9e') in 0.0190544 seconds
Number of updated asset objects reloaded before import = 1Number of asset objects unloaded after import = 6

========================================================================
Received Import Request.
  Time since last request: 6.307900 seconds.
  path: Assets/Shader/New Material.mat
  artifactKey: Guid(bbc27f3c9465e9b46a1ed48dac9e62bc) Importer(815301076,1909f56bfc062723c751e8b465ee728b)
Start importing Assets/Shader/New Material.mat using Guid(bbc27f3c9465e9b46a1ed48dac9e62bc) Importer(815301076,1909f56bfc062723c751e8b465ee728b) (PreviewImporter) -> (artifact id: 'a8b4d9cbe209e6e8551a15c791e5e4ef') in 0.4212175 seconds
Number of updated asset objects reloaded before import = 1Number of asset objects unloaded after import = 6

========================================================================
Received Import Request.
  Time since last request: 12.380947 seconds.
  path: Assets/Shader/New Material.mat
  artifactKey: Guid(bbc27f3c9465e9b46a1ed48dac9e62bc) Importer(815301076,1909f56bfc062723c751e8b465ee728b)
Start importing Assets/Shader/New Material.mat using Guid(bbc27f3c9465e9b46a1ed48dac9e62bc) Importer(815301076,1909f56bfc062723c751e8b465ee728b) (PreviewImporter) -> (artifact id: 'bcc13d060a3a3ffd035c3d25c5c5a570') in 0.507549 seconds
Number of updated asset objects reloaded before import = 1Number of asset objects unloaded after import = 6

========================================================================
Received Import Request.
  Time since last request: 57.343680 seconds.
  path: Assets/Shader/New Material.mat
  artifactKey: Guid(bbc27f3c9465e9b46a1ed48dac9e62bc) Importer(815301076,1909f56bfc062723c751e8b465ee728b)
Start importing Assets/Shader/New Material.mat using Guid(bbc27f3c9465e9b46a1ed48dac9e62bc) Importer(815301076,1909f56bfc062723c751e8b465ee728b) (PreviewImporter) -> (artifact id: '251a12de9e14690c296d97d007a6d500') in 0.5175081 seconds
Number of updated asset objects reloaded before import = 1Number of asset objects unloaded after import = 6

========================================================================
Received Import Request.
  Time since last request: 15.465921 seconds.
  path: Assets/Shader/New Material.mat
  artifactKey: Guid(bbc27f3c9465e9b46a1ed48dac9e62bc) Importer(815301076,1909f56bfc062723c751e8b465ee728b)
Start importing Assets/Shader/New Material.mat using Guid(bbc27f3c9465e9b46a1ed48dac9e62bc) Importer(815301076,1909f56bfc062723c751e8b465ee728b) (PreviewImporter) -> (artifact id: '491e89a6427b4c74c5cef2f61f473fad') in 0.3287739 seconds
Number of updated asset objects reloaded before import = 1Number of asset objects unloaded after import = 2

========================================================================
Received Import Request.
  Time since last request: 24.860103 seconds.
  path: Assets/Shader/New Material.mat
  artifactKey: Guid(bbc27f3c9465e9b46a1ed48dac9e62bc) Importer(815301076,1909f56bfc062723c751e8b465ee728b)
Start importing Assets/Shader/New Material.mat using Guid(bbc27f3c9465e9b46a1ed48dac9e62bc) Importer(815301076,1909f56bfc062723c751e8b465ee728b) (PreviewImporter) -> (artifact id: 'c5862ba3661c613a9bace16da1ee96d9') in 0.2321536 seconds
Number of updated asset objects reloaded before import = 1Number of asset objects unloaded after import = 2

========================================================================
Received Import Request.
  Time since last request: 9.706694 seconds.
  path: Assets/Shader/New Material.mat
  artifactKey: Guid(bbc27f3c9465e9b46a1ed48dac9e62bc) Importer(815301076,1909f56bfc062723c751e8b465ee728b)
Start importing Assets/Shader/New Material.mat using Guid(bbc27f3c9465e9b46a1ed48dac9e62bc) Importer(815301076,1909f56bfc062723c751e8b465ee728b) (PreviewImporter) -> (artifact id: '95e6032069c3732926a599285c77e785') in 0.024384 seconds
Number of updated asset objects reloaded before import = 1Number of asset objects unloaded after import = 6

========================================================================
Received Import Request.
  Time since last request: 10.894114 seconds.
  path: Assets/Shader/New Material.mat
  artifactKey: Guid(bbc27f3c9465e9b46a1ed48dac9e62bc) Importer(815301076,1909f56bfc062723c751e8b465ee728b)
Start importing Assets/Shader/New Material.mat using Guid(bbc27f3c9465e9b46a1ed48dac9e62bc) Importer(815301076,1909f56bfc062723c751e8b465ee728b) (PreviewImporter) -> (artifact id: 'd17a70d7293ccbeb4a55334540823d19') in 0.2015908 seconds
Number of updated asset objects reloaded before import = 1Number of asset objects unloaded after import = 2

========================================================================
Received Import Request.
  Time since last request: 3.363074 seconds.
  path: Assets/Shader/New Material.mat
  artifactKey: Guid(bbc27f3c9465e9b46a1ed48dac9e62bc) Importer(815301076,1909f56bfc062723c751e8b465ee728b)
Start importing Assets/Shader/New Material.mat using Guid(bbc27f3c9465e9b46a1ed48dac9e62bc) Importer(815301076,1909f56bfc062723c751e8b465ee728b) (PreviewImporter) -> (artifact id: '862068c6426cf5bbcd380c320a133923') in 0.2205517 seconds
Number of updated asset objects reloaded before import = 1Number of asset objects unloaded after import = 2

========================================================================
Received Import Request.
  Time since last request: 1.700836 seconds.
  path: Assets/Shader/New Material.mat
  artifactKey: Guid(bbc27f3c9465e9b46a1ed48dac9e62bc) Importer(815301076,1909f56bfc062723c751e8b465ee728b)
Start importing Assets/Shader/New Material.mat using Guid(bbc27f3c9465e9b46a1ed48dac9e62bc) Importer(815301076,1909f56bfc062723c751e8b465ee728b) (PreviewImporter) -> (artifact id: 'da57543b45497e29d5fac1c009bcbf83') in 0.2033781 seconds
Number of updated asset objects reloaded before import = 1Number of asset objects unloaded after import = 2

========================================================================
Received Import Request.
  Time since last request: 14.729882 seconds.
  path: Assets/Shader/New Material.mat
  artifactKey: Guid(bbc27f3c9465e9b46a1ed48dac9e62bc) Importer(815301076,1909f56bfc062723c751e8b465ee728b)
Start importing Assets/Shader/New Material.mat using Guid(bbc27f3c9465e9b46a1ed48dac9e62bc) Importer(815301076,1909f56bfc062723c751e8b465ee728b) (PreviewImporter) -> (artifact id: '11f148a8e8f0aa7888ecb4c6ac346f28') in 0.0334079 seconds
Number of updated asset objects reloaded before import = 1Number of asset objects unloaded after import = 6

========================================================================
Received Import Request.
  Time since last request: 11.375873 seconds.
  path: Assets/Shader/New Material.mat
  artifactKey: Guid(bbc27f3c9465e9b46a1ed48dac9e62bc) Importer(815301076,1909f56bfc062723c751e8b465ee728b)
Start importing Assets/Shader/New Material.mat using Guid(bbc27f3c9465e9b46a1ed48dac9e62bc) Importer(815301076,1909f56bfc062723c751e8b465ee728b) (PreviewImporter) -> (artifact id: '8b7d98b461881ca21d9f49b7418c5c6c') in 0.3278505 seconds
Number of updated asset objects reloaded before import = 1Number of asset objects unloaded after import = 6

========================================================================
Received Import Request.
  Time since last request: 48.823642 seconds.
  path: Assets/Shader/New Material.mat
  artifactKey: Guid(bbc27f3c9465e9b46a1ed48dac9e62bc) Importer(815301076,1909f56bfc062723c751e8b465ee728b)
Start importing Assets/Shader/New Material.mat using Guid(bbc27f3c9465e9b46a1ed48dac9e62bc) Importer(815301076,1909f56bfc062723c751e8b465ee728b) (PreviewImporter) -> (artifact id: '20cd4bc86f4cedcc850c3692aa0fef76') in 0.0204531 seconds
Number of updated asset objects reloaded before import = 1Number of asset objects unloaded after import = 6

========================================================================
Received Import Request.
  Time since last request: 197.741219 seconds.
  path: Assets/Shader/New Material.mat
  artifactKey: Guid(bbc27f3c9465e9b46a1ed48dac9e62bc) Importer(815301076,1909f56bfc062723c751e8b465ee728b)
Start importing Assets/Shader/New Material.mat using Guid(bbc27f3c9465e9b46a1ed48dac9e62bc) Importer(815301076,1909f56bfc062723c751e8b465ee728b) (PreviewImporter) -> (artifact id: '0038c279b2416035161df69fd9bc72e4') in 0.0189891 seconds
Number of updated asset objects reloaded before import = 0Number of asset objects unloaded after import = 6

========================================================================
Received Import Request.
  Time since last request: 83.509502 seconds.
  path: Assets/Shader/New Material.mat
  artifactKey: Guid(bbc27f3c9465e9b46a1ed48dac9e62bc) Importer(815301076,1909f56bfc062723c751e8b465ee728b)
Start importing Assets/Shader/New Material.mat using Guid(bbc27f3c9465e9b46a1ed48dac9e62bc) Importer(815301076,1909f56bfc062723c751e8b465ee728b) (PreviewImporter) -> (artifact id: '1a79b3a336d366b4ff2e210fb77f2648') in 0.4811779 seconds
Number of updated asset objects reloaded before import = 1Number of asset objects unloaded after import = 6

========================================================================
Received Import Request.
  Time since last request: 10.006462 seconds.
  path: Assets/Shader/New Material.mat
  artifactKey: Guid(bbc27f3c9465e9b46a1ed48dac9e62bc) Importer(815301076,1909f56bfc062723c751e8b465ee728b)
Start importing Assets/Shader/New Material.mat using Guid(bbc27f3c9465e9b46a1ed48dac9e62bc) Importer(815301076,1909f56bfc062723c751e8b465ee728b) (PreviewImporter) -> (artifact id: 'd7b34ed67037428fd39723b0e8a763ea') in 0.0244309 seconds
Number of updated asset objects reloaded before import = 1Number of asset objects unloaded after import = 6

========================================================================
Received Import Request.
  Time since last request: 0.000040 seconds.
  path: Assets/Shader/Dissolve.shadergraph
  artifactKey: Guid(79126aebf4f9a984691691985ab2f0e4) Importer(815301076,1909f56bfc062723c751e8b465ee728b)
Start importing Assets/Shader/Dissolve.shadergraph using Guid(79126aebf4f9a984691691985ab2f0e4) Importer(815301076,1909f56bfc062723c751e8b465ee728b) (PreviewImporter) -> (artifact id: '1aa12374073fc97fbfca404e146dd97d') in 0.0243118 seconds
Number of updated asset objects reloaded before import = 0Number of asset objects unloaded after import = 5

========================================================================
Received Import Request.
  Time since last request: 16.708506 seconds.
  path: Assets/Shader/New Material.mat
  artifactKey: Guid(bbc27f3c9465e9b46a1ed48dac9e62bc) Importer(815301076,1909f56bfc062723c751e8b465ee728b)
Start importing Assets/Shader/New Material.mat using Guid(bbc27f3c9465e9b46a1ed48dac9e62bc) Importer(815301076,1909f56bfc062723c751e8b465ee728b) (PreviewImporter) -> (artifact id: 'a9ef7c647538c2ffc975777ed992ea86') in 0.2581647 seconds
Number of updated asset objects reloaded before import = 1Number of asset objects unloaded after import = 6

========================================================================
Received Import Request.
  Time since last request: 161.127975 seconds.
  path: Assets/Shader/New Material.mat
  artifactKey: Guid(bbc27f3c9465e9b46a1ed48dac9e62bc) Importer(815301076,1909f56bfc062723c751e8b465ee728b)
Start importing Assets/Shader/New Material.mat using Guid(bbc27f3c9465e9b46a1ed48dac9e62bc) Importer(815301076,1909f56bfc062723c751e8b465ee728b) (PreviewImporter) -> (artifact id: 'fbab4a7d56a928b9efca1e7d1cd0f91a') in 0.2692705 seconds
Number of updated asset objects reloaded before import = 1Number of asset objects unloaded after import = 6

========================================================================
Received Import Request.
  Time since last request: 24.174003 seconds.
  path: Assets/Shader/New Material.mat
  artifactKey: Guid(bbc27f3c9465e9b46a1ed48dac9e62bc) Importer(815301076,1909f56bfc062723c751e8b465ee728b)
Start importing Assets/Shader/New Material.mat using Guid(bbc27f3c9465e9b46a1ed48dac9e62bc) Importer(815301076,1909f56bfc062723c751e8b465ee728b) (PreviewImporter) -> (artifact id: '0ace1aba8766b21180355af37112a8e2') in 0.2257574 seconds
Number of updated asset objects reloaded before import = 1Number of asset objects unloaded after import = 6

========================================================================
Received Import Request.
  Time since last request: 47.164347 seconds.
  path: Assets/Shader/New Material.mat
  artifactKey: Guid(bbc27f3c9465e9b46a1ed48dac9e62bc) Importer(815301076,1909f56bfc062723c751e8b465ee728b)
Start importing Assets/Shader/New Material.mat using Guid(bbc27f3c9465e9b46a1ed48dac9e62bc) Importer(815301076,1909f56bfc062723c751e8b465ee728b) (PreviewImporter) -> (artifact id: '76b35a475c6fa18f2b05e108d0c5a66f') in 0.2469622 seconds
Number of updated asset objects reloaded before import = 1Number of asset objects unloaded after import = 6

========================================================================
Received Import Request.
  Time since last request: 16.071222 seconds.
  path: Assets/Shader/New Material.mat
  artifactKey: Guid(bbc27f3c9465e9b46a1ed48dac9e62bc) Importer(815301076,1909f56bfc062723c751e8b465ee728b)
Start importing Assets/Shader/New Material.mat using Guid(bbc27f3c9465e9b46a1ed48dac9e62bc) Importer(815301076,1909f56bfc062723c751e8b465ee728b) (PreviewImporter) -> (artifact id: '4265d2e398b36e29c92d5783fd1527f2') in 0.2674988 seconds
Number of updated asset objects reloaded before import = 1Number of asset objects unloaded after import = 6

========================================================================
Received Import Request.
  Time since last request: 44.899615 seconds.
  path: Assets/Shader/New Material.mat
  artifactKey: Guid(bbc27f3c9465e9b46a1ed48dac9e62bc) Importer(815301076,1909f56bfc062723c751e8b465ee728b)
Start importing Assets/Shader/New Material.mat using Guid(bbc27f3c9465e9b46a1ed48dac9e62bc) Importer(815301076,1909f56bfc062723c751e8b465ee728b) (PreviewImporter) -> (artifact id: '4fe0ec08672f7b24d6215bd54d438ce6') in 0.2553134 seconds
Number of updated asset objects reloaded before import = 1Number of asset objects unloaded after import = 6

========================================================================
Received Import Request.
  Time since last request: 4.420273 seconds.
  path: Assets/Shader/Dissolve.shadergraph
  artifactKey: Guid(79126aebf4f9a984691691985ab2f0e4) Importer(815301076,1909f56bfc062723c751e8b465ee728b)
Start importing Assets/Shader/Dissolve.shadergraph using Guid(79126aebf4f9a984691691985ab2f0e4) Importer(815301076,1909f56bfc062723c751e8b465ee728b) (PreviewImporter) -> (artifact id: '1e50a4341a5234a494c73442b8bbd84b') in 0.0142994 seconds
Number of updated asset objects reloaded before import = 0Number of asset objects unloaded after import = 5

========================================================================
Received Import Request.
  Time since last request: 28.886506 seconds.
  path: Assets/Shader/New Material.mat
  artifactKey: Guid(bbc27f3c9465e9b46a1ed48dac9e62bc) Importer(815301076,1909f56bfc062723c751e8b465ee728b)
Start importing Assets/Shader/New Material.mat using Guid(bbc27f3c9465e9b46a1ed48dac9e62bc) Importer(815301076,1909f56bfc062723c751e8b465ee728b) (PreviewImporter) -> (artifact id: 'c79914dcfb4dc859503f8374b0c51c58') in 0.1920815 seconds
Number of updated asset objects reloaded before import = 1Number of asset objects unloaded after import = 6

========================================================================
Received Import Request.
  Time since last request: 13.165722 seconds.
  path: Assets/Shader/New Material.mat
  artifactKey: Guid(bbc27f3c9465e9b46a1ed48dac9e62bc) Importer(815301076,1909f56bfc062723c751e8b465ee728b)
Start importing Assets/Shader/New Material.mat using Guid(bbc27f3c9465e9b46a1ed48dac9e62bc) Importer(815301076,1909f56bfc062723c751e8b465ee728b) (PreviewImporter) -> (artifact id: '7c196be81e0eb123bd886a6de94c6ce0') in 0.2650399 seconds
Number of updated asset objects reloaded before import = 1Number of asset objects unloaded after import = 6

========================================================================
Received Import Request.
  Time since last request: 5.313040 seconds.
  path: Assets/Shader/New Material.mat
  artifactKey: Guid(bbc27f3c9465e9b46a1ed48dac9e62bc) Importer(815301076,1909f56bfc062723c751e8b465ee728b)
Start importing Assets/Shader/New Material.mat using Guid(bbc27f3c9465e9b46a1ed48dac9e62bc) Importer(815301076,1909f56bfc062723c751e8b465ee728b) (PreviewImporter) -> (artifact id: '3eb18c840877c60a6f7f94539be32059') in 0.0211349 seconds
Number of updated asset objects reloaded before import = 1Number of asset objects unloaded after import = 6

========================================================================
Received Import Request.
  Time since last request: 54.695753 seconds.
  path: Assets/Scripts/UI/Components/DissolveComponent.cs
  artifactKey: Guid(9ebdddda574807848a5ee3fde57acb6d) Importer(2089858483,b0f066a214c2f5e87bad3c948f4d605d)
Start importing Assets/Scripts/UI/Components/DissolveComponent.cs using Guid(9ebdddda574807848a5ee3fde57acb6d) Importer(2089858483,b0f066a214c2f5e87bad3c948f4d605d) (ScriptedImporter) -> (artifact id: '187958d0f3fad6ee789889b404ecd9b1') in 0.0910061 seconds
Number of updated asset objects reloaded before import = 0Number of asset objects unloaded after import = 0

========================================================================
Received Import Request.
  Time since last request: 0.000027 seconds.
  path: Assets/Shader/Dissolve.shadergraph
  artifactKey: Guid(79126aebf4f9a984691691985ab2f0e4) Importer(2089858483,b0f066a214c2f5e87bad3c948f4d605d)
Start importing Assets/Shader/Dissolve.shadergraph using Guid(79126aebf4f9a984691691985ab2f0e4) Importer(2089858483,b0f066a214c2f5e87bad3c948f4d605d) (ScriptedImporter) -> (artifact id: '7847c706a6c395a755f047071d1795ed') in 0.064616 seconds
Number of updated asset objects reloaded before import = 0Number of asset objects unloaded after import = 5

========================================================================
Received Import Request.
  Time since last request: 0.000040 seconds.
  path: Assets/Scripts/UI/Entity/TurnUI/TurnEndButton.cs
  artifactKey: Guid(fee95d6f619449a4db0e4190fd861831) Importer(2089858483,b0f066a214c2f5e87bad3c948f4d605d)
Start importing Assets/Scripts/UI/Entity/TurnUI/TurnEndButton.cs using Guid(fee95d6f619449a4db0e4190fd861831) Importer(2089858483,b0f066a214c2f5e87bad3c948f4d605d) (ScriptedImporter) -> (artifact id: 'dbb12b358666739c665f070109161606') in 0.015763 seconds
Number of updated asset objects reloaded before import = 0Number of asset objects unloaded after import = 0

========================================================================
Received Import Request.
  Time since last request: 9.367605 seconds.
  path: Assets/Shader/New Material.mat
  artifactKey: Guid(bbc27f3c9465e9b46a1ed48dac9e62bc) Importer(815301076,1909f56bfc062723c751e8b465ee728b)
Start importing Assets/Shader/New Material.mat using Guid(bbc27f3c9465e9b46a1ed48dac9e62bc) Importer(815301076,1909f56bfc062723c751e8b465ee728b) (PreviewImporter) -> (artifact id: '8a71f9c5a4a077b2a99bcb338d48f78d') in 0.4002574 seconds
Number of updated asset objects reloaded before import = 1Number of asset objects unloaded after import = 6

========================================================================
Received Import Request.
  Time since last request: 0.494703 seconds.
  path: Assets/Shader/Dissolve.shadergraph
  artifactKey: Guid(79126aebf4f9a984691691985ab2f0e4) Importer(2089858483,b0f066a214c2f5e87bad3c948f4d605d)
Start importing Assets/Shader/Dissolve.shadergraph using Guid(79126aebf4f9a984691691985ab2f0e4) Importer(2089858483,b0f066a214c2f5e87bad3c948f4d605d) (ScriptedImporter) -> (artifact id: '719f90ccc1a2e857274f7d1581c33b6a') in 0.0185122 seconds
Number of updated asset objects reloaded before import = 0Number of asset objects unloaded after import = 5

========================================================================
Received Import Request.
  Time since last request: 20.251732 seconds.
  path: Assets/Shader/New Shader Graph.shadergraph
  artifactKey: Guid(ac44118b8fe3acf45b7ba252d433dd97) Importer(815301076,1909f56bfc062723c751e8b465ee728b)
Start importing Assets/Shader/New Shader Graph.shadergraph using Guid(ac44118b8fe3acf45b7ba252d433dd97) Importer(815301076,1909f56bfc062723c751e8b465ee728b) (PreviewImporter) -> (artifact id: '9d64f95c56f92ea09af8f83c7cba58a4') in 0.2681907 seconds
Number of updated asset objects reloaded before import = 0Number of asset objects unloaded after import = 5

========================================================================
Received Import Request.
  Time since last request: 0.371677 seconds.
  path: Assets/Shader/New Shader Graph.shadergraph
  artifactKey: Guid(ac44118b8fe3acf45b7ba252d433dd97) Importer(2089858483,b0f066a214c2f5e87bad3c948f4d605d)
Start importing Assets/Shader/New Shader Graph.shadergraph using Guid(ac44118b8fe3acf45b7ba252d433dd97) Importer(2089858483,b0f066a214c2f5e87bad3c948f4d605d) (ScriptedImporter) -> (artifact id: 'cee7b063032181616187224785b42ab4') in 0.0199735 seconds
Number of updated asset objects reloaded before import = 0Number of asset objects unloaded after import = 5

========================================================================
Received Import Request.
  Time since last request: 58.480583 seconds.
  path: Assets/Spine/Editor/spine-unity/Editor/GUI/icon-slot.png
  artifactKey: Guid(0338faf3e7d93e2478fcbc022d13e081) Importer(815301076,1909f56bfc062723c751e8b465ee728b)
Start importing Assets/Spine/Editor/spine-unity/Editor/GUI/icon-slot.png using Guid(0338faf3e7d93e2478fcbc022d13e081) Importer(815301076,1909f56bfc062723c751e8b465ee728b) (PreviewImporter) -> (artifact id: '0c22f5ec6814343d90908dbb1ca2cfc3') in 0.0380841 seconds
Number of updated asset objects reloaded before import = 0Number of asset objects unloaded after import = 2

========================================================================
Received Import Request.
  Time since last request: 0.402189 seconds.
  path: Assets/Spine/Editor/spine-unity/Editor/GUI/icon-spine.png
  artifactKey: Guid(4e7c964fa5e07024c8bf1debecc3b7c8) Importer(815301076,1909f56bfc062723c751e8b465ee728b)
Start importing Assets/Spine/Editor/spine-unity/Editor/GUI/icon-spine.png using Guid(4e7c964fa5e07024c8bf1debecc3b7c8) Importer(815301076,1909f56bfc062723c751e8b465ee728b) (PreviewImporter) -> (artifact id: '09d105cbcec92c0bbc1043e3d726b09b') in 0.0292488 seconds
Number of updated asset objects reloaded before import = 0Number of asset objects unloaded after import = 2

========================================================================
Received Import Request.
  Time since last request: 0.000027 seconds.
  path: Assets/Spine/Editor/spine-unity/Editor/GUI/icon-subMeshRenderer.png
  artifactKey: Guid(f31c0c0d608e8ba4f9a1afb032092287) Importer(815301076,1909f56bfc062723c751e8b465ee728b)
Start importing Assets/Spine/Editor/spine-unity/Editor/GUI/icon-subMeshRenderer.png using Guid(f31c0c0d608e8ba4f9a1afb032092287) Importer(815301076,1909f56bfc062723c751e8b465ee728b) (PreviewImporter) -> (artifact id: 'd04853547a48e5b5f8668a646ec92645') in 0.0330795 seconds
Number of updated asset objects reloaded before import = 0Number of asset objects unloaded after import = 2

========================================================================
Received Import Request.
  Time since last request: 0.168166 seconds.
  path: Assets/Spine/Editor/spine-unity/Editor/GUI/icon-weights.png
  artifactKey: Guid(0b1bcb09fa228d049ba3c9ea6a57e1ee) Importer(815301076,1909f56bfc062723c751e8b465ee728b)
Start importing Assets/Spine/Editor/spine-unity/Editor/GUI/icon-weights.png using Guid(0b1bcb09fa228d049ba3c9ea6a57e1ee) Importer(815301076,1909f56bfc062723c751e8b465ee728b) (PreviewImporter) -> (artifact id: '155fe35492da6e8de3e0b78e901ac3b1') in 0.0508771 seconds
Number of updated asset objects reloaded before import = 0Number of asset objects unloaded after import = 2

========================================================================
Received Import Request.
  Time since last request: 0.379230 seconds.
  path: Assets/SkySeries Freebie/FreebieHdri/MegaSun4k.hdr
  artifactKey: Guid(8967f190ed29c46418093a47d66daee8) Importer(815301076,1909f56bfc062723c751e8b465ee728b)
Start importing Assets/SkySeries Freebie/FreebieHdri/MegaSun4k.hdr using Guid(8967f190ed29c46418093a47d66daee8) Importer(815301076,1909f56bfc062723c751e8b465ee728b) (PreviewImporter) -> (artifact id: '2f0d28b66d5cba541f5098ac14742c03') in 0.0538741 seconds
Number of updated asset objects reloaded before import = 0Number of asset objects unloaded after import = 1

========================================================================
Received Import Request.
  Time since last request: 0.000032 seconds.
  path: Assets/SkySeries Freebie/FreebieHdri/MegaSunBottom.hdr
  artifactKey: Guid(3de85f3af41435a4c8f9d237bc1f19ec) Importer(815301076,1909f56bfc062723c751e8b465ee728b)
Start importing Assets/SkySeries Freebie/FreebieHdri/MegaSunBottom.hdr using Guid(3de85f3af41435a4c8f9d237bc1f19ec) Importer(815301076,1909f56bfc062723c751e8b465ee728b) (PreviewImporter) -> (artifact id: '74555f536989ebd59feba621d98c38dd') in 0.0166926 seconds
Number of updated asset objects reloaded before import = 0Number of asset objects unloaded after import = 2

========================================================================
Received Import Request.
  Time since last request: 1.655055 seconds.
  path: Assets/SkySeries Freebie/FreebieHdri/MegaSunFront.hdr
  artifactKey: Guid(b915aaf1fa7dbd54a9e60e42712933a9) Importer(815301076,1909f56bfc062723c751e8b465ee728b)
Start importing Assets/SkySeries Freebie/FreebieHdri/MegaSunFront.hdr using Guid(b915aaf1fa7dbd54a9e60e42712933a9) Importer(815301076,1909f56bfc062723c751e8b465ee728b) (PreviewImporter) -> (artifact id: '596e1f7c8d250411bcf0583a7c684b31') in 0.042896 seconds
Number of updated asset objects reloaded before import = 0Number of asset objects unloaded after import = 2

========================================================================
Received Import Request.
  Time since last request: 0.000025 seconds.
  path: Assets/SkySeries Freebie/FreebieHdri/MegaSunRight.hdr
  artifactKey: Guid(f5760fc943c5eb643a2291630888f6a1) Importer(815301076,1909f56bfc062723c751e8b465ee728b)
Start importing Assets/SkySeries Freebie/FreebieHdri/MegaSunRight.hdr using Guid(f5760fc943c5eb643a2291630888f6a1) Importer(815301076,1909f56bfc062723c751e8b465ee728b) (PreviewImporter) -> (artifact id: '3d1b7b9303a184c2fe97e31bd5ecf3dc') in 0.0171466 seconds
Number of updated asset objects reloaded before import = 0Number of asset objects unloaded after import = 2

========================================================================
Received Import Request.
  Time since last request: 0.733822 seconds.
  path: Assets/Spine Examples/Spine Skeletons/mix-and-match/mix-and-match.png
  artifactKey: Guid(a837e662e711d1a4ba0b4a9aeb141878) Importer(815301076,1909f56bfc062723c751e8b465ee728b)
Start importing Assets/Spine Examples/Spine Skeletons/mix-and-match/mix-and-match.png using Guid(a837e662e711d1a4ba0b4a9aeb141878) Importer(815301076,1909f56bfc062723c751e8b465ee728b) (PreviewImporter) -> (artifact id: 'fc2891113056e6b9a9a365d9ee787082') in 0.0391155 seconds
Number of updated asset objects reloaded before import = 0Number of asset objects unloaded after import = 2

========================================================================
Received Import Request.
  Time since last request: 4.654148 seconds.
  path: Assets/Shader/New Shader Graph.shadergraph
  artifactKey: Guid(ac44118b8fe3acf45b7ba252d433dd97) Importer(815301076,1909f56bfc062723c751e8b465ee728b)
Start importing Assets/Shader/New Shader Graph.shadergraph using Guid(ac44118b8fe3acf45b7ba252d433dd97) Importer(815301076,1909f56bfc062723c751e8b465ee728b) (PreviewImporter) -> (artifact id: 'b7568957f9d3cde6fefcc2d1baf3165e') in 0.2797534 seconds
Number of updated asset objects reloaded before import = 0Number of asset objects unloaded after import = 6

========================================================================
Received Import Request.
  Time since last request: 0.359807 seconds.
  path: Assets/Shader/New Shader Graph.shadergraph
  artifactKey: Guid(ac44118b8fe3acf45b7ba252d433dd97) Importer(2089858483,b0f066a214c2f5e87bad3c948f4d605d)
Start importing Assets/Shader/New Shader Graph.shadergraph using Guid(ac44118b8fe3acf45b7ba252d433dd97) Importer(2089858483,b0f066a214c2f5e87bad3c948f4d605d) (ScriptedImporter) -> (artifact id: 'da07791e9c4515b20c6afeb5aad2e117') in 0.0174198 seconds
Number of updated asset objects reloaded before import = 0Number of asset objects unloaded after import = 6

========================================================================
Received Import Request.
  Time since last request: 8.995288 seconds.
  path: Assets/Shader/Shader Graphs_New Shader Graph.mat
  artifactKey: Guid(069d4ec92bf91ec43947bcca2382d425) Importer(815301076,1909f56bfc062723c751e8b465ee728b)
Start importing Assets/Shader/Shader Graphs_New Shader Graph.mat using Guid(069d4ec92bf91ec43947bcca2382d425) Importer(815301076,1909f56bfc062723c751e8b465ee728b) (PreviewImporter) -> (artifact id: 'a524cd45a2143a422c320329a3b969d1') in 0.0216212 seconds
Number of updated asset objects reloaded before import = 0Number of asset objects unloaded after import = 7

========================================================================
Received Import Request.
  Time since last request: 0.902063 seconds.
  path: Assets/Shader/Shader Graphs_New Shader Graph.mat
  artifactKey: Guid(069d4ec92bf91ec43947bcca2382d425) Importer(2089858483,b0f066a214c2f5e87bad3c948f4d605d)
Start importing Assets/Shader/Shader Graphs_New Shader Graph.mat using Guid(069d4ec92bf91ec43947bcca2382d425) Importer(2089858483,b0f066a214c2f5e87bad3c948f4d605d) (ScriptedImporter) -> (artifact id: 'f367eb01c2a987592956c0d79bf95a0b') in 0.0188441 seconds
Number of updated asset objects reloaded before import = 0Number of asset objects unloaded after import = 7

========================================================================
Received Import Request.
  Time since last request: 20.532408 seconds.
  path: Assets/Shader/Shader Graphs_New Shader Graph.mat
  artifactKey: Guid(069d4ec92bf91ec43947bcca2382d425) Importer(815301076,1909f56bfc062723c751e8b465ee728b)
Start importing Assets/Shader/Shader Graphs_New Shader Graph.mat using Guid(069d4ec92bf91ec43947bcca2382d425) Importer(815301076,1909f56bfc062723c751e8b465ee728b) (PreviewImporter) -> (artifact id: 'b58f80a270feac4264fe08521be78731') in 0.3824683 seconds
Number of updated asset objects reloaded before import = 0Number of asset objects unloaded after import = 7

========================================================================
Received Import Request.
  Time since last request: 0.499848 seconds.
  path: Assets/Shader/New Shader Graph.shadergraph
  artifactKey: Guid(ac44118b8fe3acf45b7ba252d433dd97) Importer(2089858483,b0f066a214c2f5e87bad3c948f4d605d)
Start importing Assets/Shader/New Shader Graph.shadergraph using Guid(ac44118b8fe3acf45b7ba252d433dd97) Importer(2089858483,b0f066a214c2f5e87bad3c948f4d605d) (ScriptedImporter) -> (artifact id: '7c04039330c2dea6e887a504adfc89a1') in 0.0176823 seconds
Number of updated asset objects reloaded before import = 0Number of asset objects unloaded after import = 6

