[Licensing::Module] Trying to connect to existing licensing client channel...
Built from '6000.3/staging' branch; Version is '6000.3.17f1 (cf0352b38e81) revision 13566802'; Using compiler version '194234433'; Build Type 'Release'
OS: 'Windows 11  (10.0.26200) Core' Language: 'ko' Physical Memory: 32586 MB
[Licensing::IpcConnector] Successfully connected to: "LicenseClient-gimch" at "2026-10-02T05:42:38.4275392Z"
BatchMode: 1, IsHumanControllingUs: 0, StartBugReporterOnCrash: 0, Is64bit: 1
System  architecture: x64
Process architecture: x64
Date: 2026-10-02T05:42:38Z

COMMAND LINE ARGUMENTS:
C:\Program Files\Unity\Hub\Editor\6000.3.17f1\Editor\Unity.exe
-adb2
-batchMode
-noUpm
-name
AssetImportWorker3
-projectPath
C:/Git/GitHub/HanessTest/My project
-logFile
Logs/AssetImportWorker3.log
-srvPort
52123
-licensingIpc
LicenseClient-gimch
-job-worker-count
7
-background-job-worker-count
8
-gc-helper-count
1
-name
AssetImport
Successfully changed project path to: C:/Git/GitHub/HanessTest/My project
C:/Git/GitHub/HanessTest/My project
[UnityMemory] Configuration Parameters - Can be set up in boot.config
    "memorysetup-temp-allocator-size-nav-mesh-worker=65536"
    "memorysetup-temp-allocator-size-audio-worker=65536"
    "memorysetup-temp-allocator-size-gfx=262144"
    "memorysetup-allocator-temp-initial-block-size-main=262144"
    "memorysetup-allocator-temp-initial-block-size-worker=262144"
    "memorysetup-temp-allocator-size-background-worker=32768"
    "memorysetup-temp-allocator-size-job-worker=262144"
    "memorysetup-temp-allocator-size-preload-manager=33554432"
    "memorysetup-temp-allocator-size-gi-baking-worker=262144"
    "memorysetup-temp-allocator-size-gi-baking-worker=262144"
    "memorysetup-temp-allocator-size-gi-baking-worker=262144"
    "memorysetup-temp-allocator-size-gi-baking-worker=262144"
    "memorysetup-temp-allocator-size-gi-baking-worker=262144"
    "memorysetup-bucket-allocator-granularity=16"
    "memorysetup-bucket-allocator-bucket-count=8"
    "memorysetup-bucket-allocator-block-size=33554432"
    "memorysetup-bucket-allocator-block-count=8"
    "memorysetup-main-allocator-block-size=16777216"
    "memorysetup-thread-allocator-block-size=16777216"
    "memorysetup-gfx-main-allocator-block-size=16777216"
    "memorysetup-gfx-thread-allocator-block-size=16777216"
    "memorysetup-cache-allocator-block-size=4194304"
    "memorysetup-typetree-allocator-block-size=2097152"
    "memorysetup-profiler-bucket-allocator-granularity=16"
    "memorysetup-profiler-bucket-allocator-bucket-count=8"
    "memorysetup-profiler-bucket-allocator-block-size=33554432"
    "memorysetup-profiler-bucket-allocator-block-count=8"
    "memorysetup-profiler-allocator-block-size=16777216"
    "memorysetup-profiler-editor-allocator-block-size=1048576"
    "memorysetup-temp-allocator-size-main=16777216"
    "memorysetup-job-temp-allocator-block-size=2097152"
    "memorysetup-job-temp-allocator-block-size-background=1048576"
    "memorysetup-job-temp-allocator-reduction-small-platforms=262144"
    "memorysetup-temp-allocator-size-cloud-worker=32768"
Player connection [24960]  Target information:

Player connection [24960]  * "[IP] 192.168.0.41 [Port] 0 [Flags] 2 [Guid] 4139579042 [EditorId] 4139579042 [Version] 1048832 [Id] WindowsEditor(7,PinkPig) [Debug] 1 [PackageName] WindowsEditor [ProjectName] Editor" 

Player connection [24960] Host joined multi-casting on [225.0.0.222:54997]...
Player connection [24960] Host joined alternative multi-casting on [225.0.0.222:34997]...
JobSystem: Creating JobQueue using job-worker-count value 7
Input System module state changed to: Initialized.
[Physics::Module] Initialized fallback backend.
[Physics::Module] Id: 0xdecafbad
Library Redirect Path: Library/
[Physics::Module] Selected backend.
[Physics::Module] Name: PhysX
[Physics::Module] Id: 0xf2b8ea05
[Physics::Module] SDK Version: 4.1.2
[Physics::Module] Integration Version: 1.0.0
[Physics::Module] Threading Mode: Multi-Threaded
Refreshing native plugins compatible for Editor in 28.28 ms, found 9 plugins.
Preloading 1 native plugins for Editor in 1.78 ms.
Initialize engine version: 6000.3.17f1 (cf0352b38e81)
[Subsystems] Discovering subsystems at path C:/Program Files/Unity/Hub/Editor/6000.3.17f1/Editor/Data/Resources/UnitySubsystems
[Subsystems] Discovering subsystems at path C:/Git/GitHub/HanessTest/My project/Assets
GfxDevice: creating device client; kGfxThreadingModeNonThreaded
d3d12: failed to query info queue interface (0x80004002).
Direct3D:
    Version:         Direct3D 12 [level 12.2]
    Renderer:        NVIDIA GeForce RTX 4050 Laptop GPU (ID=0x28e1)
    Vendor:          NVIDIA
    VRAM:            5921 MB
    App VRAM Budget: 5153 MB
    Driver:          32.0.15.6626
Initialize mono
Mono path[0] = 'C:/Program Files/Unity/Hub/Editor/6000.3.17f1/Editor/Data/Managed'
Mono path[1] = 'C:/Program Files/Unity/Hub/Editor/6000.3.17f1/Editor/Data/MonoBleedingEdge/lib/mono/unityjit-win32'
Mono config path = 'C:/Program Files/Unity/Hub/Editor/6000.3.17f1/Editor/Data/MonoBleedingEdge/etc'
Using monoOptions --debugger-agent=transport=dt_socket,embedding=1,server=y,suspend=n,address=127.0.0.1:56420
Begin MonoManager ReloadAssembly
Registering precompiled unity dll's ...
Register platform support module: C:/Program Files/Unity/Hub/Editor/6000.3.17f1/Editor/Data/PlaybackEngines/WindowsStandaloneSupport/UnityEditor.WindowsStandalone.Extensions.dll
[Licensing::Module] Licensing is not yet initialized.
[Licensing::Client] Error: HandshakeResponse reported an error:
	ResponseCode: 505
	ResponseStatus: Unsupported protocol version '1.18.1'.
[Licensing::Module] Error: Failed to handshake to channel: "LicenseClient-gimch"
[Licensing::IpcConnector] LicenseClient-gimch channel disconnected successfully.
[Licensing::IpcConnector] Successfully connected to: "LicenseClient-gimch-6000.3.17" at "2026-10-02T05:42:41.7152117Z"
[Licensing::Client] Code 10 while verifying Licensing Client signature (process Id: 17236, path: "C:/Program Files/Unity/Hub/Editor/6000.3.17f1/Editor/Data/Resources/Licensing/Client/Unity.Licensing.Client.exe")
[Licensing::Module] LicensingClient has failed validation; ignoring
[Licensing::Client] Handshaking with LicensingClient:
  Version:                 1.18.1+9fbee8e
  Session Id:              391fff0c98af47e08b2f53944a723821
  Correlation Id:          8d2eaaddc5a5eb82c1726dcba70b0239
  External correlation Id: 1106435170106783028
  Machine Id:              qYODGWtciqlND+gpT+KAP1aicpw=
[Licensing::Module] Successfully connected to LicensingClient on channel: "LicenseClient-gimch-6000.3.17" (connect: 0.00s, validation: 0.00s, handshake: 0.01s)
[Licensing::IpcConnector] Successfully connected to: "LicenseClient-gimch-6000.3.17-notifications" at "2026-10-02T05:42:41.7321952Z"
[Licensing::Module] Licensing Background thread has ended after 3.31s
[Licensing::Module] Licensing is initialized (took 0.86s).
[Licensing::Client] Successfully resolved entitlement details
[Licensing::Module] License group:
  Id: 14568713557572-UnityPersXXXX
  Product: Unity Personal
  Type: Assigned
  Expiration: Unlimited
Register platform support module: C:/Program Files/Unity/Hub/Editor/6000.3.17f1/Editor/Data/PlaybackEngines/AndroidPlayer/UnityEditor.Android.Extensions.dll
Registered in 0.870079 seconds.
- Loaded All Assemblies, in  1.526 seconds
Native extension for Android target not found
Native extension for WindowsStandalone target not found
Package Manager log level set to [2]
[Package Manager] Failed to launch server process. Reason: Unity was launched with the -noUpm command-line argument
[Package Manager] Unable to send message (not connected to server process).
[Package Manager] Cannot connect to Unity Package Manager local server
ScheduleIndexationOnStartup MainProcess:False IndexOnStartup:True
Mono: successfully reloaded assembly
- Finished resetting the current domain, in  0.617 seconds
Domain Reload Profiling: 2140ms
	BeginReloadAssembly (212ms)
		ExecutionOrderSort (0ms)
		DisableScriptedObjects (0ms)
		BackupInstance (0ms)
		ReleaseScriptingObjects (0ms)
		CreateAndSetChildDomain (1ms)
	RebuildCommonClasses (61ms)
	RebuildNativeTypeToScriptingClass (21ms)
	initialDomainReloadingComplete (943ms)
	LoadAllAssembliesAndSetupDomain (286ms)
		LoadAssemblies (207ms)
		RebuildTransferFunctionScriptingTraits (0ms)
		AnalyzeDomain (281ms)
			TypeCache.Refresh (278ms)
				TypeCache.ScanAssembly (257ms)
			BuildScriptInfoCaches (0ms)
			ResolveRequiredComponents (1ms)
	FinalizeReload (618ms)
		ReleaseScriptCaches (0ms)
		RebuildScriptCaches (0ms)
		SetupLoadedEditorAssemblies (527ms)
			LogAssemblyErrors (0ms)
			InitializePlatformSupportModulesInManaged (93ms)
			SetLoadedEditorAssemblies (6ms)
			BeforeProcessingInitializeOnLoad (127ms)
			ProcessInitializeOnLoadAttributes (196ms)
			ProcessInitializeOnLoadMethodAttributes (104ms)
			AfterProcessingInitializeOnLoad (0ms)
			EditorAssembliesLoaded (0ms)
		ExecutionOrderSort2 (0ms)
		AwakeInstancesAfterBackupRestoration (0ms)
========================================================================
Worker process is ready to serve import requests
Import Worker Mode flag is 0x00
Begin MonoManager ReloadAssembly
[Licensing::Client] Successfully resolved entitlement details
Symbol file LoadedFromMemory is not a mono symbol file
- Loaded All Assemblies, in  1.791 seconds
Refreshing native plugins compatible for Editor in 20.14 ms, found 9 plugins.
Native extension for Android target not found
Native extension for WindowsStandalone target not found
[Package Manager] Failed to launch server process. Reason: Unity was launched with the -noUpm command-line argument
[Package Manager] Unable to send message (not connected to server process).
[Package Manager] Cannot connect to Unity Package Manager local server
Refreshing native plugins compatible for Editor in 20.94 ms, found 9 plugins.
[Package Manager] Failed to launch server process. Reason: Unity was launched with the -noUpm command-line argument
[Package Manager] Unable to send message (not connected to server process).
[Package Manager] Cannot connect to Unity Package Manager local server
System.Exception: Error! Visual Scripting: couldn't find visual scripting package
  at Unity.VisualScripting.PackageVersionUtility.get_version () [0x00043] in .\Library\PackageCache\com.unity.visualscripting@8bed5ad90189\Editor\VisualScripting.Core\Utilities\PackageVersionUtility.cs:31 
  at Unity.VisualScripting.BoltCoreManifest.get_version () [0x00000] in .\Library\PackageCache\com.unity.visualscripting@8bed5ad90189\Editor\VisualScripting.Core\Plugin\BoltCoreManifest.cs:11 
  at Unity.VisualScripting.PluginManifest.get_currentVersion () [0x00000] in .\Library\PackageCache\com.unity.visualscripting@8bed5ad90189\Editor\VisualScripting.Core\Plugins\PluginManifest.cs:33 
  at Unity.VisualScripting.PluginManifest.get_versionMismatch () [0x00000] in .\Library\PackageCache\com.unity.visualscripting@8bed5ad90189\Editor\VisualScripting.Core\Plugins\PluginManifest.cs:48 
  at Unity.VisualScripting.PluginContainer.Initialize () [0x00525] in .\Library\PackageCache\com.unity.visualscripting@8bed5ad90189\Editor\VisualScripting.Core\Plugins\PluginContainer.cs:208 
  at Unity.VisualScripting.PluginContainer.InitializeOnLoad () [0x00009] in .\Library\PackageCache\com.unity.visualscripting@8bed5ad90189\Editor\VisualScripting.Core\Plugins\PluginContainer.cs:32 
  at Unity.VisualScripting.VSUsageUtility.DoInitializeOnLoadCalls () [0x00034] in .\Library\PackageCache\com.unity.visualscripting@8bed5ad90189\Editor\VisualScripting.Core\Utilities\VSUsageUtility.cs:76 
  at Unity.VisualScripting.VSUsageUtility.set_isVisualScriptingUsed (System.Boolean value) [0x0002c] in .\Library\PackageCache\com.unity.visualscripting@8bed5ad90189\Editor\VisualScripting.Core\Utilities\VSUsageUtility.cs:114 
  at Unity.VisualScripting.VSUsageUtility.CheckAndSetIsVisualScriptingUsed () [0x00032] in .\Library\PackageCache\com.unity.visualscripting@8bed5ad90189\Editor\VisualScripting.Core\Utilities\VSUsageUtility.cs:48 
  at Unity.VisualScripting.VSUsageUtility..cctor () [0x00000] in .\Library\PackageCache\com.unity.visualscripting@8bed5ad90189\Editor\VisualScripting.Core\Utilities\VSUsageUtility.cs:22 
UnityEngine.Debug:ExtractStackTraceNoAlloc (byte*,int,string)
UnityEngine.StackTraceUtility:ExtractStackTrace ()
UnityEngine.DebugLogHandler:Internal_Log (UnityEngine.LogType,UnityEngine.LogOption,string,UnityEngine.Object)
UnityEngine.DebugLogHandler:LogFormat (UnityEngine.LogType,UnityEngine.Object,string,object[])
UnityEngine.Logger:Log (UnityEngine.LogType,object)
UnityEngine.Debug:LogError (object)
UnityEditor.EditorAssemblies:ProcessInitializeOnLoadAttributes (System.Type[])

ScheduleIndexationOnStartup MainProcess:False IndexOnStartup:True
Mono: successfully reloaded assembly
- Finished resetting the current domain, in  2.753 seconds
Domain Reload Profiling: 4534ms
	BeginReloadAssembly (280ms)
		ExecutionOrderSort (0ms)
		DisableScriptedObjects (8ms)
		BackupInstance (0ms)
		ReleaseScriptingObjects (0ms)
		CreateAndSetChildDomain (46ms)
	RebuildCommonClasses (64ms)
	RebuildNativeTypeToScriptingClass (19ms)
	initialDomainReloadingComplete (75ms)
	LoadAllAssembliesAndSetupDomain (1341ms)
		LoadAssemblies (840ms)
		RebuildTransferFunctionScriptingTraits (0ms)
		AnalyzeDomain (662ms)
			TypeCache.Refresh (468ms)
				TypeCache.ScanAssembly (432ms)
			BuildScriptInfoCaches (165ms)
			ResolveRequiredComponents (20ms)
	FinalizeReload (2754ms)
		ReleaseScriptCaches (0ms)
		RebuildScriptCaches (0ms)
		SetupLoadedEditorAssemblies (2440ms)
			LogAssemblyErrors (0ms)
			InitializePlatformSupportModulesInManaged (12ms)
			SetLoadedEditorAssemblies (7ms)
			BeforeProcessingInitializeOnLoad (335ms)
			ProcessInitializeOnLoadAttributes (1612ms)
			ProcessInitializeOnLoadMethodAttributes (464ms)
			AfterProcessingInitializeOnLoad (9ms)
			EditorAssembliesLoaded (1ms)
		ExecutionOrderSort2 (0ms)
		AwakeInstancesAfterBackupRestoration (11ms)
WARNING: Shader Unsupported: 'Spine/Outline/SkeletonGraphic' - All subshaders removed
WARNING: Shader Did you use #pragma only_renderers and omit this platform?
WARNING: Shader If subshaders removal was intentional, you may have forgotten turning Fallback off?
WARNING: Shader Unsupported: 'Spine/Outline/SkeletonGraphic' - All subshaders removed
WARNING: Shader Did you use #pragma only_renderers and omit this platform?
WARNING: Shader If subshaders removal was intentional, you may have forgotten turning Fallback off?
WARNING: Shader Unsupported: 'Spine/Outline/Special/Skeleton Grayscale' - All subshaders removed
WARNING: Shader Did you use #pragma only_renderers and omit this platform?
WARNING: Shader If subshaders removal was intentional, you may have forgotten turning Fallback off?
WARNING: Shader Unsupported: 'Spine/Outline/Special/Skeleton Grayscale' - All subshaders removed
WARNING: Shader Did you use #pragma only_renderers and omit this platform?
WARNING: Shader If subshaders removal was intentional, you may have forgotten turning Fallback off?
WARNING: Shader Unsupported: 'Spine/Outline/Sprite/Vertex Lit' - All subshaders removed
WARNING: Shader Did you use #pragma only_renderers and omit this platform?
WARNING: Shader If subshaders removal was intentional, you may have forgotten turning Fallback off?
WARNING: Shader Unsupported: 'Spine/Outline/Sprite/Vertex Lit' - All subshaders removed
WARNING: Shader Did you use #pragma only_renderers and omit this platform?
WARNING: Shader If subshaders removal was intentional, you may have forgotten turning Fallback off?
WARNING: Shader Unsupported: 'Spine/Outline/SkeletonGraphic Tint Black' - All subshaders removed
WARNING: Shader Did you use #pragma only_renderers and omit this platform?
WARNING: Shader If subshaders removal was intentional, you may have forgotten turning Fallback off?
WARNING: Shader Unsupported: 'Spine/Outline/SkeletonGraphic Tint Black' - All subshaders removed
WARNING: Shader Did you use #pragma only_renderers and omit this platform?
WARNING: Shader If subshaders removal was intentional, you may have forgotten turning Fallback off?
WARNING: Shader Unsupported: 'Spine/Outline/Skeleton Lit ZWrite' - All subshaders removed
WARNING: Shader Did you use #pragma only_renderers and omit this platform?
WARNING: Shader If subshaders removal was intentional, you may have forgotten turning Fallback off?
WARNING: Shader Unsupported: 'Spine/Outline/Skeleton Lit ZWrite' - All subshaders removed
WARNING: Shader Did you use #pragma only_renderers and omit this platform?
WARNING: Shader If subshaders removal was intentional, you may have forgotten turning Fallback off?
WARNING: Shader Unsupported: 'Spine/Outline/Skeleton Fill' - All subshaders removed
WARNING: Shader Did you use #pragma only_renderers and omit this platform?
WARNING: Shader If subshaders removal was intentional, you may have forgotten turning Fallback off?
WARNING: Shader Unsupported: 'Spine/Outline/Skeleton Fill' - All subshaders removed
WARNING: Shader Did you use #pragma only_renderers and omit this platform?
WARNING: Shader If subshaders removal was intentional, you may have forgotten turning Fallback off?
WARNING: Shader Unsupported: 'Spine/Outline/Blend Modes/Skeleton PMA Additive' - All subshaders removed
WARNING: Shader Did you use #pragma only_renderers and omit this platform?
WARNING: Shader If subshaders removal was intentional, you may have forgotten turning Fallback off?
WARNING: Shader Unsupported: 'Spine/Outline/Blend Modes/Skeleton PMA Additive' - All subshaders removed
WARNING: Shader Did you use #pragma only_renderers and omit this platform?
WARNING: Shader If subshaders removal was intentional, you may have forgotten turning Fallback off?
WARNING: Shader Unsupported: 'Spine/Outline/Skeleton Lit' - All subshaders removed
WARNING: Shader Did you use #pragma only_renderers and omit this platform?
WARNING: Shader If subshaders removal was intentional, you may have forgotten turning Fallback off?
WARNING: Shader Unsupported: 'Spine/Outline/Skeleton Lit' - All subshaders removed
WARNING: Shader Did you use #pragma only_renderers and omit this platform?
WARNING: Shader If subshaders removal was intentional, you may have forgotten turning Fallback off?
WARNING: Shader Unsupported: 'Spine/Outline/Sprite/Unlit' - All subshaders removed
WARNING: Shader Did you use #pragma only_renderers and omit this platform?
WARNING: Shader If subshaders removal was intentional, you may have forgotten turning Fallback off?
WARNING: Shader Unsupported: 'Spine/Outline/Sprite/Unlit' - All subshaders removed
WARNING: Shader Did you use #pragma only_renderers and omit this platform?
WARNING: Shader If subshaders removal was intentional, you may have forgotten turning Fallback off?
WARNING: Shader Unsupported: 'Spine/Outline/Skeleton Tint' - All subshaders removed
WARNING: Shader Did you use #pragma only_renderers and omit this platform?
WARNING: Shader If subshaders removal was intentional, you may have forgotten turning Fallback off?
WARNING: Shader Unsupported: 'Spine/Outline/Skeleton Tint' - All subshaders removed
WARNING: Shader Did you use #pragma only_renderers and omit this platform?
WARNING: Shader If subshaders removal was intentional, you may have forgotten turning Fallback off?
WARNING: Shader Unsupported: 'Spine/Outline/Sprite/Pixel Lit' - All subshaders removed
WARNING: Shader Did you use #pragma only_renderers and omit this platform?
WARNING: Shader If subshaders removal was intentional, you may have forgotten turning Fallback off?
WARNING: Shader Unsupported: 'Spine/Outline/Sprite/Pixel Lit' - All subshaders removed
WARNING: Shader Did you use #pragma only_renderers and omit this platform?
WARNING: Shader If subshaders removal was intentional, you may have forgotten turning Fallback off?
WARNING: Shader Unsupported: 'Spine/Outline/Skeleton' - All subshaders removed
WARNING: Shader Did you use #pragma only_renderers and omit this platform?
WARNING: Shader If subshaders removal was intentional, you may have forgotten turning Fallback off?
WARNING: Shader Unsupported: 'Spine/Outline/Skeleton' - All subshaders removed
WARNING: Shader Did you use #pragma only_renderers and omit this platform?
WARNING: Shader If subshaders removal was intentional, you may have forgotten turning Fallback off?
WARNING: Shader Unsupported: 'Spine/Outline/Blend Modes/Skeleton PMA Screen' - All subshaders removed
WARNING: Shader Did you use #pragma only_renderers and omit this platform?
WARNING: Shader If subshaders removal was intentional, you may have forgotten turning Fallback off?
WARNING: Shader Unsupported: 'Spine/Outline/Blend Modes/Skeleton PMA Screen' - All subshaders removed
WARNING: Shader Did you use #pragma only_renderers and omit this platform?
WARNING: Shader If subshaders removal was intentional, you may have forgotten turning Fallback off?
WARNING: Shader Unsupported: 'Spine/Outline/Skeleton Tint Black' - All subshaders removed
WARNING: Shader Did you use #pragma only_renderers and omit this platform?
WARNING: Shader If subshaders removal was intentional, you may have forgotten turning Fallback off?
WARNING: Shader Unsupported: 'Spine/Outline/Skeleton Tint Black' - All subshaders removed
WARNING: Shader Did you use #pragma only_renderers and omit this platform?
WARNING: Shader If subshaders removal was intentional, you may have forgotten turning Fallback off?
WARNING: Shader Unsupported: 'Spine/Outline/Blend Modes/Skeleton PMA Multiply' - All subshaders removed
WARNING: Shader Did you use #pragma only_renderers and omit this platform?
WARNING: Shader If subshaders removal was intentional, you may have forgotten turning Fallback off?
WARNING: Shader Unsupported: 'Spine/Outline/Blend Modes/Skeleton PMA Multiply' - All subshaders removed
WARNING: Shader Did you use #pragma only_renderers and omit this platform?
WARNING: Shader If subshaders removal was intentional, you may have forgotten turning Fallback off?
Launched and connected shader compiler UnityShaderCompiler.exe after 0.01 seconds
Refreshing native plugins compatible for Editor in 19.29 ms, found 9 plugins.
Preloading 1 native plugins for Editor in 0.11 ms.
Unloading 31 Unused Serialized files (Serialized files now loaded: 0)
Unloading 11478 unused Assets / (9.6 MB). Loaded Objects now: 12335.
Memory consumption went from 224.7 MB to 215.1 MB.
Total: 46.028800 ms (FindLiveObjects: 1.658500 ms CreateObjectMapping: 3.516400 ms MarkObjects: 33.496700 ms  DeleteObjects: 7.356000 ms)

========================================================================
Received Import Request.
  Time since last request: 1214292.194747 seconds.
  path: Assets/GoogleMobileAds/GoogleMobileAds.Ump.dll
  artifactKey: Guid(f84de9af142947eeb3522e42d9487838) Importer(2089858483,b0f066a214c2f5e87bad3c948f4d605d)
Start importing Assets/GoogleMobileAds/GoogleMobileAds.Ump.dll using Guid(f84de9af142947eeb3522e42d9487838) Importer(2089858483,b0f066a214c2f5e87bad3c948f4d605d) (ScriptedImporter) -> (artifact id: 'f96c7732c75c6dd674c19c4161983407') in 0.1116637 seconds
Number of updated asset objects reloaded before import = 0Number of asset objects unloaded after import = 0

========================================================================
Received Import Request.
  Time since last request: 0.000023 seconds.
  path: Assets/Scenes/LoadingScene.unity
  artifactKey: Guid(d4766c66d01aa9e44ae4afbff3382e02) Importer(2089858483,b0f066a214c2f5e87bad3c948f4d605d)
Start importing Assets/Scenes/LoadingScene.unity using Guid(d4766c66d01aa9e44ae4afbff3382e02) Importer(2089858483,b0f066a214c2f5e87bad3c948f4d605d) (ScriptedImporter) -> (artifact id: '3bcb59378ec5c77279de2eecb38e5ef6') in 0.0133773 seconds
Number of updated asset objects reloaded before import = 0Number of asset objects unloaded after import = 1

========================================================================
Received Import Request.
  Time since last request: 0.000022 seconds.
  path: Assets/Shader/SpriteOutline.shadergraph
  artifactKey: Guid(fff42d00f01f27846a363ce08077cebe) Importer(2089858483,b0f066a214c2f5e87bad3c948f4d605d)
Start importing Assets/Shader/SpriteOutline.shadergraph using Guid(fff42d00f01f27846a363ce08077cebe) Importer(2089858483,b0f066a214c2f5e87bad3c948f4d605d) (ScriptedImporter) -> (artifact id: '265ddde85f753c2e9be5f523f715936e') in 0.0580111 seconds
Number of updated asset objects reloaded before import = 0Number of asset objects unloaded after import = 4

========================================================================
Received Import Request.
  Time since last request: 0.000036 seconds.
  path: Assets/SkySeries Freebie/PlanetaryEarth.mat
  artifactKey: Guid(16bc8a9d5451ca44d8f70575adbece3a) Importer(2089858483,b0f066a214c2f5e87bad3c948f4d605d)
Start importing Assets/SkySeries Freebie/PlanetaryEarth.mat using Guid(16bc8a9d5451ca44d8f70575adbece3a) Importer(2089858483,b0f066a214c2f5e87bad3c948f4d605d) (ScriptedImporter) -> (artifact id: '7a58f7f996ab21b5b27a40a4e236a053') in 0.08471 seconds
Number of updated asset objects reloaded before import = 0Number of asset objects unloaded after import = 2

========================================================================
Received Import Request.
  Time since last request: 0.000026 seconds.
  path: Assets/SkySeries Freebie/6SidedFluffball.mat
  artifactKey: Guid(efd1c33efd2d58340b88804268e6833f) Importer(2089858483,b0f066a214c2f5e87bad3c948f4d605d)
Start importing Assets/SkySeries Freebie/6SidedFluffball.mat using Guid(efd1c33efd2d58340b88804268e6833f) Importer(2089858483,b0f066a214c2f5e87bad3c948f4d605d) (ScriptedImporter) -> (artifact id: 'db67d069fba04e7658ebbb1971a51115') in 0.036537 seconds
Number of updated asset objects reloaded before import = 0Number of asset objects unloaded after import = 7

========================================================================
Received Import Request.
  Time since last request: 0.000028 seconds.
  path: Assets/SkySeries Freebie/SunlessCirruscover.mat
  artifactKey: Guid(4e154bf235e41704bbd6bbc6fd6c63f6) Importer(2089858483,b0f066a214c2f5e87bad3c948f4d605d)
Start importing Assets/SkySeries Freebie/SunlessCirruscover.mat using Guid(4e154bf235e41704bbd6bbc6fd6c63f6) Importer(2089858483,b0f066a214c2f5e87bad3c948f4d605d) (ScriptedImporter) -> (artifact id: '57b3de495a7b720038fa5c9525315fc3') in 0.032646 seconds
Number of updated asset objects reloaded before import = 0Number of asset objects unloaded after import = 2

========================================================================
Received Import Request.
  Time since last request: 0.000030 seconds.
  path: Assets/GoogleMobileAds/LICENSE
  artifactKey: Guid(dced4676809d4fd080dc99cc6b32b2ab) Importer(2089858483,b0f066a214c2f5e87bad3c948f4d605d)
Start importing Assets/GoogleMobileAds/LICENSE using Guid(dced4676809d4fd080dc99cc6b32b2ab) Importer(2089858483,b0f066a214c2f5e87bad3c948f4d605d) (ScriptedImporter) -> (artifact id: '235ae0aecede739db88d6773c1114c61') in 0.0117681 seconds
Number of updated asset objects reloaded before import = 0Number of asset objects unloaded after import = 1

========================================================================
Received Import Request.
  Time since last request: 0.000018 seconds.
  path: Assets/Spine/version.txt
  artifactKey: Guid(80c06a67282e71043a4b1fad3e0c5654) Importer(2089858483,b0f066a214c2f5e87bad3c948f4d605d)
Start importing Assets/Spine/version.txt using Guid(80c06a67282e71043a4b1fad3e0c5654) Importer(2089858483,b0f066a214c2f5e87bad3c948f4d605d) (ScriptedImporter) -> (artifact id: '1867c03f3e146c421b7fa6bd8ed92e4e') in 0.0150563 seconds
Number of updated asset objects reloaded before import = 0Number of asset objects unloaded after import = 1

========================================================================
Received Import Request.
  Time since last request: 0.000023 seconds.
  path: Assets/Settings/Renderer2D.asset
  artifactKey: Guid(424799608f7334c24bf367e4bbfa7f9a) Importer(2089858483,b0f066a214c2f5e87bad3c948f4d605d)
Start importing Assets/Settings/Renderer2D.asset using Guid(424799608f7334c24bf367e4bbfa7f9a) Importer(2089858483,b0f066a214c2f5e87bad3c948f4d605d) (ScriptedImporter) -> (artifact id: '0e7c578168a02a10579aef0a7165055f') in 0.0457766 seconds
Number of updated asset objects reloaded before import = 0Number of asset objects unloaded after import = 1

========================================================================
Received Import Request.
  Time since last request: 0.000020 seconds.
  path: Assets/SkySeries Freebie/HighFantasy.mat
  artifactKey: Guid(e2341a9d03e86ec4290c72b1e22bbc7c) Importer(2089858483,b0f066a214c2f5e87bad3c948f4d605d)
Start importing Assets/SkySeries Freebie/HighFantasy.mat using Guid(e2341a9d03e86ec4290c72b1e22bbc7c) Importer(2089858483,b0f066a214c2f5e87bad3c948f4d605d) (ScriptedImporter) -> (artifact id: 'd14e31bbb4afd5ef9130f97a1683ccb0') in 0.0345479 seconds
Number of updated asset objects reloaded before import = 0Number of asset objects unloaded after import = 2

========================================================================
Received Import Request.
  Time since last request: 0.000042 seconds.
  path: Assets/_Recovery/0 (10).unity
  artifactKey: Guid(771a0282720e02c458c02b8b4f155a1b) Importer(2089858483,b0f066a214c2f5e87bad3c948f4d605d)
Start importing Assets/_Recovery/0 (10).unity using Guid(771a0282720e02c458c02b8b4f155a1b) Importer(2089858483,b0f066a214c2f5e87bad3c948f4d605d) (ScriptedImporter) -> (artifact id: 'b5e31505b895dfb447b085f3abd00738') in 0.0125498 seconds
Number of updated asset objects reloaded before import = 0Number of asset objects unloaded after import = 1

========================================================================
Received Import Request.
  Time since last request: 0.000018 seconds.
  path: Assets/Texture/SelectALL.png
  artifactKey: Guid(478a92022a561a8439ba4265b55b3418) Importer(2089858483,b0f066a214c2f5e87bad3c948f4d605d)
Start importing Assets/Texture/SelectALL.png using Guid(478a92022a561a8439ba4265b55b3418) Importer(2089858483,b0f066a214c2f5e87bad3c948f4d605d) (ScriptedImporter) -> (artifact id: 'b93e9a9237104d103a7bd79301c461d3') in 0.0862551 seconds
Number of updated asset objects reloaded before import = 0Number of asset objects unloaded after import = 14

========================================================================
Received Import Request.
  Time since last request: 0.000021 seconds.
  path: Assets/_Recovery/0 (3).unity
  artifactKey: Guid(b168663f1821b494e8c453a3b81145d5) Importer(2089858483,b0f066a214c2f5e87bad3c948f4d605d)
Start importing Assets/_Recovery/0 (3).unity using Guid(b168663f1821b494e8c453a3b81145d5) Importer(2089858483,b0f066a214c2f5e87bad3c948f4d605d) (ScriptedImporter) -> (artifact id: '18a6bb1fb50c8e770fd753cdac265692') in 0.0121609 seconds
Number of updated asset objects reloaded before import = 0Number of asset objects unloaded after import = 1

========================================================================
Received Import Request.
  Time since last request: 0.000018 seconds.
  path: Assets/_Recovery/0 (5).unity
  artifactKey: Guid(2936b2ac662a0ec4fbc226d8be37e550) Importer(2089858483,b0f066a214c2f5e87bad3c948f4d605d)
Start importing Assets/_Recovery/0 (5).unity using Guid(2936b2ac662a0ec4fbc226d8be37e550) Importer(2089858483,b0f066a214c2f5e87bad3c948f4d605d) (ScriptedImporter) -> (artifact id: '9374b5e29a49312ff3c106fd512a8b49') in 0.0133243 seconds
Number of updated asset objects reloaded before import = 0Number of asset objects unloaded after import = 1

========================================================================
Received Import Request.
  Time since last request: 0.000029 seconds.
  path: Assets/Editor Default Resources/Firebase/fb_analytics_dark.png
  artifactKey: Guid(9fe4b3bd3b7d2477dac92fb7429d1d1b) Importer(2089858483,b0f066a214c2f5e87bad3c948f4d605d)
Start importing Assets/Editor Default Resources/Firebase/fb_analytics_dark.png using Guid(9fe4b3bd3b7d2477dac92fb7429d1d1b) Importer(2089858483,b0f066a214c2f5e87bad3c948f4d605d) (ScriptedImporter) -> (artifact id: 'd54de2803a62f93a92405ac890d977bf') in 0.0163609 seconds
Number of updated asset objects reloaded before import = 0Number of asset objects unloaded after import = 1

========================================================================
Received Import Request.
  Time since last request: 0.000019 seconds.
  path: Assets/_Recovery/0 (7).unity
  artifactKey: Guid(40e69263165614b4abf0068898ce71ee) Importer(2089858483,b0f066a214c2f5e87bad3c948f4d605d)
Start importing Assets/_Recovery/0 (7).unity using Guid(40e69263165614b4abf0068898ce71ee) Importer(2089858483,b0f066a214c2f5e87bad3c948f4d605d) (ScriptedImporter) -> (artifact id: '46046139133111ac6200732e195f4d5e') in 0.0123865 seconds
Number of updated asset objects reloaded before import = 0Number of asset objects unloaded after import = 1

========================================================================
Received Import Request.
  Time since last request: 0.000017 seconds.
  path: Assets/AddressableAssetsData/DataBuilders/BuildScriptPackedMode.asset
  artifactKey: Guid(d32a8684d59f51043b6d733b7fef77ad) Importer(2089858483,b0f066a214c2f5e87bad3c948f4d605d)
Start importing Assets/AddressableAssetsData/DataBuilders/BuildScriptPackedMode.asset using Guid(d32a8684d59f51043b6d733b7fef77ad) Importer(2089858483,b0f066a214c2f5e87bad3c948f4d605d) (ScriptedImporter) -> (artifact id: 'edcc9f2d4fceeabd22653ac9f0a88c2c') in 0.0126322 seconds
Number of updated asset objects reloaded before import = 0Number of asset objects unloaded after import = 1

========================================================================
Received Import Request.
  Time since last request: 0.000018 seconds.
  path: Assets/Editor Default Resources/Firebase/fb_config.png
  artifactKey: Guid(415eaec414af14d11955222a282aca08) Importer(2089858483,b0f066a214c2f5e87bad3c948f4d605d)
Start importing Assets/Editor Default Resources/Firebase/fb_config.png using Guid(415eaec414af14d11955222a282aca08) Importer(2089858483,b0f066a214c2f5e87bad3c948f4d605d) (ScriptedImporter) -> (artifact id: 'd5a7d74b5e0d3d78380ed54eae493601') in 0.0145516 seconds
Number of updated asset objects reloaded before import = 0Number of asset objects unloaded after import = 1

========================================================================
Received Import Request.
  Time since last request: 0.000021 seconds.
  path: Assets/Editor Default Resources/Firebase/fb_cloud_messaging_dark.png
  artifactKey: Guid(20c5b8a1f82cb4aadb77ca20683d2a6e) Importer(2089858483,b0f066a214c2f5e87bad3c948f4d605d)
Start importing Assets/Editor Default Resources/Firebase/fb_cloud_messaging_dark.png using Guid(20c5b8a1f82cb4aadb77ca20683d2a6e) Importer(2089858483,b0f066a214c2f5e87bad3c948f4d605d) (ScriptedImporter) -> (artifact id: '2b852957487bdafd873a09f7854e55ea') in 0.016104 seconds
Number of updated asset objects reloaded before import = 0Number of asset objects unloaded after import = 1

========================================================================
Received Import Request.
  Time since last request: 0.000025 seconds.
  path: Assets/AddressableAssetsData/DefaultObject.asset
  artifactKey: Guid(8ef1d3c85321ca340b03bda64656bfde) Importer(2089858483,b0f066a214c2f5e87bad3c948f4d605d)
Start importing Assets/AddressableAssetsData/DefaultObject.asset using Guid(8ef1d3c85321ca340b03bda64656bfde) Importer(2089858483,b0f066a214c2f5e87bad3c948f4d605d) (ScriptedImporter) -> (artifact id: '7c76804373589478a947d970bc7f7d82') in 0.010144 seconds
Number of updated asset objects reloaded before import = 0Number of asset objects unloaded after import = 1

========================================================================
Received Import Request.
  Time since last request: 0.000022 seconds.
  path: Assets/Shader/DefulatDissolve.shadergraph
  artifactKey: Guid(79126aebf4f9a984691691985ab2f0e4) Importer(2089858483,b0f066a214c2f5e87bad3c948f4d605d)
Start importing Assets/Shader/DefulatDissolve.shadergraph using Guid(79126aebf4f9a984691691985ab2f0e4) Importer(2089858483,b0f066a214c2f5e87bad3c948f4d605d) (ScriptedImporter) -> (artifact id: 'dfdf22d96141c8ccbfdf863c953c1695') in 0.0282073 seconds
Number of updated asset objects reloaded before import = 0Number of asset objects unloaded after import = 8

========================================================================
Received Import Request.
  Time since last request: 0.000020 seconds.
  path: Assets/SkySeries Freebie/DarkStorm.mat
  artifactKey: Guid(2039a0ad0a9d05549928b70362f54902) Importer(2089858483,b0f066a214c2f5e87bad3c948f4d605d)
Start importing Assets/SkySeries Freebie/DarkStorm.mat using Guid(2039a0ad0a9d05549928b70362f54902) Importer(2089858483,b0f066a214c2f5e87bad3c948f4d605d) (ScriptedImporter) -> (artifact id: 'ce1f31c550ec5317ddef58ce436a0b7c') in 0.0401188 seconds
Number of updated asset objects reloaded before import = 0Number of asset objects unloaded after import = 2

========================================================================
Received Import Request.
  Time since last request: 0.000032 seconds.
  path: Assets/Editor Default Resources/Firebase/fb_database_dark.png
  artifactKey: Guid(9f6bfa9d8aefb40dc92461c372c73b0f) Importer(2089858483,b0f066a214c2f5e87bad3c948f4d605d)
Start importing Assets/Editor Default Resources/Firebase/fb_database_dark.png using Guid(9f6bfa9d8aefb40dc92461c372c73b0f) Importer(2089858483,b0f066a214c2f5e87bad3c948f4d605d) (ScriptedImporter) -> (artifact id: 'c7309f85c4497ab4e36d91c62825f4a4') in 0.0164342 seconds
Number of updated asset objects reloaded before import = 0Number of asset objects unloaded after import = 1

========================================================================
Received Import Request.
  Time since last request: 0.000029 seconds.
  path: Assets/FireBase/google-services.json
  artifactKey: Guid(faf3ed887a195a94c900ae8140ba84fa) Importer(2089858483,b0f066a214c2f5e87bad3c948f4d605d)
Start importing Assets/FireBase/google-services.json using Guid(faf3ed887a195a94c900ae8140ba84fa) Importer(2089858483,b0f066a214c2f5e87bad3c948f4d605d) (ScriptedImporter) -> (artifact id: 'fbed17bdddc5ee47ee94412cb4a42869') in 0.0118802 seconds
Number of updated asset objects reloaded before import = 0Number of asset objects unloaded after import = 1

========================================================================
Received Import Request.
  Time since last request: 0.000016 seconds.
  path: Assets/_Recovery/0 (15).unity
  artifactKey: Guid(b4ed92e94516fc147a61606939a95232) Importer(2089858483,b0f066a214c2f5e87bad3c948f4d605d)
Start importing Assets/_Recovery/0 (15).unity using Guid(b4ed92e94516fc147a61606939a95232) Importer(2089858483,b0f066a214c2f5e87bad3c948f4d605d) (ScriptedImporter) -> (artifact id: 'b4b9d2c8e6dcb05568d7850e70b89578') in 0.0138281 seconds
Number of updated asset objects reloaded before import = 0Number of asset objects unloaded after import = 1

========================================================================
Received Import Request.
  Time since last request: 0.000018 seconds.
  path: Assets/SkySeries Freebie/UnderTheSea4k.mat
  artifactKey: Guid(119ec07f1c7ed204db46bd8465fd5a50) Importer(2089858483,b0f066a214c2f5e87bad3c948f4d605d)
Start importing Assets/SkySeries Freebie/UnderTheSea4k.mat using Guid(119ec07f1c7ed204db46bd8465fd5a50) Importer(2089858483,b0f066a214c2f5e87bad3c948f4d605d) (ScriptedImporter) -> (artifact id: '0f761b926c5277e37cec925f3f547530') in 0.032608 seconds
Number of updated asset objects reloaded before import = 0Number of asset objects unloaded after import = 2

========================================================================
Received Import Request.
  Time since last request: 0.000028 seconds.
  path: Assets/GoogleMobileAds/GoogleMobileAds.Android.dll
  artifactKey: Guid(9daf61812a464faa90dec7f977094a88) Importer(2089858483,b0f066a214c2f5e87bad3c948f4d605d)
Start importing Assets/GoogleMobileAds/GoogleMobileAds.Android.dll using Guid(9daf61812a464faa90dec7f977094a88) Importer(2089858483,b0f066a214c2f5e87bad3c948f4d605d) (ScriptedImporter) -> (artifact id: 'ca30997b1445ffbca315b228a420201c') in 0.0109057 seconds
Number of updated asset objects reloaded before import = 0Number of asset objects unloaded after import = 0

========================================================================
Received Import Request.
  Time since last request: 0.000030 seconds.
  path: Assets/SkySeries Freebie/Hdri setup.txt
  artifactKey: Guid(add36ebe5ee5af347a876cdf41d00709) Importer(2089858483,b0f066a214c2f5e87bad3c948f4d605d)
Start importing Assets/SkySeries Freebie/Hdri setup.txt using Guid(add36ebe5ee5af347a876cdf41d00709) Importer(2089858483,b0f066a214c2f5e87bad3c948f4d605d) (ScriptedImporter) -> (artifact id: '369c7e1af6f3fbfba8455fa6953933fe') in 0.0104507 seconds
Number of updated asset objects reloaded before import = 0Number of asset objects unloaded after import = 1

========================================================================
Received Import Request.
  Time since last request: 0.000015 seconds.
  path: Assets/_Recovery/0 (11).unity
  artifactKey: Guid(e94d37c53ef0fc443adb91d935ccadfa) Importer(2089858483,b0f066a214c2f5e87bad3c948f4d605d)
Start importing Assets/_Recovery/0 (11).unity using Guid(e94d37c53ef0fc443adb91d935ccadfa) Importer(2089858483,b0f066a214c2f5e87bad3c948f4d605d) (ScriptedImporter) -> (artifact id: 'bfa85b29b370cbbc2ddb64349394c531') in 0.0115162 seconds
Number of updated asset objects reloaded before import = 0Number of asset objects unloaded after import = 1

========================================================================
Received Import Request.
  Time since last request: 0.000018 seconds.
  path: Assets/Spine/package.json
  artifactKey: Guid(09478c42aa0375347898d942d287a819) Importer(2089858483,b0f066a214c2f5e87bad3c948f4d605d)
Start importing Assets/Spine/package.json using Guid(09478c42aa0375347898d942d287a819) Importer(2089858483,b0f066a214c2f5e87bad3c948f4d605d) (ScriptedImporter) -> (artifact id: 'b72b9add28e34aaee4a000f4dbb4bef7') in 0.0098281 seconds
Number of updated asset objects reloaded before import = 0Number of asset objects unloaded after import = 1

========================================================================
Received Import Request.
  Time since last request: 0.000013 seconds.
  path: Assets/AddressableAssetsData/AddressableAssetSettings.asset
  artifactKey: Guid(7b1bd92f68483d647bb97257f84c915e) Importer(2089858483,b0f066a214c2f5e87bad3c948f4d605d)
Start importing Assets/AddressableAssetsData/AddressableAssetSettings.asset using Guid(7b1bd92f68483d647bb97257f84c915e) Importer(2089858483,b0f066a214c2f5e87bad3c948f4d605d) (ScriptedImporter) -> (artifact id: 'aa1e427eacfa59959c20e6ecc124a8f9') in 0.022545 seconds
Number of updated asset objects reloaded before import = 0Number of asset objects unloaded after import = 1

========================================================================
Received Import Request.
  Time since last request: 0.000018 seconds.
  path: Assets/Resources/DOTweenSettings.asset
  artifactKey: Guid(a8a40efa3a56b974397ab8c52e6e416a) Importer(2089858483,b0f066a214c2f5e87bad3c948f4d605d)
Start importing Assets/Resources/DOTweenSettings.asset using Guid(a8a40efa3a56b974397ab8c52e6e416a) Importer(2089858483,b0f066a214c2f5e87bad3c948f4d605d) (ScriptedImporter) -> (artifact id: 'a9ca40607896d9503a64aa4dbfb6da98') in 0.0139846 seconds
Number of updated asset objects reloaded before import = 0Number of asset objects unloaded after import = 1

========================================================================
Received Import Request.
  Time since last request: 0.000027 seconds.
  path: Assets/Scenes/MainMenu.unity
  artifactKey: Guid(cd36456e442649243833dd663b3e8347) Importer(2089858483,b0f066a214c2f5e87bad3c948f4d605d)
Start importing Assets/Scenes/MainMenu.unity using Guid(cd36456e442649243833dd663b3e8347) Importer(2089858483,b0f066a214c2f5e87bad3c948f4d605d) (ScriptedImporter) -> (artifact id: '5a188bbc2a16b5750b586123d56e5722') in 0.0115493 seconds
Number of updated asset objects reloaded before import = 0Number of asset objects unloaded after import = 1

========================================================================
Received Import Request.
  Time since last request: 0.000017 seconds.
  path: Assets/AddressableAssetsData/ProfileDataSourceSettings.asset
  artifactKey: Guid(3585466cad90dc94d8c8b8d0d3bea0ff) Importer(2089858483,b0f066a214c2f5e87bad3c948f4d605d)
Start importing Assets/AddressableAssetsData/ProfileDataSourceSettings.asset using Guid(3585466cad90dc94d8c8b8d0d3bea0ff) Importer(2089858483,b0f066a214c2f5e87bad3c948f4d605d) (ScriptedImporter) -> (artifact id: '46a41c677add1c16e959a7db8e247a51') in 0.013228 seconds
Number of updated asset objects reloaded before import = 0Number of asset objects unloaded after import = 1

========================================================================
Received Import Request.
  Time since last request: 0.000013 seconds.
  path: Assets/Prefabs/Card.prefab
  artifactKey: Guid(da34f09cfa046c242865886511a5a439) Importer(2089858483,b0f066a214c2f5e87bad3c948f4d605d)
Start importing Assets/Prefabs/Card.prefab using Guid(da34f09cfa046c242865886511a5a439) Importer(2089858483,b0f066a214c2f5e87bad3c948f4d605d) (ScriptedImporter) -> (artifact id: 'a8cd3af2b8c4e1224284e587ab9b16fb') in 0.027604 seconds
Number of updated asset objects reloaded before import = 0Number of asset objects unloaded after import = 37

========================================================================
Received Import Request.
  Time since last request: 0.000016 seconds.
  path: Assets/AddressableAssetsData/AssetGroups/Gacha.asset
  artifactKey: Guid(2b1a47a7f4fca294e951f483335e80bc) Importer(2089858483,b0f066a214c2f5e87bad3c948f4d605d)
Start importing Assets/AddressableAssetsData/AssetGroups/Gacha.asset using Guid(2b1a47a7f4fca294e951f483335e80bc) Importer(2089858483,b0f066a214c2f5e87bad3c948f4d605d) (ScriptedImporter) -> (artifact id: '64992c90ad49f0d7cc0173dc3f644531') in 0.0145226 seconds
Number of updated asset objects reloaded before import = 0Number of asset objects unloaded after import = 1

========================================================================
Received Import Request.
  Time since last request: 0.000018 seconds.
  path: Assets/AddressableAssetsData/AssetGroups/Stage1.asset
  artifactKey: Guid(6630f5ae6662a2744843ea6e2210c342) Importer(2089858483,b0f066a214c2f5e87bad3c948f4d605d)
Start importing Assets/AddressableAssetsData/AssetGroups/Stage1.asset using Guid(6630f5ae6662a2744843ea6e2210c342) Importer(2089858483,b0f066a214c2f5e87bad3c948f4d605d) (ScriptedImporter) -> (artifact id: '38b04a203d865015eb4b98281baa2315') in 0.0142864 seconds
Number of updated asset objects reloaded before import = 0Number of asset objects unloaded after import = 1

========================================================================
Received Import Request.
  Time since last request: 0.000027 seconds.
  path: Assets/Matrial/Custom_TestShader.mat
  artifactKey: Guid(2e7c608a253a0ce42aa6ba8271afb7e5) Importer(2089858483,b0f066a214c2f5e87bad3c948f4d605d)
Start importing Assets/Matrial/Custom_TestShader.mat using Guid(2e7c608a253a0ce42aa6ba8271afb7e5) Importer(2089858483,b0f066a214c2f5e87bad3c948f4d605d) (ScriptedImporter) -> (artifact id: 'e7ab5cffad4d4be99fbd2788c3455c97') in 0.0135433 seconds
Number of updated asset objects reloaded before import = 0Number of asset objects unloaded after import = 2

========================================================================
Received Import Request.
  Time since last request: 1.188238 seconds.
  path: Assets/FireBase/Editor/AppDependencies.xml
  artifactKey: Guid(9b63af95d9364af4a3d8ce58738b6223) Importer(2089858483,b0f066a214c2f5e87bad3c948f4d605d)
Start importing Assets/FireBase/Editor/AppDependencies.xml using Guid(9b63af95d9364af4a3d8ce58738b6223) Importer(2089858483,b0f066a214c2f5e87bad3c948f4d605d) (ScriptedImporter) -> (artifact id: '13797d1a38eff87cde082ab99af36be5') in 0.0098911 seconds
Number of updated asset objects reloaded before import = 0Number of asset objects unloaded after import = 1

========================================================================
Received Import Request.
  Time since last request: 0.000017 seconds.
  path: Assets/Prefabs/Button/StageSeletButton.prefab
  artifactKey: Guid(4aa138a50ce39484e8c4741a56cbfa00) Importer(2089858483,b0f066a214c2f5e87bad3c948f4d605d)
Start importing Assets/Prefabs/Button/StageSeletButton.prefab using Guid(4aa138a50ce39484e8c4741a56cbfa00) Importer(2089858483,b0f066a214c2f5e87bad3c948f4d605d) (ScriptedImporter) -> (artifact id: '524f839e480211c1b7ff684453da0e6a') in 0.054536 seconds
Number of updated asset objects reloaded before import = 0Number of asset objects unloaded after import = 37

========================================================================
Received Import Request.
  Time since last request: 0.000016 seconds.
  path: Assets/FireBase/Plugins/Firebase.Platform.dll
  artifactKey: Guid(7d3eec03d7e241a48941e038118c5e6a) Importer(2089858483,b0f066a214c2f5e87bad3c948f4d605d)
Start importing Assets/FireBase/Plugins/Firebase.Platform.dll using Guid(7d3eec03d7e241a48941e038118c5e6a) Importer(2089858483,b0f066a214c2f5e87bad3c948f4d605d) (ScriptedImporter) -> (artifact id: '3ad1c07ea152af7ea11000fa03cd506a') in 0.0150271 seconds
Number of updated asset objects reloaded before import = 0Number of asset objects unloaded after import = 0

========================================================================
Received Import Request.
  Time since last request: 0.000016 seconds.
  path: Assets/GoogleMobileAds/Editor/ManifestProcessor.cs
  artifactKey: Guid(c9ee5d47594eb43a19e795c834fdc044) Importer(2089858483,b0f066a214c2f5e87bad3c948f4d605d)
Start importing Assets/GoogleMobileAds/Editor/ManifestProcessor.cs using Guid(c9ee5d47594eb43a19e795c834fdc044) Importer(2089858483,b0f066a214c2f5e87bad3c948f4d605d) (ScriptedImporter) -> (artifact id: 'fca92b5f40831795276b4d6cb8206cf2') in 0.0092141 seconds
Number of updated asset objects reloaded before import = 0Number of asset objects unloaded after import = 0

========================================================================
Received Import Request.
  Time since last request: 0.000027 seconds.
  path: Assets/GoogleMobileAds/Editor/BuildPreProcessor.cs
  artifactKey: Guid(79760efe9b6bb4736aa4ffd869e2ed0c) Importer(2089858483,b0f066a214c2f5e87bad3c948f4d605d)
Start importing Assets/GoogleMobileAds/Editor/BuildPreProcessor.cs using Guid(79760efe9b6bb4736aa4ffd869e2ed0c) Importer(2089858483,b0f066a214c2f5e87bad3c948f4d605d) (ScriptedImporter) -> (artifact id: 'bb2558700b0435cf14aff810f8fe0dd0') in 0.012552 seconds
Number of updated asset objects reloaded before import = 0Number of asset objects unloaded after import = 0

========================================================================
Received Import Request.
  Time since last request: 0.000018 seconds.
  path: Assets/FireBase/Plugins/Firebase.App.pdb
  artifactKey: Guid(44907853a9e64be4a31076a763ae13b3) Importer(2089858483,b0f066a214c2f5e87bad3c948f4d605d)
Start importing Assets/FireBase/Plugins/Firebase.App.pdb using Guid(44907853a9e64be4a31076a763ae13b3) Importer(2089858483,b0f066a214c2f5e87bad3c948f4d605d) (ScriptedImporter) -> (artifact id: '18bbfc432377671eeb844632be709112') in 0.0092092 seconds
Number of updated asset objects reloaded before import = 0Number of asset objects unloaded after import = 1

========================================================================
Received Import Request.
  Time since last request: 0.000016 seconds.
  path: Assets/FireBase/Editor/StorageDependencies.xml
  artifactKey: Guid(0bfc0ce50b9348c49a64ece970fb71e8) Importer(2089858483,b0f066a214c2f5e87bad3c948f4d605d)
Start importing Assets/FireBase/Editor/StorageDependencies.xml using Guid(0bfc0ce50b9348c49a64ece970fb71e8) Importer(2089858483,b0f066a214c2f5e87bad3c948f4d605d) (ScriptedImporter) -> (artifact id: '9f98ce568cab189fd28eb800cd0342d8') in 0.0092381 seconds
Number of updated asset objects reloaded before import = 0Number of asset objects unloaded after import = 1

========================================================================
Received Import Request.
  Time since last request: 0.000014 seconds.
  path: Assets/Scripts/Data/BoxInfo.cs
  artifactKey: Guid(6c112682e0df48942a73432593c3c78c) Importer(2089858483,b0f066a214c2f5e87bad3c948f4d605d)
Start importing Assets/Scripts/Data/BoxInfo.cs using Guid(6c112682e0df48942a73432593c3c78c) Importer(2089858483,b0f066a214c2f5e87bad3c948f4d605d) (ScriptedImporter) -> (artifact id: '8d5d4915b34d205c62c1dabcb50fd379') in 0.0098399 seconds
Number of updated asset objects reloaded before import = 0Number of asset objects unloaded after import = 0

========================================================================
Received Import Request.
  Time since last request: 0.000017 seconds.
  path: Assets/Scripts/Event/EventBus.cs
  artifactKey: Guid(979403f91e0787a4daa29e437feba5e9) Importer(2089858483,b0f066a214c2f5e87bad3c948f4d605d)
Start importing Assets/Scripts/Event/EventBus.cs using Guid(979403f91e0787a4daa29e437feba5e9) Importer(2089858483,b0f066a214c2f5e87bad3c948f4d605d) (ScriptedImporter) -> (artifact id: '06d67b6ae2b755335cbea7991978a5fc') in 0.0129823 seconds
Number of updated asset objects reloaded before import = 0Number of asset objects unloaded after import = 0

========================================================================
Received Import Request.
  Time since last request: 0.000031 seconds.
  path: Assets/Model/Gacha/Meshy_AI_Circle_of_Light_in_th_0804061104_texture.png
  artifactKey: Guid(ac261d06c6fb35c458c0415b08055fc1) Importer(2089858483,b0f066a214c2f5e87bad3c948f4d605d)
Start importing Assets/Model/Gacha/Meshy_AI_Circle_of_Light_in_th_0804061104_texture.png using Guid(ac261d06c6fb35c458c0415b08055fc1) Importer(2089858483,b0f066a214c2f5e87bad3c948f4d605d) (ScriptedImporter) -> (artifact id: 'd477ab403b5d1d907350abb563f7d6fe') in 0.0175013 seconds
Number of updated asset objects reloaded before import = 0Number of asset objects unloaded after import = 3

========================================================================
Received Import Request.
  Time since last request: 0.000018 seconds.
  path: Assets/SkySeries Freebie/ExampleScenes/CasualDay.unity
  artifactKey: Guid(745822b12dae28c44b79ddd800e253e4) Importer(2089858483,b0f066a214c2f5e87bad3c948f4d605d)
Start importing Assets/SkySeries Freebie/ExampleScenes/CasualDay.unity using Guid(745822b12dae28c44b79ddd800e253e4) Importer(2089858483,b0f066a214c2f5e87bad3c948f4d605d) (ScriptedImporter) -> (artifact id: '706bfd1b61c91ce083da869f670f2781') in 0.0112518 seconds
Number of updated asset objects reloaded before import = 0Number of asset objects unloaded after import = 1

========================================================================
Received Import Request.
  Time since last request: 0.000016 seconds.
  path: Assets/SkySeries Freebie/ExampleScenes/DarkStorm.unity
  artifactKey: Guid(952ead6250bb92747a18eeb7e40334cc) Importer(2089858483,b0f066a214c2f5e87bad3c948f4d605d)
Start importing Assets/SkySeries Freebie/ExampleScenes/DarkStorm.unity using Guid(952ead6250bb92747a18eeb7e40334cc) Importer(2089858483,b0f066a214c2f5e87bad3c948f4d605d) (ScriptedImporter) -> (artifact id: '7c612f9696ac1e52e87b5a8398d38ca6') in 0.0102423 seconds
Number of updated asset objects reloaded before import = 0Number of asset objects unloaded after import = 1

========================================================================
Received Import Request.
  Time since last request: 0.000017 seconds.
  path: Assets/FireBase/Plugins/Firebase.Storage.pdb
  artifactKey: Guid(3d1d715039f94951a7fd4a7d11cbe6c4) Importer(2089858483,b0f066a214c2f5e87bad3c948f4d605d)
Start importing Assets/FireBase/Plugins/Firebase.Storage.pdb using Guid(3d1d715039f94951a7fd4a7d11cbe6c4) Importer(2089858483,b0f066a214c2f5e87bad3c948f4d605d) (ScriptedImporter) -> (artifact id: 'f1f41b33ca919e373ee0441adcbc525e') in 0.0117971 seconds
Number of updated asset objects reloaded before import = 0Number of asset objects unloaded after import = 1

========================================================================
Received Import Request.
  Time since last request: 0.000021 seconds.
  path: Assets/FireBase/Editor/Firebase.Editor.dll
  artifactKey: Guid(9f2edbf81053418f879076c05f816dc2) Importer(2089858483,b0f066a214c2f5e87bad3c948f4d605d)
Start importing Assets/FireBase/Editor/Firebase.Editor.dll using Guid(9f2edbf81053418f879076c05f816dc2) Importer(2089858483,b0f066a214c2f5e87bad3c948f4d605d) (ScriptedImporter) -> (artifact id: 'cbe998aa1bfb210b97fd84af1265c69d') in 0.011537 seconds
Number of updated asset objects reloaded before import = 0Number of asset objects unloaded after import = 0

========================================================================
Received Import Request.
  Time since last request: 0.000027 seconds.
  path: Assets/Scripts/System/GameManager.cs
  artifactKey: Guid(ca40d758e4b772b44a86af886e6b635f) Importer(2089858483,b0f066a214c2f5e87bad3c948f4d605d)
Start importing Assets/Scripts/System/GameManager.cs using Guid(ca40d758e4b772b44a86af886e6b635f) Importer(2089858483,b0f066a214c2f5e87bad3c948f4d605d) (ScriptedImporter) -> (artifact id: '25a71a23794ba83eb1b66d3dc624bda6') in 0.0091954 seconds
Number of updated asset objects reloaded before import = 0Number of asset objects unloaded after import = 0

========================================================================
Received Import Request.
  Time since last request: 0.000015 seconds.
  path: Assets/Prefabs/Stage/Stage1.prefab
  artifactKey: Guid(8ac163f4a92444548a47827228505a1e) Importer(2089858483,b0f066a214c2f5e87bad3c948f4d605d)
Start importing Assets/Prefabs/Stage/Stage1.prefab using Guid(8ac163f4a92444548a47827228505a1e) Importer(2089858483,b0f066a214c2f5e87bad3c948f4d605d) (ScriptedImporter) -> (artifact id: 'f7c9fc90d424b40012f0457ff6ca7110') in 0.0123411 seconds
Number of updated asset objects reloaded before import = 0Number of asset objects unloaded after import = 11

========================================================================
Received Import Request.
  Time since last request: 0.000015 seconds.
  path: Assets/Model/Gacha/Meshy_AI_Circle_of_Light_in_th_0804061104_texture_normal.png
  artifactKey: Guid(206d5a3e820f1674cb4ce0bf319cae0f) Importer(2089858483,b0f066a214c2f5e87bad3c948f4d605d)
Start importing Assets/Model/Gacha/Meshy_AI_Circle_of_Light_in_th_0804061104_texture_normal.png using Guid(206d5a3e820f1674cb4ce0bf319cae0f) Importer(2089858483,b0f066a214c2f5e87bad3c948f4d605d) (ScriptedImporter) -> (artifact id: '8ad6b1ac6b14e3ca39e0631c7f321b29') in 0.0188277 seconds
Number of updated asset objects reloaded before import = 0Number of asset objects unloaded after import = 3

========================================================================
Received Import Request.
  Time since last request: 0.000019 seconds.
  path: Assets/Scripts/System/UIManager.cs
  artifactKey: Guid(feca69b9fcc283242ae06be508516a9e) Importer(2089858483,b0f066a214c2f5e87bad3c948f4d605d)
Start importing Assets/Scripts/System/UIManager.cs using Guid(feca69b9fcc283242ae06be508516a9e) Importer(2089858483,b0f066a214c2f5e87bad3c948f4d605d) (ScriptedImporter) -> (artifact id: '35afa6aac5f1e1e6b34c7d6718283b4f') in 0.0089471 seconds
Number of updated asset objects reloaded before import = 0Number of asset objects unloaded after import = 0

========================================================================
Received Import Request.
  Time since last request: 0.000022 seconds.
  path: Assets/GoogleMobileAds/Editor/GoogleMobileAdsSettingsEditor.cs
  artifactKey: Guid(8afb1338afbd34c4fac628cd6175c032) Importer(2089858483,b0f066a214c2f5e87bad3c948f4d605d)
Start importing Assets/GoogleMobileAds/Editor/GoogleMobileAdsSettingsEditor.cs using Guid(8afb1338afbd34c4fac628cd6175c032) Importer(2089858483,b0f066a214c2f5e87bad3c948f4d605d) (ScriptedImporter) -> (artifact id: '527cc9ac9ccba37e5e05611a037d4134') in 0.0096294 seconds
Number of updated asset objects reloaded before import = 0Number of asset objects unloaded after import = 0

========================================================================
Received Import Request.
  Time since last request: 0.000028 seconds.
  path: Assets/Model/Gacha/Meshy_AI_Circle_of_Light_in_th_0804061104_texture_metallic.png
  artifactKey: Guid(74f61142d4967fc44b36f4c37881af5d) Importer(2089858483,b0f066a214c2f5e87bad3c948f4d605d)
Start importing Assets/Model/Gacha/Meshy_AI_Circle_of_Light_in_th_0804061104_texture_metallic.png using Guid(74f61142d4967fc44b36f4c37881af5d) Importer(2089858483,b0f066a214c2f5e87bad3c948f4d605d) (ScriptedImporter) -> (artifact id: 'dad4c0a1c907b2b7fc807651a29fa840') in 0.0171129 seconds
Number of updated asset objects reloaded before import = 0Number of asset objects unloaded after import = 3

========================================================================
Received Import Request.
  Time since last request: 0.000028 seconds.
  path: Assets/SkySeries Freebie/ExampleScenes/SunlessFreebieDemo.unity
  artifactKey: Guid(73547a7486fb43f45b68fed50e680e64) Importer(2089858483,b0f066a214c2f5e87bad3c948f4d605d)
Start importing Assets/SkySeries Freebie/ExampleScenes/SunlessFreebieDemo.unity using Guid(73547a7486fb43f45b68fed50e680e64) Importer(2089858483,b0f066a214c2f5e87bad3c948f4d605d) (ScriptedImporter) -> (artifact id: '1a3c89b8da494a37651cde257d8aacdc') in 0.0093053 seconds
Number of updated asset objects reloaded before import = 0Number of asset objects unloaded after import = 1

========================================================================
Received Import Request.
  Time since last request: 0.000015 seconds.
  path: Assets/Scripts/System/DataManager.cs
  artifactKey: Guid(1c41ca54d3c1dae40be43a35a9b2dd1e) Importer(2089858483,b0f066a214c2f5e87bad3c948f4d605d)
Start importing Assets/Scripts/System/DataManager.cs using Guid(1c41ca54d3c1dae40be43a35a9b2dd1e) Importer(2089858483,b0f066a214c2f5e87bad3c948f4d605d) (ScriptedImporter) -> (artifact id: '99bb10bc118c8adc74787070595924d6') in 0.0111189 seconds
Number of updated asset objects reloaded before import = 0Number of asset objects unloaded after import = 0

========================================================================
Received Import Request.
  Time since last request: 0.000015 seconds.
  path: Assets/GoogleMobileAds/Editor/GoogleMobileAdsSKAdNetworkItems.xml
  artifactKey: Guid(b18ecf64be00344e7b039c69e9af56bf) Importer(2089858483,b0f066a214c2f5e87bad3c948f4d605d)
Start importing Assets/GoogleMobileAds/Editor/GoogleMobileAdsSKAdNetworkItems.xml using Guid(b18ecf64be00344e7b039c69e9af56bf) Importer(2089858483,b0f066a214c2f5e87bad3c948f4d605d) (ScriptedImporter) -> (artifact id: '113791d5edd75ab77821772206ceac18') in 0.0093174 seconds
Number of updated asset objects reloaded before import = 0Number of asset objects unloaded after import = 1

========================================================================
Received Import Request.
  Time since last request: 0.000020 seconds.
  path: Assets/Scripts/Game/Loading.cs
  artifactKey: Guid(ae9126bd31710cc459609e55e6f2cd1d) Importer(2089858483,b0f066a214c2f5e87bad3c948f4d605d)
Start importing Assets/Scripts/Game/Loading.cs using Guid(ae9126bd31710cc459609e55e6f2cd1d) Importer(2089858483,b0f066a214c2f5e87bad3c948f4d605d) (ScriptedImporter) -> (artifact id: '6e982a4f2dd71681ff3de76756bd4668') in 0.0090581 seconds
Number of updated asset objects reloaded before import = 0Number of asset objects unloaded after import = 0

========================================================================
Received Import Request.
  Time since last request: 0.000025 seconds.
  path: Assets/SkySeries Freebie/ExampleScenes/CosmicCoolCloud.unity
  artifactKey: Guid(919d3dbc008ab724da78b594b20b503d) Importer(2089858483,b0f066a214c2f5e87bad3c948f4d605d)
Start importing Assets/SkySeries Freebie/ExampleScenes/CosmicCoolCloud.unity using Guid(919d3dbc008ab724da78b594b20b503d) Importer(2089858483,b0f066a214c2f5e87bad3c948f4d605d) (ScriptedImporter) -> (artifact id: '6e3ee3cf1f10ea9bffbf0bf8e81794fe') in 0.0095405 seconds
Number of updated asset objects reloaded before import = 0Number of asset objects unloaded after import = 1

========================================================================
Received Import Request.
  Time since last request: 0.000016 seconds.
  path: Assets/Model/Gacha/Gacha.shadergraph
  artifactKey: Guid(e827068ec71e30b47a34a9d5f74b5d95) Importer(2089858483,b0f066a214c2f5e87bad3c948f4d605d)
Start importing Assets/Model/Gacha/Gacha.shadergraph using Guid(e827068ec71e30b47a34a9d5f74b5d95) Importer(2089858483,b0f066a214c2f5e87bad3c948f4d605d) (ScriptedImporter) -> (artifact id: '544e2fd1a457ca15dcb4644bdc889d8c') in 0.0192243 seconds
Number of updated asset objects reloaded before import = 0Number of asset objects unloaded after import = 9

========================================================================
Received Import Request.
  Time since last request: 1.973393 seconds.
  path: Assets/SkySeries Freebie/FreebieHdri/CloudedSunGlow4k.hdr
  artifactKey: Guid(12c15a8e5a294be45819b1dd4b9b08d3) Importer(2089858483,b0f066a214c2f5e87bad3c948f4d605d)
Start importing Assets/SkySeries Freebie/FreebieHdri/CloudedSunGlow4k.hdr using Guid(12c15a8e5a294be45819b1dd4b9b08d3) Importer(2089858483,b0f066a214c2f5e87bad3c948f4d605d) (ScriptedImporter) -> (artifact id: '959690ec72c5d7dd794587bac10166e4') in 0.0596893 seconds
Number of updated asset objects reloaded before import = 0Number of asset objects unloaded after import = 1

========================================================================
Received Import Request.
  Time since last request: 0.000017 seconds.
  path: Assets/Spine Examples/Scripts/HeroEffectsHandlerExample.cs
  artifactKey: Guid(8a0f8a82c5d8a334db6996478778b892) Importer(2089858483,b0f066a214c2f5e87bad3c948f4d605d)
Start importing Assets/Spine Examples/Scripts/HeroEffectsHandlerExample.cs using Guid(8a0f8a82c5d8a334db6996478778b892) Importer(2089858483,b0f066a214c2f5e87bad3c948f4d605d) (ScriptedImporter) -> (artifact id: 'e5111804d167c6429bbc9e8166484516') in 0.0292454 seconds
Number of updated asset objects reloaded before import = 0Number of asset objects unloaded after import = 0

========================================================================
Received Import Request.
  Time since last request: 0.164664 seconds.
  path: Assets/Spine Examples/Other Examples/Drunkboy.unity
  artifactKey: Guid(261ab31a787f69142bbfb6027465aaea) Importer(2089858483,b0f066a214c2f5e87bad3c948f4d605d)
Start importing Assets/Spine Examples/Other Examples/Drunkboy.unity using Guid(261ab31a787f69142bbfb6027465aaea) Importer(2089858483,b0f066a214c2f5e87bad3c948f4d605d) (ScriptedImporter) -> (artifact id: 'ff3e3f9bc7d6dc4499f829b27ff0cc71') in 0.0155639 seconds
Number of updated asset objects reloaded before import = 0Number of asset objects unloaded after import = 1

========================================================================
Received Import Request.
  Time since last request: 0.000028 seconds.
  path: Assets/Spine Examples/Other Examples/Mix and Match.unity
  artifactKey: Guid(9b55bcfc2181c68418e59ee61ef5afc9) Importer(2089858483,b0f066a214c2f5e87bad3c948f4d605d)
Start importing Assets/Spine Examples/Other Examples/Mix and Match.unity using Guid(9b55bcfc2181c68418e59ee61ef5afc9) Importer(2089858483,b0f066a214c2f5e87bad3c948f4d605d) (ScriptedImporter) -> (artifact id: '97e25683dd67676143adbd59fb0561e2') in 0.0403723 seconds
Number of updated asset objects reloaded before import = 0Number of asset objects unloaded after import = 1

========================================================================
Received Import Request.
  Time since last request: 0.000031 seconds.
  path: Assets/Spine Examples/Scripts/HurtFlashEffect.cs
  artifactKey: Guid(395f769061839bf488f157c37d23835d) Importer(2089858483,b0f066a214c2f5e87bad3c948f4d605d)
Start importing Assets/Spine Examples/Scripts/HurtFlashEffect.cs using Guid(395f769061839bf488f157c37d23835d) Importer(2089858483,b0f066a214c2f5e87bad3c948f4d605d) (ScriptedImporter) -> (artifact id: '0cda0ab0a429cdcfc93648c855ebc279') in 0.0108412 seconds
Number of updated asset objects reloaded before import = 0Number of asset objects unloaded after import = 0

========================================================================
Received Import Request.
  Time since last request: 0.000019 seconds.
  path: Assets/SkySeries Freebie/FreebieHdri/CosmicCoolCloudEQ_hdr.exr
  artifactKey: Guid(09999639e73bcd64abda22253af612d8) Importer(2089858483,b0f066a214c2f5e87bad3c948f4d605d)
Start importing Assets/SkySeries Freebie/FreebieHdri/CosmicCoolCloudEQ_hdr.exr using Guid(09999639e73bcd64abda22253af612d8) Importer(2089858483,b0f066a214c2f5e87bad3c948f4d605d) (ScriptedImporter) -> (artifact id: '557a7a8db38955c7e4465c00ccabd2d3') in 0.0370484 seconds
Number of updated asset objects reloaded before import = 0Number of asset objects unloaded after import = 1

========================================================================
Received Import Request.
  Time since last request: 0.000017 seconds.
  path: Assets/Spine Examples/Getting Started/5 Basic Platformer.unity
  artifactKey: Guid(c0218f9f0a3cc144698dca06a3f59668) Importer(2089858483,b0f066a214c2f5e87bad3c948f4d605d)
Start importing Assets/Spine Examples/Getting Started/5 Basic Platformer.unity using Guid(c0218f9f0a3cc144698dca06a3f59668) Importer(2089858483,b0f066a214c2f5e87bad3c948f4d605d) (ScriptedImporter) -> (artifact id: 'cb069d9ee59f3b0ef0aa4d42a9613f52') in 0.0123824 seconds
Number of updated asset objects reloaded before import = 0Number of asset objects unloaded after import = 1

========================================================================
Received Import Request.
  Time since last request: 0.000013 seconds.
  path: Assets/Spine Examples/Scripts/SpawnFromSkeletonDataExample.cs
  artifactKey: Guid(7193e2e00836b124191dcae19e6c9741) Importer(2089858483,b0f066a214c2f5e87bad3c948f4d605d)
Start importing Assets/Spine Examples/Scripts/SpawnFromSkeletonDataExample.cs using Guid(7193e2e00836b124191dcae19e6c9741) Importer(2089858483,b0f066a214c2f5e87bad3c948f4d605d) (ScriptedImporter) -> (artifact id: '8ce4c584bdb9f36e38df023aa8393711') in 0.010853 seconds
Number of updated asset objects reloaded before import = 0Number of asset objects unloaded after import = 0

========================================================================
Received Import Request.
  Time since last request: 0.000026 seconds.
  path: Assets/SkySeries Freebie/FreebieHdri/SunlessCirruscover4k.hdr
  artifactKey: Guid(99af420a4ccafa74abdc47436d8b0685) Importer(2089858483,b0f066a214c2f5e87bad3c948f4d605d)
Start importing Assets/SkySeries Freebie/FreebieHdri/SunlessCirruscover4k.hdr using Guid(99af420a4ccafa74abdc47436d8b0685) Importer(2089858483,b0f066a214c2f5e87bad3c948f4d605d) (ScriptedImporter) -> (artifact id: '434aeaff38e97c6332988723f60865b3') in 0.0735446 seconds
Number of updated asset objects reloaded before import = 0Number of asset objects unloaded after import = 1

========================================================================
Received Import Request.
  Time since last request: 0.000045 seconds.
  path: Assets/Spine Examples/Scripts/SpineboyPole.cs
  artifactKey: Guid(66b573446c3300f45b950b243338b97c) Importer(2089858483,b0f066a214c2f5e87bad3c948f4d605d)
Start importing Assets/Spine Examples/Scripts/SpineboyPole.cs using Guid(66b573446c3300f45b950b243338b97c) Importer(2089858483,b0f066a214c2f5e87bad3c948f4d605d) (ScriptedImporter) -> (artifact id: '0e621a41f215717c46c565be913b33f4') in 0.0126722 seconds
Number of updated asset objects reloaded before import = 0Number of asset objects unloaded after import = 0

========================================================================
Received Import Request.
  Time since last request: 0.000016 seconds.
  path: Assets/Spine Examples/Other Examples/SpriteMask and RectMask2D.unity
  artifactKey: Guid(67f5d13210e654b4f89385bb61a0c96b) Importer(2089858483,b0f066a214c2f5e87bad3c948f4d605d)
Start importing Assets/Spine Examples/Other Examples/SpriteMask and RectMask2D.unity using Guid(67f5d13210e654b4f89385bb61a0c96b) Importer(2089858483,b0f066a214c2f5e87bad3c948f4d605d) (ScriptedImporter) -> (artifact id: 'f9eff50207c645a8e37e65092c539e2c') in 0.0134775 seconds
Number of updated asset objects reloaded before import = 0Number of asset objects unloaded after import = 1

========================================================================
Received Import Request.
  Time since last request: 0.000019 seconds.
  path: Assets/Texture/BackGround/LogBackGround.png
  artifactKey: Guid(28281fcc2fadc4b4189f322cf4384c75) Importer(2089858483,b0f066a214c2f5e87bad3c948f4d605d)
Start importing Assets/Texture/BackGround/LogBackGround.png using Guid(28281fcc2fadc4b4189f322cf4384c75) Importer(2089858483,b0f066a214c2f5e87bad3c948f4d605d) (ScriptedImporter) -> (artifact id: '2c4bb0d77a7b014f4bbc8bc1d4ca9706') in 0.0166517 seconds
Number of updated asset objects reloaded before import = 0Number of asset objects unloaded after import = 3

========================================================================
Received Import Request.
  Time since last request: 0.000023 seconds.
  path: Assets/TextMesh Pro/Shaders/TMP_SDF-Mobile Masking.shader
  artifactKey: Guid(bc1ede39bf3643ee8e493720e4259791) Importer(2089858483,b0f066a214c2f5e87bad3c948f4d605d)
Start importing Assets/TextMesh Pro/Shaders/TMP_SDF-Mobile Masking.shader using Guid(bc1ede39bf3643ee8e493720e4259791) Importer(2089858483,b0f066a214c2f5e87bad3c948f4d605d) (ScriptedImporter) -> (artifact id: '63192e0dc37795d24c146f06183a55fe') in 0.0112342 seconds
Number of updated asset objects reloaded before import = 0Number of asset objects unloaded after import = 1

========================================================================
Received Import Request.
  Time since last request: 0.000016 seconds.
  path: Assets/TextMesh Pro/Shaders/TMP_SDF-Mobile SSD.shader
  artifactKey: Guid(c8d12adcee749c344b8117cf7c7eb912) Importer(2089858483,b0f066a214c2f5e87bad3c948f4d605d)
Start importing Assets/TextMesh Pro/Shaders/TMP_SDF-Mobile SSD.shader using Guid(c8d12adcee749c344b8117cf7c7eb912) Importer(2089858483,b0f066a214c2f5e87bad3c948f4d605d) (ScriptedImporter) -> (artifact id: '0cb3c659a1646ab2b7f7db6840edb426') in 0.0108472 seconds
Number of updated asset objects reloaded before import = 0Number of asset objects unloaded after import = 1

========================================================================
Received Import Request.
  Time since last request: 0.000024 seconds.
  path: Assets/SkySeries Freebie/FreebieHdri/MegaSunRight.hdr
  artifactKey: Guid(f5760fc943c5eb643a2291630888f6a1) Importer(2089858483,b0f066a214c2f5e87bad3c948f4d605d)
Start importing Assets/SkySeries Freebie/FreebieHdri/MegaSunRight.hdr using Guid(f5760fc943c5eb643a2291630888f6a1) Importer(2089858483,b0f066a214c2f5e87bad3c948f4d605d) (ScriptedImporter) -> (artifact id: '8ae2ca35aa8a7aa9b83fcc832c932326') in 0.0157401 seconds
Number of updated asset objects reloaded before import = 0Number of asset objects unloaded after import = 1

========================================================================
Received Import Request.
  Time since last request: 0.000013 seconds.
  path: Assets/Spine2D Knight Character Animation Pack/PSDs/knight_original.psd
  artifactKey: Guid(1ee6bd81f08390049816e30b74f65713) Importer(2089858483,b0f066a214c2f5e87bad3c948f4d605d)
Start importing Assets/Spine2D Knight Character Animation Pack/PSDs/knight_original.psd using Guid(1ee6bd81f08390049816e30b74f65713) Importer(2089858483,b0f066a214c2f5e87bad3c948f4d605d) (ScriptedImporter) -> (artifact id: 'b693253d3654a4eda6cd5be02f9fe297') in 0.0571785 seconds
Number of updated asset objects reloaded before import = 0Number of asset objects unloaded after import = 3

========================================================================
Received Import Request.
  Time since last request: 0.000020 seconds.
  path: Assets/Spine Examples/Other Examples/Goblins.unity
  artifactKey: Guid(e2d0070263bf7e143b12963d5c0de179) Importer(2089858483,b0f066a214c2f5e87bad3c948f4d605d)
Start importing Assets/Spine Examples/Other Examples/Goblins.unity using Guid(e2d0070263bf7e143b12963d5c0de179) Importer(2089858483,b0f066a214c2f5e87bad3c948f4d605d) (ScriptedImporter) -> (artifact id: 'b73e904b503c375fd0b656538be3236f') in 0.0113924 seconds
Number of updated asset objects reloaded before import = 0Number of asset objects unloaded after import = 1

========================================================================
Received Import Request.
  Time since last request: 0.000022 seconds.
  path: Assets/Spine Examples/Getting Started/6 SkeletonGraphic.unity
  artifactKey: Guid(fa77f7a2c74add54eb0eb29f88e080dc) Importer(2089858483,b0f066a214c2f5e87bad3c948f4d605d)
Start importing Assets/Spine Examples/Getting Started/6 SkeletonGraphic.unity using Guid(fa77f7a2c74add54eb0eb29f88e080dc) Importer(2089858483,b0f066a214c2f5e87bad3c948f4d605d) (ScriptedImporter) -> (artifact id: '9b673a7dca644c605ecef75408ff5e9a') in 0.0129648 seconds
Number of updated asset objects reloaded before import = 0Number of asset objects unloaded after import = 1

========================================================================
Received Import Request.
  Time since last request: 0.000024 seconds.
  path: Assets/SkySeries Freebie/FreebieHdri/CosmicCoolCloudFront.hdr
  artifactKey: Guid(d822c5eff7d42f04691027bc8c2b0716) Importer(2089858483,b0f066a214c2f5e87bad3c948f4d605d)
Start importing Assets/SkySeries Freebie/FreebieHdri/CosmicCoolCloudFront.hdr using Guid(d822c5eff7d42f04691027bc8c2b0716) Importer(2089858483,b0f066a214c2f5e87bad3c948f4d605d) (ScriptedImporter) -> (artifact id: '55bdebe97791fc5fd6770ae0532dbe71') in 0.0157318 seconds
Number of updated asset objects reloaded before import = 0Number of asset objects unloaded after import = 1

========================================================================
Received Import Request.
  Time since last request: 0.000017 seconds.
  path: Assets/Spine Examples/Images/outline-shaders-heading.png
  artifactKey: Guid(de1fb4dac677a6d45ae2ad12a49091c0) Importer(2089858483,b0f066a214c2f5e87bad3c948f4d605d)
Start importing Assets/Spine Examples/Images/outline-shaders-heading.png using Guid(de1fb4dac677a6d45ae2ad12a49091c0) Importer(2089858483,b0f066a214c2f5e87bad3c948f4d605d) (ScriptedImporter) -> (artifact id: 'd0105055c927fa5ee646921cb6cc84f7') in 0.0178592 seconds
Number of updated asset objects reloaded before import = 0Number of asset objects unloaded after import = 3

========================================================================
Received Import Request.
  Time since last request: 0.000021 seconds.
  path: Assets/Spine Examples/Scripts/Spineboy.cs
  artifactKey: Guid(f73aeaeed67fd5446ae964e07ef7e7e7) Importer(2089858483,b0f066a214c2f5e87bad3c948f4d605d)
Start importing Assets/Spine Examples/Scripts/Spineboy.cs using Guid(f73aeaeed67fd5446ae964e07ef7e7e7) Importer(2089858483,b0f066a214c2f5e87bad3c948f4d605d) (ScriptedImporter) -> (artifact id: '08ff20fb7126cd48f123c226d173c5a4') in 0.0117564 seconds
Number of updated asset objects reloaded before import = 0Number of asset objects unloaded after import = 0

========================================================================
Received Import Request.
  Time since last request: 0.000021 seconds.
  path: Assets/Spine Examples/Other Examples/BlendModes.unity
  artifactKey: Guid(0a9f938ebd96eda46b25875547a2c188) Importer(2089858483,b0f066a214c2f5e87bad3c948f4d605d)
Start importing Assets/Spine Examples/Other Examples/BlendModes.unity using Guid(0a9f938ebd96eda46b25875547a2c188) Importer(2089858483,b0f066a214c2f5e87bad3c948f4d605d) (ScriptedImporter) -> (artifact id: '2946b6070b05122c4ccbf801f9fff483') in 0.0121389 seconds
Number of updated asset objects reloaded before import = 0Number of asset objects unloaded after import = 1

========================================================================
Received Import Request.
  Time since last request: 0.000021 seconds.
  path: Assets/TextMesh Pro/Shaders/TMPro_Surface.cginc
  artifactKey: Guid(d930090c0cd643c7b55f19a38538c162) Importer(2089858483,b0f066a214c2f5e87bad3c948f4d605d)
Start importing Assets/TextMesh Pro/Shaders/TMPro_Surface.cginc using Guid(d930090c0cd643c7b55f19a38538c162) Importer(2089858483,b0f066a214c2f5e87bad3c948f4d605d) (ScriptedImporter) -> (artifact id: '08a97746b40a9c217bfbcf82c7d783be') in 0.0094028 seconds
Number of updated asset objects reloaded before import = 0Number of asset objects unloaded after import = 1

========================================================================
Received Import Request.
  Time since last request: 0.000027 seconds.
  path: Assets/TextMesh Pro/Resources/LineBreaking Leading Characters.txt
  artifactKey: Guid(d82c1b31c7e74239bff1220585707d2b) Importer(2089858483,b0f066a214c2f5e87bad3c948f4d605d)
Start importing Assets/TextMesh Pro/Resources/LineBreaking Leading Characters.txt using Guid(d82c1b31c7e74239bff1220585707d2b) Importer(2089858483,b0f066a214c2f5e87bad3c948f4d605d) (ScriptedImporter) -> (artifact id: 'b9d82456651c00349d98b3a3af6ca170') in 0.0096987 seconds
Number of updated asset objects reloaded before import = 0Number of asset objects unloaded after import = 1

========================================================================
Received Import Request.
  Time since last request: 0.000014 seconds.
  path: Assets/Texture/BackGround/Loading0.png
  artifactKey: Guid(4c60a490c18233f4689c0d04eacf6695) Importer(2089858483,b0f066a214c2f5e87bad3c948f4d605d)
Start importing Assets/Texture/BackGround/Loading0.png using Guid(4c60a490c18233f4689c0d04eacf6695) Importer(2089858483,b0f066a214c2f5e87bad3c948f4d605d) (ScriptedImporter) -> (artifact id: '8022bbc71ef168e7dc76c20ead936e13') in 0.0185829 seconds
Number of updated asset objects reloaded before import = 0Number of asset objects unloaded after import = 3

========================================================================
Received Import Request.
  Time since last request: 0.000019 seconds.
  path: Assets/Spine Examples/Other Examples/SkeletonUtility Eyes.unity
  artifactKey: Guid(51036c61bd222d9469b4e94cc89cceae) Importer(2089858483,b0f066a214c2f5e87bad3c948f4d605d)
Start importing Assets/Spine Examples/Other Examples/SkeletonUtility Eyes.unity using Guid(51036c61bd222d9469b4e94cc89cceae) Importer(2089858483,b0f066a214c2f5e87bad3c948f4d605d) (ScriptedImporter) -> (artifact id: 'efc35f34a1602fd6f0d8eb94d93a6e3f') in 0.0116895 seconds
Number of updated asset objects reloaded before import = 0Number of asset objects unloaded after import = 1

========================================================================
Received Import Request.
  Time since last request: 0.000014 seconds.
  path: Assets/SkySeries Freebie/FreebieHdri/DarkStorm4K.hdr
  artifactKey: Guid(762f22ba43541df4e95e0e7126e8d96c) Importer(2089858483,b0f066a214c2f5e87bad3c948f4d605d)
Start importing Assets/SkySeries Freebie/FreebieHdri/DarkStorm4K.hdr using Guid(762f22ba43541df4e95e0e7126e8d96c) Importer(2089858483,b0f066a214c2f5e87bad3c948f4d605d) (ScriptedImporter) -> (artifact id: 'f8f83ae29ace3fccc005027c8e71a1a1') in 0.0348058 seconds
Number of updated asset objects reloaded before import = 0Number of asset objects unloaded after import = 1

========================================================================
Received Import Request.
  Time since last request: 0.000021 seconds.
  path: Assets/Spine Examples/Getting Started/2 Controlling Animation.unity
  artifactKey: Guid(5c66a9c1bbf922d4ab082694f19536c7) Importer(2089858483,b0f066a214c2f5e87bad3c948f4d605d)
Start importing Assets/Spine Examples/Getting Started/2 Controlling Animation.unity using Guid(5c66a9c1bbf922d4ab082694f19536c7) Importer(2089858483,b0f066a214c2f5e87bad3c948f4d605d) (ScriptedImporter) -> (artifact id: '20b1c6522950f37d6aa95eabf84ae29a') in 0.0113751 seconds
Number of updated asset objects reloaded before import = 0Number of asset objects unloaded after import = 1

========================================================================
Received Import Request.
  Time since last request: 0.000025 seconds.
  path: Assets/TextMesh Pro/Shaders/TMP_SDF-Mobile-2-Pass.shader
  artifactKey: Guid(0178fcb869bafef4690d177d31d17db8) Importer(2089858483,b0f066a214c2f5e87bad3c948f4d605d)
Start importing Assets/TextMesh Pro/Shaders/TMP_SDF-Mobile-2-Pass.shader using Guid(0178fcb869bafef4690d177d31d17db8) Importer(2089858483,b0f066a214c2f5e87bad3c948f4d605d) (ScriptedImporter) -> (artifact id: '101923cd1cf12014712254ef741e09dc') in 0.0130721 seconds
Number of updated asset objects reloaded before import = 0Number of asset objects unloaded after import = 1

========================================================================
Received Import Request.
  Time since last request: 0.000013 seconds.
  path: Assets/SkySeries Freebie/FreebieHdri/MegaSun4k.hdr
  artifactKey: Guid(8967f190ed29c46418093a47d66daee8) Importer(2089858483,b0f066a214c2f5e87bad3c948f4d605d)
Start importing Assets/SkySeries Freebie/FreebieHdri/MegaSun4k.hdr using Guid(8967f190ed29c46418093a47d66daee8) Importer(2089858483,b0f066a214c2f5e87bad3c948f4d605d) (ScriptedImporter) -> (artifact id: '30d696bbd198b255a05e5468c8708f7e') in 0.0376232 seconds
Number of updated asset objects reloaded before import = 0Number of asset objects unloaded after import = 1

========================================================================
Received Import Request.
  Time since last request: 0.000017 seconds.
  path: Assets/Spine Examples/Getting Started/1 The Spine GameObject.unity
  artifactKey: Guid(fff6e9ad77d93024a9a87f6f2c0a6b3e) Importer(2089858483,b0f066a214c2f5e87bad3c948f4d605d)
Start importing Assets/Spine Examples/Getting Started/1 The Spine GameObject.unity using Guid(fff6e9ad77d93024a9a87f6f2c0a6b3e) Importer(2089858483,b0f066a214c2f5e87bad3c948f4d605d) (ScriptedImporter) -> (artifact id: '2d23ec90b04ac50f2070043d8b7d17ce') in 0.0124696 seconds
Number of updated asset objects reloaded before import = 0Number of asset objects unloaded after import = 1

========================================================================
Received Import Request.
  Time since last request: 0.000017 seconds.
  path: Assets/Spine Examples/Other Examples/SkeletonUtility Platformer HingeChain Physics.unity
  artifactKey: Guid(215ee35c3c4c6f24a918378a3eb209e2) Importer(2089858483,b0f066a214c2f5e87bad3c948f4d605d)
Start importing Assets/Spine Examples/Other Examples/SkeletonUtility Platformer HingeChain Physics.unity using Guid(215ee35c3c4c6f24a918378a3eb209e2) Importer(2089858483,b0f066a214c2f5e87bad3c948f4d605d) (ScriptedImporter) -> (artifact id: 'b18ccc616b4d2fe538d414e5ed1a1f66') in 0.0151878 seconds
Number of updated asset objects reloaded before import = 0Number of asset objects unloaded after import = 1

========================================================================
Received Import Request.
  Time since last request: 0.000020 seconds.
  path: Assets/TextMesh Pro/Shaders/TMP_Bitmap-Mobile.shader
  artifactKey: Guid(1e3b057af24249748ff873be7fafee47) Importer(2089858483,b0f066a214c2f5e87bad3c948f4d605d)
Start importing Assets/TextMesh Pro/Shaders/TMP_Bitmap-Mobile.shader using Guid(1e3b057af24249748ff873be7fafee47) Importer(2089858483,b0f066a214c2f5e87bad3c948f4d605d) (ScriptedImporter) -> (artifact id: '77983cd512167efd2417bb5b2c8e99a1') in 0.0123748 seconds
Number of updated asset objects reloaded before import = 0Number of asset objects unloaded after import = 1

========================================================================
Received Import Request.
  Time since last request: 0.000030 seconds.
  path: Assets/Spine/Runtime/spine-unity.asmdef
  artifactKey: Guid(68765d262e2128e4ab49c983f3411946) Importer(2089858483,b0f066a214c2f5e87bad3c948f4d605d)
Start importing Assets/Spine/Runtime/spine-unity.asmdef using Guid(68765d262e2128e4ab49c983f3411946) Importer(2089858483,b0f066a214c2f5e87bad3c948f4d605d) (ScriptedImporter) -> (artifact id: '9b0de9f7134cc4c7311af1e33343ec3f') in 0.0111129 seconds
Number of updated asset objects reloaded before import = 0Number of asset objects unloaded after import = 1

========================================================================
Received Import Request.
  Time since last request: 0.000018 seconds.
  path: Assets/Spine Examples/Scripts/FootSoldierExample.cs
  artifactKey: Guid(3c826b50b0cfee343be3bdbbf59d0f7c) Importer(2089858483,b0f066a214c2f5e87bad3c948f4d605d)
Start importing Assets/Spine Examples/Scripts/FootSoldierExample.cs using Guid(3c826b50b0cfee343be3bdbbf59d0f7c) Importer(2089858483,b0f066a214c2f5e87bad3c948f4d605d) (ScriptedImporter) -> (artifact id: 'a04fbed378d20409037c14eb0f8a2e4e') in 0.0096797 seconds
Number of updated asset objects reloaded before import = 0Number of asset objects unloaded after import = 0

========================================================================
Received Import Request.
  Time since last request: 0.000017 seconds.
  path: Assets/SkySeries Freebie/FreebieHdri/CosmicCoolCloudRight.hdr
  artifactKey: Guid(438e868ac8cccca4e81873838a67c003) Importer(2089858483,b0f066a214c2f5e87bad3c948f4d605d)
Start importing Assets/SkySeries Freebie/FreebieHdri/CosmicCoolCloudRight.hdr using Guid(438e868ac8cccca4e81873838a67c003) Importer(2089858483,b0f066a214c2f5e87bad3c948f4d605d) (ScriptedImporter) -> (artifact id: '3e0f41cf044106d293829c371ee62761') in 0.0152199 seconds
Number of updated asset objects reloaded before import = 0Number of asset objects unloaded after import = 1

========================================================================
Received Import Request.
  Time since last request: 0.000018 seconds.
  path: Assets/TextMesh Pro/Resources/TMP Settings.asset
  artifactKey: Guid(3f5b5dff67a942289a9defa416b206f3) Importer(2089858483,b0f066a214c2f5e87bad3c948f4d605d)
Start importing Assets/TextMesh Pro/Resources/TMP Settings.asset using Guid(3f5b5dff67a942289a9defa416b206f3) Importer(2089858483,b0f066a214c2f5e87bad3c948f4d605d) (ScriptedImporter) -> (artifact id: '54347d982144aa71c9035e4c2c543a81') in 0.0399872 seconds
Number of updated asset objects reloaded before import = 0Number of asset objects unloaded after import = 15

========================================================================
Received Import Request.
  Time since last request: 0.000025 seconds.
  path: Assets/Spine2D Knight Character Animation Pack/PSDs/knight_ready_export.psd
  artifactKey: Guid(75c8e375f5623ab4ab048ec4ef04b8fd) Importer(2089858483,b0f066a214c2f5e87bad3c948f4d605d)
Start importing Assets/Spine2D Knight Character Animation Pack/PSDs/knight_ready_export.psd using Guid(75c8e375f5623ab4ab048ec4ef04b8fd) Importer(2089858483,b0f066a214c2f5e87bad3c948f4d605d) (ScriptedImporter) -> (artifact id: '5d2606c5064fc5338ac8158c8c0e77fe') in 0.0154254 seconds
Number of updated asset objects reloaded before import = 0Number of asset objects unloaded after import = 3

========================================================================
Received Import Request.
  Time since last request: 0.393458 seconds.
  path: Assets/Texture/Button/ItemBackGround.png
  artifactKey: Guid(c43ef9adf086c574c97cdb327953f1b5) Importer(2089858483,b0f066a214c2f5e87bad3c948f4d605d)
Start importing Assets/Texture/Button/ItemBackGround.png using Guid(c43ef9adf086c574c97cdb327953f1b5) Importer(2089858483,b0f066a214c2f5e87bad3c948f4d605d) (ScriptedImporter) -> (artifact id: '5fdc8b49efb2f66c8bf59e66c484b0b9') in 0.044896 seconds
Number of updated asset objects reloaded before import = 0Number of asset objects unloaded after import = 3

========================================================================
Received Import Request.
  Time since last request: 0.000023 seconds.
  path: Assets/Dungeon Crawler 2D Art Pack/Sprites/Misc/hole.png
  artifactKey: Guid(b36976f975e44f0418fc9a85262cb751) Importer(2089858483,b0f066a214c2f5e87bad3c948f4d605d)
Start importing Assets/Dungeon Crawler 2D Art Pack/Sprites/Misc/hole.png using Guid(b36976f975e44f0418fc9a85262cb751) Importer(2089858483,b0f066a214c2f5e87bad3c948f4d605d) (ScriptedImporter) -> (artifact id: '0d6ca90ad686dadf0a86c5d67a4fbbd2') in 0.0142793 seconds
Number of updated asset objects reloaded before import = 0Number of asset objects unloaded after import = 3

========================================================================
Received Import Request.
  Time since last request: 0.000024 seconds.
  path: Assets/Texture/UI/Battle.png
  artifactKey: Guid(4dbab426415c5214fb156f04aada5870) Importer(2089858483,b0f066a214c2f5e87bad3c948f4d605d)
Start importing Assets/Texture/UI/Battle.png using Guid(4dbab426415c5214fb156f04aada5870) Importer(2089858483,b0f066a214c2f5e87bad3c948f4d605d) (ScriptedImporter) -> (artifact id: '01440880eb7f0f2eb8bdb817174435fd') in 0.0179593 seconds
Number of updated asset objects reloaded before import = 0Number of asset objects unloaded after import = 3

========================================================================
Received Import Request.
  Time since last request: 0.000019 seconds.
  path: Assets/Prefabs/UI/GameScene/New Animation.anim
  artifactKey: Guid(f8a6ccfd33fdea640bd18121f970eb33) Importer(2089858483,b0f066a214c2f5e87bad3c948f4d605d)
Start importing Assets/Prefabs/UI/GameScene/New Animation.anim using Guid(f8a6ccfd33fdea640bd18121f970eb33) Importer(2089858483,b0f066a214c2f5e87bad3c948f4d605d) (ScriptedImporter) -> (artifact id: '534cc5dcd370d6933ac75d2536df7b7a') in 0.0182687 seconds
Number of updated asset objects reloaded before import = 0Number of asset objects unloaded after import = 1

========================================================================
Received Import Request.
  Time since last request: 0.000014 seconds.
  path: Assets/Prefabs/UI/BuyPopup/BuyInfo.prefab
  artifactKey: Guid(59994a7249c1bdc46af92324f4828d5b) Importer(2089858483,b0f066a214c2f5e87bad3c948f4d605d)
Start importing Assets/Prefabs/UI/BuyPopup/BuyInfo.prefab using Guid(59994a7249c1bdc46af92324f4828d5b) Importer(2089858483,b0f066a214c2f5e87bad3c948f4d605d) (ScriptedImporter) -> (artifact id: 'eea42df4deb05386210bd11360fa7d7b') in 0.0243071 seconds
Number of updated asset objects reloaded before import = 0Number of asset objects unloaded after import = 17

========================================================================
Received Import Request.
  Time since last request: 0.000020 seconds.
  path: Assets/FireBase/Plugins/x86_64/FirebaseCppAuth.so
  artifactKey: Guid(a4d0f2c2a6ca44528c55eb26d36f25d6) Importer(2089858483,b0f066a214c2f5e87bad3c948f4d605d)
Start importing Assets/FireBase/Plugins/x86_64/FirebaseCppAuth.so using Guid(a4d0f2c2a6ca44528c55eb26d36f25d6) Importer(2089858483,b0f066a214c2f5e87bad3c948f4d605d) (ScriptedImporter) -> (artifact id: '0962cc1821b7c59797324a4939c8c63c') in 0.0121348 seconds
Number of updated asset objects reloaded before import = 0Number of asset objects unloaded after import = 0

========================================================================
Received Import Request.
  Time since last request: 0.000021 seconds.
  path: Assets/Texture/Button/LoadFrame.png
  artifactKey: Guid(8413cd587493f7a46ad2236a0a98e2b3) Importer(2089858483,b0f066a214c2f5e87bad3c948f4d605d)
Start importing Assets/Texture/Button/LoadFrame.png using Guid(8413cd587493f7a46ad2236a0a98e2b3) Importer(2089858483,b0f066a214c2f5e87bad3c948f4d605d) (ScriptedImporter) -> (artifact id: '4c3870576b5b648f391e246bf0e75201') in 0.0244422 seconds
Number of updated asset objects reloaded before import = 0Number of asset objects unloaded after import = 11

========================================================================
Received Import Request.
  Time since last request: 0.000034 seconds.
  path: Assets/Effect/Hit Impact Effects/Textures/HIE_Hit_03_Flash_2x2_01.tga
  artifactKey: Guid(1a04758a87471c849ad403b1a94412d3) Importer(2089858483,b0f066a214c2f5e87bad3c948f4d605d)
Start importing Assets/Effect/Hit Impact Effects/Textures/HIE_Hit_03_Flash_2x2_01.tga using Guid(1a04758a87471c849ad403b1a94412d3) Importer(2089858483,b0f066a214c2f5e87bad3c948f4d605d) (ScriptedImporter) -> (artifact id: 'fb5bf1f3119caa7868871524ea41ed13') in 0.018845 seconds
Number of updated asset objects reloaded before import = 0Number of asset objects unloaded after import = 1

========================================================================
Received Import Request.
  Time since last request: 0.000018 seconds.
  path: Assets/Texture/UI/exec-29cb7cd0-d5fc-4ee3-9039-bca93fd2af97.png
  artifactKey: Guid(fce423b55d5452344b6c85cab1e9998a) Importer(2089858483,b0f066a214c2f5e87bad3c948f4d605d)
Start importing Assets/Texture/UI/exec-29cb7cd0-d5fc-4ee3-9039-bca93fd2af97.png using Guid(fce423b55d5452344b6c85cab1e9998a) Importer(2089858483,b0f066a214c2f5e87bad3c948f4d605d) (ScriptedImporter) -> (artifact id: '2d2a8cdc8489fab0da49a4d003ceb2a1') in 0.0203004 seconds
Number of updated asset objects reloaded before import = 0Number of asset objects unloaded after import = 3

========================================================================
Received Import Request.
  Time since last request: 0.000021 seconds.
  path: Assets/Scripts/Data/Player/PlayerData.cs
  artifactKey: Guid(b6a6b270325a20843be56333e6b81e85) Importer(2089858483,b0f066a214c2f5e87bad3c948f4d605d)
Start importing Assets/Scripts/Data/Player/PlayerData.cs using Guid(b6a6b270325a20843be56333e6b81e85) Importer(2089858483,b0f066a214c2f5e87bad3c948f4d605d) (ScriptedImporter) -> (artifact id: 'a34f77cef9c528f3e8169d1f8a08dc51') in 0.0119513 seconds
Number of updated asset objects reloaded before import = 0Number of asset objects unloaded after import = 0

========================================================================
Received Import Request.
  Time since last request: 0.000019 seconds.
  path: Assets/AddressableAssetsData/AssetGroups/Schemas/unifiedraytracing_BundledAssetGroupSchema.asset
  artifactKey: Guid(aad615513511f564fae6008a3fb0502a) Importer(2089858483,b0f066a214c2f5e87bad3c948f4d605d)
Start importing Assets/AddressableAssetsData/AssetGroups/Schemas/unifiedraytracing_BundledAssetGroupSchema.asset using Guid(aad615513511f564fae6008a3fb0502a) Importer(2089858483,b0f066a214c2f5e87bad3c948f4d605d) (ScriptedImporter) -> (artifact id: 'c0d09ceb2fcf6acda3b155f63784ebae') in 0.0245376 seconds
Number of updated asset objects reloaded before import = 0Number of asset objects unloaded after import = 1

========================================================================
Received Import Request.
  Time since last request: 0.000021 seconds.
  path: Assets/Texture/UI/SlotImage1.png
  artifactKey: Guid(07ef5217c780b5f4ebcb50fd7bc1299f) Importer(2089858483,b0f066a214c2f5e87bad3c948f4d605d)
Start importing Assets/Texture/UI/SlotImage1.png using Guid(07ef5217c780b5f4ebcb50fd7bc1299f) Importer(2089858483,b0f066a214c2f5e87bad3c948f4d605d) (ScriptedImporter) -> (artifact id: 'f3a481745b33994e421d9c22edb58b6d') in 0.0209489 seconds
Number of updated asset objects reloaded before import = 0Number of asset objects unloaded after import = 3

========================================================================
Received Import Request.
  Time since last request: 0.000029 seconds.
  path: Assets/Animation/UI Anim/GachaAnim/GachaAnimator.controller
  artifactKey: Guid(6cf9a1e64b9aa1e488e04d39e72cb062) Importer(2089858483,b0f066a214c2f5e87bad3c948f4d605d)
Start importing Assets/Animation/UI Anim/GachaAnim/GachaAnimator.controller using Guid(6cf9a1e64b9aa1e488e04d39e72cb062) Importer(2089858483,b0f066a214c2f5e87bad3c948f4d605d) (ScriptedImporter) -> (artifact id: 'a85eafe63756a415d8acd9f0b2bf49f7') in 0.0150256 seconds
Number of updated asset objects reloaded before import = 0Number of asset objects unloaded after import = 7

========================================================================
Received Import Request.
  Time since last request: 0.000018 seconds.
  path: Assets/Model/Gacha/Meshy_AI_Circle_of_Light_in_th_0804061104_texture.fbm/base_color.jpg
  artifactKey: Guid(35f002e452419884d88100ca3d45bd81) Importer(2089858483,b0f066a214c2f5e87bad3c948f4d605d)
Start importing Assets/Model/Gacha/Meshy_AI_Circle_of_Light_in_th_0804061104_texture.fbm/base_color.jpg using Guid(35f002e452419884d88100ca3d45bd81) Importer(2089858483,b0f066a214c2f5e87bad3c948f4d605d) (ScriptedImporter) -> (artifact id: '317668000ab85c9f0fc07e3cf3d07c47') in 0.0207324 seconds
Number of updated asset objects reloaded before import = 0Number of asset objects unloaded after import = 3

========================================================================
Received Import Request.
  Time since last request: 0.000021 seconds.
  path: Assets/Resources/SO/BM/BM_Cash11000.asset
  artifactKey: Guid(73ae3dcd683984041a15ca86c90b50c1) Importer(2089858483,b0f066a214c2f5e87bad3c948f4d605d)
Start importing Assets/Resources/SO/BM/BM_Cash11000.asset using Guid(73ae3dcd683984041a15ca86c90b50c1) Importer(2089858483,b0f066a214c2f5e87bad3c948f4d605d) (ScriptedImporter) -> (artifact id: '19601ef13d402fbe71f1c22eb57201f2') in 0.0146992 seconds
Number of updated asset objects reloaded before import = 0Number of asset objects unloaded after import = 1

========================================================================
Received Import Request.
  Time since last request: 0.000025 seconds.
  path: Assets/Animation/UI Anim/GameEndign/Win_Loop.anim
  artifactKey: Guid(78d45ddccd297b9459290e083c63bcc4) Importer(2089858483,b0f066a214c2f5e87bad3c948f4d605d)
Start importing Assets/Animation/UI Anim/GameEndign/Win_Loop.anim using Guid(78d45ddccd297b9459290e083c63bcc4) Importer(2089858483,b0f066a214c2f5e87bad3c948f4d605d) (ScriptedImporter) -> (artifact id: '31bbea893ffdbf8100c1bdfe00f72e0f') in 0.0156485 seconds
Number of updated asset objects reloaded before import = 0Number of asset objects unloaded after import = 1

========================================================================
Received Import Request.
  Time since last request: 0.000043 seconds.
  path: Assets/Texture/Card/CardAtlas.spriteatlasv2
  artifactKey: Guid(497540c1b1e96d849a9f116335143a89) Importer(2089858483,b0f066a214c2f5e87bad3c948f4d605d)
Start importing Assets/Texture/Card/CardAtlas.spriteatlasv2 using Guid(497540c1b1e96d849a9f116335143a89) Importer(2089858483,b0f066a214c2f5e87bad3c948f4d605d) (ScriptedImporter) -> (artifact id: '9f6a7b8f3b9609c5d741c6ab0c0a37a2') in 0.0155328 seconds
Number of updated asset objects reloaded before import = 0Number of asset objects unloaded after import = 2

========================================================================
Received Import Request.
  Time since last request: 0.000016 seconds.
  path: Assets/Texture/UI/image-removebg-preview.png
  artifactKey: Guid(ad27414e73b33b6488fa3b314fa0bf0e) Importer(2089858483,b0f066a214c2f5e87bad3c948f4d605d)
Start importing Assets/Texture/UI/image-removebg-preview.png using Guid(ad27414e73b33b6488fa3b314fa0bf0e) Importer(2089858483,b0f066a214c2f5e87bad3c948f4d605d) (ScriptedImporter) -> (artifact id: '327de9f1ee449529dea12f30c8fad7d7') in 0.0199442 seconds
Number of updated asset objects reloaded before import = 0Number of asset objects unloaded after import = 3

========================================================================
Received Import Request.
  Time since last request: 0.000023 seconds.
  path: Assets/Texture/UI/Winner&Defeat.png
  artifactKey: Guid(be7ef384beee2e941954144fb5f49629) Importer(2089858483,b0f066a214c2f5e87bad3c948f4d605d)
Start importing Assets/Texture/UI/Winner&Defeat.png using Guid(be7ef384beee2e941954144fb5f49629) Importer(2089858483,b0f066a214c2f5e87bad3c948f4d605d) (ScriptedImporter) -> (artifact id: '568e8f31a32580958e188b34efa12b0e') in 0.0203057 seconds
Number of updated asset objects reloaded before import = 0Number of asset objects unloaded after import = 4

========================================================================
Received Import Request.
  Time since last request: 0.000025 seconds.
  path: Assets/Resources/Altas/Button/GameStartBut.spriteatlasv2
  artifactKey: Guid(cb0d5c168e1f97744a3622dd8cbf488e) Importer(2089858483,b0f066a214c2f5e87bad3c948f4d605d)
Start importing Assets/Resources/Altas/Button/GameStartBut.spriteatlasv2 using Guid(cb0d5c168e1f97744a3622dd8cbf488e) Importer(2089858483,b0f066a214c2f5e87bad3c948f4d605d) (ScriptedImporter) -> (artifact id: 'af07416214ba5c124d3a31101bcaf7f0') in 0.0124496 seconds
Number of updated asset objects reloaded before import = 0Number of asset objects unloaded after import = 2

========================================================================
Received Import Request.
  Time since last request: 0.000030 seconds.
  path: Assets/Texture/Button/MenuButton.png
  artifactKey: Guid(6d27d960682f88e4ca83e3bad74cec4e) Importer(2089858483,b0f066a214c2f5e87bad3c948f4d605d)
Start importing Assets/Texture/Button/MenuButton.png using Guid(6d27d960682f88e4ca83e3bad74cec4e) Importer(2089858483,b0f066a214c2f5e87bad3c948f4d605d) (ScriptedImporter) -> (artifact id: '779b1a062c5a756449304cfe2775d80a') in 0.0416942 seconds
Number of updated asset objects reloaded before import = 0Number of asset objects unloaded after import = 26

========================================================================
Received Import Request.
  Time since last request: 0.000023 seconds.
  path: Assets/Effect/Hit Impact Effects/Textures/HIE_Hit_03_Shockwave_2x2_01.tga
  artifactKey: Guid(7e752a28bc352ab498bf2c97e4811c51) Importer(2089858483,b0f066a214c2f5e87bad3c948f4d605d)
Start importing Assets/Effect/Hit Impact Effects/Textures/HIE_Hit_03_Shockwave_2x2_01.tga using Guid(7e752a28bc352ab498bf2c97e4811c51) Importer(2089858483,b0f066a214c2f5e87bad3c948f4d605d) (ScriptedImporter) -> (artifact id: '2c5d0a031c1abb515271f538beed6cad') in 0.0218579 seconds
Number of updated asset objects reloaded before import = 0Number of asset objects unloaded after import = 1

========================================================================
Received Import Request.
  Time since last request: 0.000018 seconds.
  path: Assets/Resources/Data/Csv/Cards_ko.csv
  artifactKey: Guid(18a2cef2b73b6f5408f440b54f37f56c) Importer(2089858483,b0f066a214c2f5e87bad3c948f4d605d)
Start importing Assets/Resources/Data/Csv/Cards_ko.csv using Guid(18a2cef2b73b6f5408f440b54f37f56c) Importer(2089858483,b0f066a214c2f5e87bad3c948f4d605d) (ScriptedImporter) -> (artifact id: '284016d91fc8f66000e8319c18860a27') in 0.0148553 seconds
Number of updated asset objects reloaded before import = 0Number of asset objects unloaded after import = 1

========================================================================
Received Import Request.
  Time since last request: 0.000022 seconds.
  path: Assets/Texture/UI/TurnBar.png
  artifactKey: Guid(625829a7353a840459b8510c5636849d) Importer(2089858483,b0f066a214c2f5e87bad3c948f4d605d)
Start importing Assets/Texture/UI/TurnBar.png using Guid(625829a7353a840459b8510c5636849d) Importer(2089858483,b0f066a214c2f5e87bad3c948f4d605d) (ScriptedImporter) -> (artifact id: '78768e1fac08d001417e2217a5037e72') in 0.0302339 seconds
Number of updated asset objects reloaded before import = 0Number of asset objects unloaded after import = 13

========================================================================
Received Import Request.
  Time since last request: 0.000041 seconds.
  path: Assets/Animation/UI Anim/GameEndign/Codex 이미지 2026년 9월 15일 오후 07_10_40.png
  artifactKey: Guid(bee669758ee8b4848a11dcebc23b7a99) Importer(2089858483,b0f066a214c2f5e87bad3c948f4d605d)
Start importing Assets/Animation/UI Anim/GameEndign/Codex 이미지 2026년 9월 15일 오후 07_10_40.png using Guid(bee669758ee8b4848a11dcebc23b7a99) Importer(2089858483,b0f066a214c2f5e87bad3c948f4d605d) (ScriptedImporter) -> (artifact id: 'fffdf20c75919cbbe2d68beaf09bccc7') in 0.1009589 seconds
Number of updated asset objects reloaded before import = 0Number of asset objects unloaded after import = 67

========================================================================
Received Import Request.
  Time since last request: 0.000028 seconds.
  path: Assets/Effect/Hit Impact Effects/Textures/HIE_Shockwave_01.tga
  artifactKey: Guid(762bec7cd61c06340816d3fabd1b0e5b) Importer(2089858483,b0f066a214c2f5e87bad3c948f4d605d)
Start importing Assets/Effect/Hit Impact Effects/Textures/HIE_Shockwave_01.tga using Guid(762bec7cd61c06340816d3fabd1b0e5b) Importer(2089858483,b0f066a214c2f5e87bad3c948f4d605d) (ScriptedImporter) -> (artifact id: 'd0a1c4ef7fd35ca5cb91d52ba645d8c0') in 0.0240967 seconds
Number of updated asset objects reloaded before import = 0Number of asset objects unloaded after import = 1

========================================================================
Received Import Request.
  Time since last request: 0.000025 seconds.
  path: Assets/Animation/UI Anim/GameEndign/Win_Start.anim
  artifactKey: Guid(179af5ca7f437ed4c89ef1d818514895) Importer(2089858483,b0f066a214c2f5e87bad3c948f4d605d)
Start importing Assets/Animation/UI Anim/GameEndign/Win_Start.anim using Guid(179af5ca7f437ed4c89ef1d818514895) Importer(2089858483,b0f066a214c2f5e87bad3c948f4d605d) (ScriptedImporter) -> (artifact id: 'cb28dfb90bca004d076cdebf2a4cc4a3') in 0.0159209 seconds
Number of updated asset objects reloaded before import = 0Number of asset objects unloaded after import = 1

========================================================================
Received Import Request.
  Time since last request: 0.000039 seconds.
  path: Assets/Texture/UI/6ec4702b-7ace-4baf-a6ec-a3571080a478.png
  artifactKey: Guid(1a1d3eeb536bda2488477a30563ddf21) Importer(2089858483,b0f066a214c2f5e87bad3c948f4d605d)
Start importing Assets/Texture/UI/6ec4702b-7ace-4baf-a6ec-a3571080a478.png using Guid(1a1d3eeb536bda2488477a30563ddf21) Importer(2089858483,b0f066a214c2f5e87bad3c948f4d605d) (ScriptedImporter) -> (artifact id: '29d58d892f9c3c80295ded49deb14b1b') in 0.0428371 seconds
Number of updated asset objects reloaded before import = 0Number of asset objects unloaded after import = 23

========================================================================
Received Import Request.
  Time since last request: 0.000019 seconds.
  path: Assets/Resources/Data/Json/PickUpItem.json
  artifactKey: Guid(a8a55f4f00a0e9044bd8372060924b81) Importer(2089858483,b0f066a214c2f5e87bad3c948f4d605d)
Start importing Assets/Resources/Data/Json/PickUpItem.json using Guid(a8a55f4f00a0e9044bd8372060924b81) Importer(2089858483,b0f066a214c2f5e87bad3c948f4d605d) (ScriptedImporter) -> (artifact id: 'e93f85dbe717b545e651df2f229a07f6') in 0.0109484 seconds
Number of updated asset objects reloaded before import = 0Number of asset objects unloaded after import = 1

========================================================================
Received Import Request.
  Time since last request: 0.000021 seconds.
  path: Assets/Animation/UI Anim/GameEndign/LoL_ANim.anim
  artifactKey: Guid(71f436500d30abb4f836f522b79f42b3) Importer(2089858483,b0f066a214c2f5e87bad3c948f4d605d)
Start importing Assets/Animation/UI Anim/GameEndign/LoL_ANim.anim using Guid(71f436500d30abb4f836f522b79f42b3) Importer(2089858483,b0f066a214c2f5e87bad3c948f4d605d) (ScriptedImporter) -> (artifact id: 'bd4a7e0a4e3dbca5218ce41d3e53793b') in 0.0124043 seconds
Number of updated asset objects reloaded before import = 0Number of asset objects unloaded after import = 1

========================================================================
Received Import Request.
  Time since last request: 0.000026 seconds.
  path: Assets/Resources/Data/Csv/CharacterInfo.csv
  artifactKey: Guid(77c165c0dd25e074e86d9e7a3756e4d9) Importer(2089858483,b0f066a214c2f5e87bad3c948f4d605d)
Start importing Assets/Resources/Data/Csv/CharacterInfo.csv using Guid(77c165c0dd25e074e86d9e7a3756e4d9) Importer(2089858483,b0f066a214c2f5e87bad3c948f4d605d) (ScriptedImporter) -> (artifact id: 'b0242fde0161cdba58e7d92f73e8c4d8') in 0.0107523 seconds
Number of updated asset objects reloaded before import = 0Number of asset objects unloaded after import = 1

========================================================================
Received Import Request.
  Time since last request: 0.000028 seconds.
  path: Assets/Effect/Hit Impact Effects/Textures/HIE_Hit_04_FlashRays_01.tga
  artifactKey: Guid(390bd72510bf2e644a513c853da84226) Importer(2089858483,b0f066a214c2f5e87bad3c948f4d605d)
Start importing Assets/Effect/Hit Impact Effects/Textures/HIE_Hit_04_FlashRays_01.tga using Guid(390bd72510bf2e644a513c853da84226) Importer(2089858483,b0f066a214c2f5e87bad3c948f4d605d) (ScriptedImporter) -> (artifact id: 'a57775c3c030a054f039f1586545013c') in 0.0189716 seconds
Number of updated asset objects reloaded before import = 0Number of asset objects unloaded after import = 1

========================================================================
Received Import Request.
  Time since last request: 0.000026 seconds.
  path: Assets/Animation/UI Anim/GachaAnim/GachaLoop.anim
  artifactKey: Guid(a0e336ea603be14478f1f51f43d48727) Importer(2089858483,b0f066a214c2f5e87bad3c948f4d605d)
Start importing Assets/Animation/UI Anim/GachaAnim/GachaLoop.anim using Guid(a0e336ea603be14478f1f51f43d48727) Importer(2089858483,b0f066a214c2f5e87bad3c948f4d605d) (ScriptedImporter) -> (artifact id: 'db70eccbc6c7698c2facc0e38e0e7c26') in 0.0154641 seconds
Number of updated asset objects reloaded before import = 0Number of asset objects unloaded after import = 1

========================================================================
Received Import Request.
  Time since last request: 0.000022 seconds.
  path: Assets/AddressableAssetsData/AssetGroups/Schemas/Stage1_BundledAssetGroupSchema.asset
  artifactKey: Guid(c9912326baadbd04c9440bc128a8e076) Importer(2089858483,b0f066a214c2f5e87bad3c948f4d605d)
Start importing Assets/AddressableAssetsData/AssetGroups/Schemas/Stage1_BundledAssetGroupSchema.asset using Guid(c9912326baadbd04c9440bc128a8e076) Importer(2089858483,b0f066a214c2f5e87bad3c948f4d605d) (ScriptedImporter) -> (artifact id: '6a9a96be2f3f4cf5d2d22d68576e7dd8') in 0.0162834 seconds
Number of updated asset objects reloaded before import = 0Number of asset objects unloaded after import = 1

========================================================================
Received Import Request.
  Time since last request: 0.000024 seconds.
  path: Assets/Effect/Hit Impact Effects/Textures/HIE_PointBlur_01.tga
  artifactKey: Guid(0b0313da3943afd4c88fe1ca7716385c) Importer(2089858483,b0f066a214c2f5e87bad3c948f4d605d)
Start importing Assets/Effect/Hit Impact Effects/Textures/HIE_PointBlur_01.tga using Guid(0b0313da3943afd4c88fe1ca7716385c) Importer(2089858483,b0f066a214c2f5e87bad3c948f4d605d) (ScriptedImporter) -> (artifact id: '92ec42dd7459c2e4052e7512663aaaab') in 0.0166784 seconds
Number of updated asset objects reloaded before import = 0Number of asset objects unloaded after import = 1

========================================================================
Received Import Request.
  Time since last request: 0.000030 seconds.
  path: Assets/Prefabs/UI/GameScene/GameEnding.prefab
  artifactKey: Guid(4a23826ec2e381d4e97edb6b80786a7f) Importer(2089858483,b0f066a214c2f5e87bad3c948f4d605d)
Start importing Assets/Prefabs/UI/GameScene/GameEnding.prefab using Guid(4a23826ec2e381d4e97edb6b80786a7f) Importer(2089858483,b0f066a214c2f5e87bad3c948f4d605d) (ScriptedImporter) -> (artifact id: 'd2eea4fb12fccc8380a6a666d25c95fc') in 0.0143307 seconds
Number of updated asset objects reloaded before import = 0Number of asset objects unloaded after import = 17

========================================================================
Received Import Request.
  Time since last request: 0.000016 seconds.
  path: Assets/Effect/Hit Impact Effects/Textures/HIE_Haze_01.tga
  artifactKey: Guid(d8cd8d5b86acdf64e984de35d4a37b6c) Importer(2089858483,b0f066a214c2f5e87bad3c948f4d605d)
Start importing Assets/Effect/Hit Impact Effects/Textures/HIE_Haze_01.tga using Guid(d8cd8d5b86acdf64e984de35d4a37b6c) Importer(2089858483,b0f066a214c2f5e87bad3c948f4d605d) (ScriptedImporter) -> (artifact id: '35975f0c54adaf94e54775ed1841ab19') in 0.0194868 seconds
Number of updated asset objects reloaded before import = 0Number of asset objects unloaded after import = 1

========================================================================
Received Import Request.
  Time since last request: 0.223200 seconds.
  path: Assets/Scripts/FireBase/LoginPlatform/LoginPlatform.cs
  artifactKey: Guid(011c20fff66d66f41b71f9686ac2bde7) Importer(2089858483,b0f066a214c2f5e87bad3c948f4d605d)
Start importing Assets/Scripts/FireBase/LoginPlatform/LoginPlatform.cs using Guid(011c20fff66d66f41b71f9686ac2bde7) Importer(2089858483,b0f066a214c2f5e87bad3c948f4d605d) (ScriptedImporter) -> (artifact id: 'ca6a113ad71fffbb356c894d6b2c1877') in 0.0103018 seconds
Number of updated asset objects reloaded before import = 0Number of asset objects unloaded after import = 0

========================================================================
Received Import Request.
  Time since last request: 0.000017 seconds.
  path: Assets/Scripts/UI/Components/InstancingComponent.cs
  artifactKey: Guid(08d1923dbcddaa04d8067b878c232b78) Importer(2089858483,b0f066a214c2f5e87bad3c948f4d605d)
Start importing Assets/Scripts/UI/Components/InstancingComponent.cs using Guid(08d1923dbcddaa04d8067b878c232b78) Importer(2089858483,b0f066a214c2f5e87bad3c948f4d605d) (ScriptedImporter) -> (artifact id: '829008d76cd56e3384e14cbabc48337e') in 0.0138448 seconds
Number of updated asset objects reloaded before import = 0Number of asset objects unloaded after import = 0

========================================================================
Received Import Request.
  Time since last request: 0.000026 seconds.
  path: Assets/Spine Examples/Spine Skeletons/spineboy-pro/spineboy-pro.png
  artifactKey: Guid(4ea2c33e839afb34c98f66e892b3b2d2) Importer(2089858483,b0f066a214c2f5e87bad3c948f4d605d)
Start importing Assets/Spine Examples/Spine Skeletons/spineboy-pro/spineboy-pro.png using Guid(4ea2c33e839afb34c98f66e892b3b2d2) Importer(2089858483,b0f066a214c2f5e87bad3c948f4d605d) (ScriptedImporter) -> (artifact id: '9719edecfabbf97d16cdb24ff4c7e2ae') in 0.0231668 seconds
Number of updated asset objects reloaded before import = 0Number of asset objects unloaded after import = 1

========================================================================
Received Import Request.
  Time since last request: 0.000017 seconds.
  path: Assets/Spine Examples/Spine Skeletons/spineboy-pro/spineboy-pro.atlas.txt
  artifactKey: Guid(9b2378ddc54f1c94fb80411958000a8c) Importer(2089858483,b0f066a214c2f5e87bad3c948f4d605d)
Start importing Assets/Spine Examples/Spine Skeletons/spineboy-pro/spineboy-pro.atlas.txt using Guid(9b2378ddc54f1c94fb80411958000a8c) Importer(2089858483,b0f066a214c2f5e87bad3c948f4d605d) (ScriptedImporter) -> (artifact id: '99df4f380029b729825f1d533006e3ef') in 0.0135785 seconds
Number of updated asset objects reloaded before import = 0Number of asset objects unloaded after import = 1

========================================================================
Received Import Request.
  Time since last request: 0.000020 seconds.
  path: Assets/Spine/Runtime/spine-csharp/PathConstraint.cs
  artifactKey: Guid(731d05fbc2874c74984813ce4c5bb8df) Importer(2089858483,b0f066a214c2f5e87bad3c948f4d605d)
Start importing Assets/Spine/Runtime/spine-csharp/PathConstraint.cs using Guid(731d05fbc2874c74984813ce4c5bb8df) Importer(2089858483,b0f066a214c2f5e87bad3c948f4d605d) (ScriptedImporter) -> (artifact id: 'c8e68c29362248d590592d8f199a4d2b') in 0.0120763 seconds
Number of updated asset objects reloaded before import = 0Number of asset objects unloaded after import = 0

========================================================================
Received Import Request.
  Time since last request: 0.000022 seconds.
  path: Assets/Spine/Runtime/spine-csharp/Bone.cs
  artifactKey: Guid(ed00e3a4b386a964fb0f1c7ffd5544e5) Importer(2089858483,b0f066a214c2f5e87bad3c948f4d605d)
Start importing Assets/Spine/Runtime/spine-csharp/Bone.cs using Guid(ed00e3a4b386a964fb0f1c7ffd5544e5) Importer(2089858483,b0f066a214c2f5e87bad3c948f4d605d) (ScriptedImporter) -> (artifact id: 'be2dd3c29832f2037d89396ca24d7d05') in 0.0113048 seconds
Number of updated asset objects reloaded before import = 0Number of asset objects unloaded after import = 0

========================================================================
Received Import Request.
  Time since last request: 0.000029 seconds.
  path: Assets/Spine Examples/Scripts/Sample Components/BoneLocalOverride.cs
  artifactKey: Guid(61e6f96a4b02648479575d8b9127f5ed) Importer(2089858483,b0f066a214c2f5e87bad3c948f4d605d)
Start importing Assets/Spine Examples/Scripts/Sample Components/BoneLocalOverride.cs using Guid(61e6f96a4b02648479575d8b9127f5ed) Importer(2089858483,b0f066a214c2f5e87bad3c948f4d605d) (ScriptedImporter) -> (artifact id: 'def755cff774c02e36c71f6404343ca8') in 0.0107188 seconds
Number of updated asset objects reloaded before import = 0Number of asset objects unloaded after import = 0

========================================================================
Received Import Request.
  Time since last request: 0.000020 seconds.
  path: Assets/Spine/Runtime/spine-csharp/Animation.cs
  artifactKey: Guid(fb7099b9c6ce91740b7041dabb0752c2) Importer(2089858483,b0f066a214c2f5e87bad3c948f4d605d)
Start importing Assets/Spine/Runtime/spine-csharp/Animation.cs using Guid(fb7099b9c6ce91740b7041dabb0752c2) Importer(2089858483,b0f066a214c2f5e87bad3c948f4d605d) (ScriptedImporter) -> (artifact id: '4ab103d9e7fe685b2d3b3a058fe5c142') in 0.0131428 seconds
Number of updated asset objects reloaded before import = 0Number of asset objects unloaded after import = 0

========================================================================
Received Import Request.
  Time since last request: 0.000016 seconds.
  path: Assets/Scripts/System/BattleSystem/BattleManager.cs
  artifactKey: Guid(b4fb5c3af4d76b6489a94a4f37a1f7d8) Importer(2089858483,b0f066a214c2f5e87bad3c948f4d605d)
Start importing Assets/Scripts/System/BattleSystem/BattleManager.cs using Guid(b4fb5c3af4d76b6489a94a4f37a1f7d8) Importer(2089858483,b0f066a214c2f5e87bad3c948f4d605d) (ScriptedImporter) -> (artifact id: 'c7bad15949e3e76008e6fea1efbd04ba') in 0.0118055 seconds
Number of updated asset objects reloaded before import = 0Number of asset objects unloaded after import = 0

========================================================================
Received Import Request.
  Time since last request: 0.000020 seconds.
  path: Assets/Spine Examples/Spine Skeletons/Raggedy Spineboy/Raggedy Spineboy.png
  artifactKey: Guid(b29bbacbc2368c94a9c942d176ac6f59) Importer(2089858483,b0f066a214c2f5e87bad3c948f4d605d)
Start importing Assets/Spine Examples/Spine Skeletons/Raggedy Spineboy/Raggedy Spineboy.png using Guid(b29bbacbc2368c94a9c942d176ac6f59) Importer(2089858483,b0f066a214c2f5e87bad3c948f4d605d) (ScriptedImporter) -> (artifact id: '9392536f274dd8cabee33cc59d8dc9cd') in 0.0166952 seconds
Number of updated asset objects reloaded before import = 0Number of asset objects unloaded after import = 1

========================================================================
Received Import Request.
  Time since last request: 0.000020 seconds.
  path: Assets/Spine/Runtime/spine-unity/SpineAttributes.cs
  artifactKey: Guid(ce216f51ebc1d3f40929f4e58d1c65e5) Importer(2089858483,b0f066a214c2f5e87bad3c948f4d605d)
Start importing Assets/Spine/Runtime/spine-unity/SpineAttributes.cs using Guid(ce216f51ebc1d3f40929f4e58d1c65e5) Importer(2089858483,b0f066a214c2f5e87bad3c948f4d605d) (ScriptedImporter) -> (artifact id: 'beee1690b2928300516b6671b821e2c6') in 0.0113873 seconds
Number of updated asset objects reloaded before import = 0Number of asset objects unloaded after import = 0

========================================================================
Received Import Request.
  Time since last request: 0.000030 seconds.
  path: Assets/Spine Examples/Spine Skeletons/mix-and-match/mix-and-match-pma.png
  artifactKey: Guid(a837e662e711d1a4ba0b4a9aeb141878) Importer(2089858483,b0f066a214c2f5e87bad3c948f4d605d)
Start importing Assets/Spine Examples/Spine Skeletons/mix-and-match/mix-and-match-pma.png using Guid(a837e662e711d1a4ba0b4a9aeb141878) Importer(2089858483,b0f066a214c2f5e87bad3c948f4d605d) (ScriptedImporter) -> (artifact id: '3aee501e7185e0f507784953e1735d57') in 0.0183442 seconds
Number of updated asset objects reloaded before import = 0Number of asset objects unloaded after import = 1

========================================================================
Received Import Request.
  Time since last request: 0.000021 seconds.
  path: Assets/Scripts/UI/Entity/GameResultUI.cs
  artifactKey: Guid(f44bbafcfd8da084aa1cb83de8fd5cff) Importer(2089858483,b0f066a214c2f5e87bad3c948f4d605d)
Start importing Assets/Scripts/UI/Entity/GameResultUI.cs using Guid(f44bbafcfd8da084aa1cb83de8fd5cff) Importer(2089858483,b0f066a214c2f5e87bad3c948f4d605d) (ScriptedImporter) -> (artifact id: '5d9a4279c59d3cedfe8dad844274d8ab') in 0.0108884 seconds
Number of updated asset objects reloaded before import = 0Number of asset objects unloaded after import = 0

========================================================================
Received Import Request.
  Time since last request: 0.000014 seconds.
  path: Assets/Spine Examples/Other Examples/Animation Tester/SpineAnimationTesterTool.cs
  artifactKey: Guid(b99b2d8e59226fa4db070f241259fd98) Importer(2089858483,b0f066a214c2f5e87bad3c948f4d605d)
Start importing Assets/Spine Examples/Other Examples/Animation Tester/SpineAnimationTesterTool.cs using Guid(b99b2d8e59226fa4db070f241259fd98) Importer(2089858483,b0f066a214c2f5e87bad3c948f4d605d) (ScriptedImporter) -> (artifact id: '8db4df4edf83568c6e4c21a5794e2173') in 0.0117693 seconds
Number of updated asset objects reloaded before import = 0Number of asset objects unloaded after import = 0

========================================================================
Received Import Request.
  Time since last request: 0.000019 seconds.
  path: Assets/Scripts/System/Addressable/AddressableGroup.cs
  artifactKey: Guid(2df7d68d3323d8f499f2766fddd96aac) Importer(2089858483,b0f066a214c2f5e87bad3c948f4d605d)
Start importing Assets/Scripts/System/Addressable/AddressableGroup.cs using Guid(2df7d68d3323d8f499f2766fddd96aac) Importer(2089858483,b0f066a214c2f5e87bad3c948f4d605d) (ScriptedImporter) -> (artifact id: 'eb1fb3c3e0bdc18f0b6879e1904b610a') in 0.0109322 seconds
Number of updated asset objects reloaded before import = 0Number of asset objects unloaded after import = 0

========================================================================
Received Import Request.
  Time since last request: 0.000023 seconds.
  path: Assets/SkySeries Freebie/ExampleScenes/SceneObjects/8_10.mat
  artifactKey: Guid(964f6a34e2240bf45940918b112ce7be) Importer(2089858483,b0f066a214c2f5e87bad3c948f4d605d)
Start importing Assets/SkySeries Freebie/ExampleScenes/SceneObjects/8_10.mat using Guid(964f6a34e2240bf45940918b112ce7be) Importer(2089858483,b0f066a214c2f5e87bad3c948f4d605d) (ScriptedImporter) -> (artifact id: 'a52f925887536a93ec9e441a8c034c26') in 0.0154432 seconds
Number of updated asset objects reloaded before import = 0Number of asset objects unloaded after import = 1

========================================================================
Received Import Request.
  Time since last request: 0.000031 seconds.
  path: Assets/Spine Examples/Spine Skeletons/Spineunitygirl/Doi.atlas.txt
  artifactKey: Guid(a99a92edb8383b244b4fcf3babe8ebae) Importer(2089858483,b0f066a214c2f5e87bad3c948f4d605d)
Start importing Assets/Spine Examples/Spine Skeletons/Spineunitygirl/Doi.atlas.txt using Guid(a99a92edb8383b244b4fcf3babe8ebae) Importer(2089858483,b0f066a214c2f5e87bad3c948f4d605d) (ScriptedImporter) -> (artifact id: 'cb1d6085437c9233f53e80d75acead33') in 0.0111469 seconds
Number of updated asset objects reloaded before import = 0Number of asset objects unloaded after import = 1

========================================================================
Received Import Request.
  Time since last request: 0.000023 seconds.
  path: Assets/Spine Examples/Scripts/Mix and Match Character Customize/EquipsVisualsComponentExample.cs
  artifactKey: Guid(5732385e4912c444dae078ddc7d04c89) Importer(2089858483,b0f066a214c2f5e87bad3c948f4d605d)
Start importing Assets/Spine Examples/Scripts/Mix and Match Character Customize/EquipsVisualsComponentExample.cs using Guid(5732385e4912c444dae078ddc7d04c89) Importer(2089858483,b0f066a214c2f5e87bad3c948f4d605d) (ScriptedImporter) -> (artifact id: '2e6f74501f3b417ba909b731d7b80a2b') in 0.0104163 seconds
Number of updated asset objects reloaded before import = 0Number of asset objects unloaded after import = 0

========================================================================
Received Import Request.
  Time since last request: 0.000025 seconds.
  path: Assets/Spine Examples/Spine Skeletons/Dragon/dragon_SkeletonData.asset
  artifactKey: Guid(76506fa7fbeed084ab2dfb084648c628) Importer(2089858483,b0f066a214c2f5e87bad3c948f4d605d)
Start importing Assets/Spine Examples/Spine Skeletons/Dragon/dragon_SkeletonData.asset using Guid(76506fa7fbeed084ab2dfb084648c628) Importer(2089858483,b0f066a214c2f5e87bad3c948f4d605d) (ScriptedImporter) -> (artifact id: '1dc2e1445e6991f1b8ca57b170cba2a3') in 0.0230147 seconds
Number of updated asset objects reloaded before import = 0Number of asset objects unloaded after import = 6

========================================================================
Received Import Request.
  Time since last request: 0.000024 seconds.
  path: Assets/Spine Examples/Scripts/Getting Started Scripts/SpineBlinkPlayer.cs
  artifactKey: Guid(5a5ef44bf3e0d864794c0da71c84363d) Importer(2089858483,b0f066a214c2f5e87bad3c948f4d605d)
Start importing Assets/Spine Examples/Scripts/Getting Started Scripts/SpineBlinkPlayer.cs using Guid(5a5ef44bf3e0d864794c0da71c84363d) Importer(2089858483,b0f066a214c2f5e87bad3c948f4d605d) (ScriptedImporter) -> (artifact id: 'd694966e25bfd5c330d121306b0b8b13') in 0.0104485 seconds
Number of updated asset objects reloaded before import = 0Number of asset objects unloaded after import = 0

========================================================================
Received Import Request.
  Time since last request: 0.000022 seconds.
  path: Assets/SO/FSM/Warrior/HitState.asset
  artifactKey: Guid(cc8c8d9a9fe573b4e94d934730f6db6a) Importer(2089858483,b0f066a214c2f5e87bad3c948f4d605d)
Start importing Assets/SO/FSM/Warrior/HitState.asset using Guid(cc8c8d9a9fe573b4e94d934730f6db6a) Importer(2089858483,b0f066a214c2f5e87bad3c948f4d605d) (ScriptedImporter) -> (artifact id: '2c76d60967cf669c5b4ef6042c47f24f') in 0.0142054 seconds
Number of updated asset objects reloaded before import = 0Number of asset objects unloaded after import = 1

========================================================================
Received Import Request.
  Time since last request: 0.000035 seconds.
  path: Assets/Scripts/SDK/Payment/PayMentManager.cs
  artifactKey: Guid(d1bfaff5bdd447447ba164a0bd964e22) Importer(2089858483,b0f066a214c2f5e87bad3c948f4d605d)
Start importing Assets/Scripts/SDK/Payment/PayMentManager.cs using Guid(d1bfaff5bdd447447ba164a0bd964e22) Importer(2089858483,b0f066a214c2f5e87bad3c948f4d605d) (ScriptedImporter) -> (artifact id: '21b8f5de69e97ee79fc85622f86218eb') in 0.0110407 seconds
Number of updated asset objects reloaded before import = 0Number of asset objects unloaded after import = 0

========================================================================
Received Import Request.
  Time since last request: 0.000022 seconds.
  path: Assets/Spine Examples/Spine Skeletons/Eyes/eyes_SkeletonData.asset
  artifactKey: Guid(ef2f009a37ff7ff42bc2a2f407ca9483) Importer(2089858483,b0f066a214c2f5e87bad3c948f4d605d)
Start importing Assets/Spine Examples/Spine Skeletons/Eyes/eyes_SkeletonData.asset using Guid(ef2f009a37ff7ff42bc2a2f407ca9483) Importer(2089858483,b0f066a214c2f5e87bad3c948f4d605d) (ScriptedImporter) -> (artifact id: 'd8ab8ac5ff214a100402fa69822db0a2') in 0.013096 seconds
Number of updated asset objects reloaded before import = 0Number of asset objects unloaded after import = 5

========================================================================
Received Import Request.
  Time since last request: 0.000021 seconds.
  path: Assets/Spine/Runtime/spine-csharp/Slot.cs
  artifactKey: Guid(6974c4b5c87687140a2417201ea43066) Importer(2089858483,b0f066a214c2f5e87bad3c948f4d605d)
Start importing Assets/Spine/Runtime/spine-csharp/Slot.cs using Guid(6974c4b5c87687140a2417201ea43066) Importer(2089858483,b0f066a214c2f5e87bad3c948f4d605d) (ScriptedImporter) -> (artifact id: '103d2f2aa9cfd403e729e018efc97b7a') in 0.0103476 seconds
Number of updated asset objects reloaded before import = 0Number of asset objects unloaded after import = 0

========================================================================
Received Import Request.
  Time since last request: 0.000020 seconds.
  path: Assets/Spine Examples/Spine Skeletons/Goblins/goblins_Atlas.asset
  artifactKey: Guid(bb54bdab69af2bb49b35577b80dcaad9) Importer(2089858483,b0f066a214c2f5e87bad3c948f4d605d)
Start importing Assets/Spine Examples/Spine Skeletons/Goblins/goblins_Atlas.asset using Guid(bb54bdab69af2bb49b35577b80dcaad9) Importer(2089858483,b0f066a214c2f5e87bad3c948f4d605d) (ScriptedImporter) -> (artifact id: 'fb2ca6abbfa60072a43575ed1882002a') in 0.012826 seconds
Number of updated asset objects reloaded before import = 0Number of asset objects unloaded after import = 3

========================================================================
Received Import Request.
  Time since last request: 0.000025 seconds.
  path: Assets/Spine Examples/Other Examples/StateMachine SkeletonAnimation/Mecanim Logic SkeletonAnimation View.unity
  artifactKey: Guid(1fba3cdaf99163b4cb14533eb6bd9b2a) Importer(2089858483,b0f066a214c2f5e87bad3c948f4d605d)
Start importing Assets/Spine Examples/Other Examples/StateMachine SkeletonAnimation/Mecanim Logic SkeletonAnimation View.unity using Guid(1fba3cdaf99163b4cb14533eb6bd9b2a) Importer(2089858483,b0f066a214c2f5e87bad3c948f4d605d) (ScriptedImporter) -> (artifact id: '19ae5e98604bc53fcdf5953f78e75e90') in 0.0122594 seconds
Number of updated asset objects reloaded before import = 0Number of asset objects unloaded after import = 1

========================================================================
Received Import Request.
  Time since last request: 0.000029 seconds.
  path: Assets/Spine Examples/Spine Skeletons/Dragon/dragon.png
  artifactKey: Guid(6bc52290ef03f2846ba38d67e2823598) Importer(2089858483,b0f066a214c2f5e87bad3c948f4d605d)
Start importing Assets/Spine Examples/Spine Skeletons/Dragon/dragon.png using Guid(6bc52290ef03f2846ba38d67e2823598) Importer(2089858483,b0f066a214c2f5e87bad3c948f4d605d) (ScriptedImporter) -> (artifact id: '009075b65e9927b92a2198eeb972b6f6') in 0.0213115 seconds
Number of updated asset objects reloaded before import = 0Number of asset objects unloaded after import = 1

========================================================================
Received Import Request.
  Time since last request: 0.000019 seconds.
  path: Assets/Spine Examples/Spine Skeletons/Goblins/dagger.png
  artifactKey: Guid(2412d1d8498463f49ae6ebe3a66ffae9) Importer(2089858483,b0f066a214c2f5e87bad3c948f4d605d)
Start importing Assets/Spine Examples/Spine Skeletons/Goblins/dagger.png using Guid(2412d1d8498463f49ae6ebe3a66ffae9) Importer(2089858483,b0f066a214c2f5e87bad3c948f4d605d) (ScriptedImporter) -> (artifact id: 'c167f1ef99bcf5f6258cb293db0fd64b') in 0.0182359 seconds
Number of updated asset objects reloaded before import = 0Number of asset objects unloaded after import = 3

========================================================================
Received Import Request.
  Time since last request: 0.000019 seconds.
  path: Assets/Spine Examples/Scripts/Mecanim as Logic/DummyMecanimControllerExample.cs
  artifactKey: Guid(782062825deffd64ba7e7e9f978788e5) Importer(2089858483,b0f066a214c2f5e87bad3c948f4d605d)
Start importing Assets/Spine Examples/Scripts/Mecanim as Logic/DummyMecanimControllerExample.cs using Guid(782062825deffd64ba7e7e9f978788e5) Importer(2089858483,b0f066a214c2f5e87bad3c948f4d605d) (ScriptedImporter) -> (artifact id: 'b76d456ce6abc7138208a9c5ed35e9ea') in 0.0104078 seconds
Number of updated asset objects reloaded before import = 0Number of asset objects unloaded after import = 0

========================================================================
Received Import Request.
  Time since last request: 0.000025 seconds.
  path: Assets/SO/FSM/Mage/MageFSM.asset
  artifactKey: Guid(be49fcde2ae68cf49be237eb3b17326c) Importer(2089858483,b0f066a214c2f5e87bad3c948f4d605d)
Start importing Assets/SO/FSM/Mage/MageFSM.asset using Guid(be49fcde2ae68cf49be237eb3b17326c) Importer(2089858483,b0f066a214c2f5e87bad3c948f4d605d) (ScriptedImporter) -> (artifact id: 'b8736738a9025eef3e9b8cdb6d478c05') in 0.0138368 seconds
Number of updated asset objects reloaded before import = 0Number of asset objects unloaded after import = 6

========================================================================
Received Import Request.
  Time since last request: 0.000024 seconds.
  path: Assets/Spine/Runtime/spine-csharp/IUpdatable.cs
  artifactKey: Guid(44a51df5672fe4249b6763960587a017) Importer(2089858483,b0f066a214c2f5e87bad3c948f4d605d)
Start importing Assets/Spine/Runtime/spine-csharp/IUpdatable.cs using Guid(44a51df5672fe4249b6763960587a017) Importer(2089858483,b0f066a214c2f5e87bad3c948f4d605d) (ScriptedImporter) -> (artifact id: '4cd9e65164c837276222a70754daa85c') in 0.0108391 seconds
Number of updated asset objects reloaded before import = 0Number of asset objects unloaded after import = 0

========================================================================
Received Import Request.
  Time since last request: 0.000027 seconds.
  path: Assets/Spine/Runtime/spine-csharp/AnimationState.cs
  artifactKey: Guid(ec2f0e7143c8a174994595883f4b1e33) Importer(2089858483,b0f066a214c2f5e87bad3c948f4d605d)
Start importing Assets/Spine/Runtime/spine-csharp/AnimationState.cs using Guid(ec2f0e7143c8a174994595883f4b1e33) Importer(2089858483,b0f066a214c2f5e87bad3c948f4d605d) (ScriptedImporter) -> (artifact id: '2d04c153eda62fbab430752c9ad0f749') in 0.0109354 seconds
Number of updated asset objects reloaded before import = 0Number of asset objects unloaded after import = 0

========================================================================
Received Import Request.
  Time since last request: 0.000020 seconds.
  path: Assets/Scripts/UI/Entity/FadeUI.cs
  artifactKey: Guid(4a49bac98ecf7584f89be69292aa0d80) Importer(2089858483,b0f066a214c2f5e87bad3c948f4d605d)
Start importing Assets/Scripts/UI/Entity/FadeUI.cs using Guid(4a49bac98ecf7584f89be69292aa0d80) Importer(2089858483,b0f066a214c2f5e87bad3c948f4d605d) (ScriptedImporter) -> (artifact id: '1a35d879f26ce704037410841548cd47') in 0.0102721 seconds
Number of updated asset objects reloaded before import = 0Number of asset objects unloaded after import = 0

========================================================================
Received Import Request.
  Time since last request: 0.000019 seconds.
  path: Assets/Spine Examples/Spine Skeletons/Gauge/Gauge_Material.mat
  artifactKey: Guid(9ab9bdbda020b3e46b5a3b0558ef591d) Importer(2089858483,b0f066a214c2f5e87bad3c948f4d605d)
Start importing Assets/Spine Examples/Spine Skeletons/Gauge/Gauge_Material.mat using Guid(9ab9bdbda020b3e46b5a3b0558ef591d) Importer(2089858483,b0f066a214c2f5e87bad3c948f4d605d) (ScriptedImporter) -> (artifact id: 'c26e53d1dfc8ec59e2646d0947b5ac37') in 0.0270171 seconds
Number of updated asset objects reloaded before import = 0Number of asset objects unloaded after import = 2

========================================================================
Received Import Request.
  Time since last request: 0.000026 seconds.
  path: Assets/Spine Examples/Spine Skeletons/Dragon/dragon2.png
  artifactKey: Guid(12c126994123f12468cf4c5a2684078a) Importer(2089858483,b0f066a214c2f5e87bad3c948f4d605d)
Start importing Assets/Spine Examples/Spine Skeletons/Dragon/dragon2.png using Guid(12c126994123f12468cf4c5a2684078a) Importer(2089858483,b0f066a214c2f5e87bad3c948f4d605d) (ScriptedImporter) -> (artifact id: '670e03c83df5cfaebe818a093ebee409') in 0.0235653 seconds
Number of updated asset objects reloaded before import = 0Number of asset objects unloaded after import = 1

========================================================================
Received Import Request.
  Time since last request: 0.000031 seconds.
  path: Assets/Spine/Runtime/spine-csharp/Atlas.cs
  artifactKey: Guid(60626307629cc034bafd42c53a901fff) Importer(2089858483,b0f066a214c2f5e87bad3c948f4d605d)
Start importing Assets/Spine/Runtime/spine-csharp/Atlas.cs using Guid(60626307629cc034bafd42c53a901fff) Importer(2089858483,b0f066a214c2f5e87bad3c948f4d605d) (ScriptedImporter) -> (artifact id: '7b7134c324e3a9f1702c4498aa55a922') in 0.0104424 seconds
Number of updated asset objects reloaded before import = 0Number of asset objects unloaded after import = 0

========================================================================
Received Import Request.
  Time since last request: 0.000019 seconds.
  path: Assets/Spine/Runtime/spine-csharp/SkeletonData.cs
  artifactKey: Guid(2b813f63abbb6d94a80a5c050590a0be) Importer(2089858483,b0f066a214c2f5e87bad3c948f4d605d)
Start importing Assets/Spine/Runtime/spine-csharp/SkeletonData.cs using Guid(2b813f63abbb6d94a80a5c050590a0be) Importer(2089858483,b0f066a214c2f5e87bad3c948f4d605d) (ScriptedImporter) -> (artifact id: '6eebc40e0690046fa58901b589688425') in 0.0119023 seconds
Number of updated asset objects reloaded before import = 0Number of asset objects unloaded after import = 0

========================================================================
Received Import Request.
  Time since last request: 0.000016 seconds.
  path: Assets/Scripts/UI/Entity/DragArrow.cs
  artifactKey: Guid(f356b18ae837f9d4bafa01deedddd7c9) Importer(2089858483,b0f066a214c2f5e87bad3c948f4d605d)
Start importing Assets/Scripts/UI/Entity/DragArrow.cs using Guid(f356b18ae837f9d4bafa01deedddd7c9) Importer(2089858483,b0f066a214c2f5e87bad3c948f4d605d) (ScriptedImporter) -> (artifact id: 'd2aed42fda7a44c45fa4f3115909a50f') in 0.0106825 seconds
Number of updated asset objects reloaded before import = 0Number of asset objects unloaded after import = 0

========================================================================
Received Import Request.
  Time since last request: 0.000019 seconds.
  path: Assets/Spine/Runtime/spine-csharp/Skeleton.cs
  artifactKey: Guid(12ac3c1c7546be24fb9625d3c850619d) Importer(2089858483,b0f066a214c2f5e87bad3c948f4d605d)
Start importing Assets/Spine/Runtime/spine-csharp/Skeleton.cs using Guid(12ac3c1c7546be24fb9625d3c850619d) Importer(2089858483,b0f066a214c2f5e87bad3c948f4d605d) (ScriptedImporter) -> (artifact id: 'dca9229cbef430f64e4734a8750339bf') in 0.0109001 seconds
Number of updated asset objects reloaded before import = 0Number of asset objects unloaded after import = 0

========================================================================
Received Import Request.
  Time since last request: 0.000019 seconds.
  path: Assets/Scripts/System/Action/ActionSystem.cs
  artifactKey: Guid(01343800dd586ed48af485753a22e6d6) Importer(2089858483,b0f066a214c2f5e87bad3c948f4d605d)
Start importing Assets/Scripts/System/Action/ActionSystem.cs using Guid(01343800dd586ed48af485753a22e6d6) Importer(2089858483,b0f066a214c2f5e87bad3c948f4d605d) (ScriptedImporter) -> (artifact id: 'a1f20ab2d40e47df936ba2b532abef85') in 0.0106752 seconds
Number of updated asset objects reloaded before import = 0Number of asset objects unloaded after import = 0

========================================================================
Received Import Request.
  Time since last request: 0.000031 seconds.
  path: Assets/Spine/Runtime/spine-csharp/SkeletonBounds.cs
  artifactKey: Guid(087b328a58c93b149bb977eee3a17258) Importer(2089858483,b0f066a214c2f5e87bad3c948f4d605d)
Start importing Assets/Spine/Runtime/spine-csharp/SkeletonBounds.cs using Guid(087b328a58c93b149bb977eee3a17258) Importer(2089858483,b0f066a214c2f5e87bad3c948f4d605d) (ScriptedImporter) -> (artifact id: '2448f568e77e71eb016f696bdad0ab4d') in 0.011818 seconds
Number of updated asset objects reloaded before import = 0Number of asset objects unloaded after import = 0

========================================================================
Received Import Request.
  Time since last request: 0.000018 seconds.
  path: Assets/Scripts/UI/Entity/CardUI.cs
  artifactKey: Guid(fea50cd75e61dc448b72e695c3ae30d3) Importer(2089858483,b0f066a214c2f5e87bad3c948f4d605d)
Start importing Assets/Scripts/UI/Entity/CardUI.cs using Guid(fea50cd75e61dc448b72e695c3ae30d3) Importer(2089858483,b0f066a214c2f5e87bad3c948f4d605d) (ScriptedImporter) -> (artifact id: '3aad82112ac0956996559788acf65be2') in 0.0111084 seconds
Number of updated asset objects reloaded before import = 0Number of asset objects unloaded after import = 0

========================================================================
Received Import Request.
  Time since last request: 0.000016 seconds.
  path: Assets/SkySeries Freebie/ExampleScenes/SceneObjects/6_10.mat
  artifactKey: Guid(abcc3c67b7d0a794f8bb91be4e85abdd) Importer(2089858483,b0f066a214c2f5e87bad3c948f4d605d)
Start importing Assets/SkySeries Freebie/ExampleScenes/SceneObjects/6_10.mat using Guid(abcc3c67b7d0a794f8bb91be4e85abdd) Importer(2089858483,b0f066a214c2f5e87bad3c948f4d605d) (ScriptedImporter) -> (artifact id: 'fcffe6068596312b5ee7fcb70fcd80bc') in 0.0157717 seconds
Number of updated asset objects reloaded before import = 0Number of asset objects unloaded after import = 1

========================================================================
Received Import Request.
  Time since last request: 0.000023 seconds.
  path: Assets/Spine Examples/Spine Skeletons/spineboy-unity/spineboy-unity.json
  artifactKey: Guid(e3b64d7eaf0de4e45a00b7065166554d) Importer(2089858483,b0f066a214c2f5e87bad3c948f4d605d)
Start importing Assets/Spine Examples/Spine Skeletons/spineboy-unity/spineboy-unity.json using Guid(e3b64d7eaf0de4e45a00b7065166554d) Importer(2089858483,b0f066a214c2f5e87bad3c948f4d605d) (ScriptedImporter) -> (artifact id: '838791fb30f96afb52142f6016930c09') in 0.0111724 seconds
Number of updated asset objects reloaded before import = 0Number of asset objects unloaded after import = 1

========================================================================
Received Import Request.
  Time since last request: 0.000024 seconds.
  path: Assets/Spine Examples/Spine Skeletons/Raptor/raptor.png
  artifactKey: Guid(4261719a8f729a644b2dab6113d1b0ea) Importer(2089858483,b0f066a214c2f5e87bad3c948f4d605d)
Start importing Assets/Spine Examples/Spine Skeletons/Raptor/raptor.png using Guid(4261719a8f729a644b2dab6113d1b0ea) Importer(2089858483,b0f066a214c2f5e87bad3c948f4d605d) (ScriptedImporter) -> (artifact id: '46032302b12cd44e187ad5025525e869') in 0.0258212 seconds
Number of updated asset objects reloaded before import = 0Number of asset objects unloaded after import = 1

========================================================================
Received Import Request.
  Time since last request: 0.000030 seconds.
  path: Assets/Spine Examples/Scripts/Mix and Match Character Customize/MixAndMatchSkinsExample.cs
  artifactKey: Guid(b5a66492fdefc494b8399943a0f9b250) Importer(2089858483,b0f066a214c2f5e87bad3c948f4d605d)
Start importing Assets/Spine Examples/Scripts/Mix and Match Character Customize/MixAndMatchSkinsExample.cs using Guid(b5a66492fdefc494b8399943a0f9b250) Importer(2089858483,b0f066a214c2f5e87bad3c948f4d605d) (ScriptedImporter) -> (artifact id: 'b868d8ad1af78f679428024be7da37af') in 0.0123475 seconds
Number of updated asset objects reloaded before import = 0Number of asset objects unloaded after import = 0

========================================================================
Received Import Request.
  Time since last request: 0.000020 seconds.
  path: Assets/Effect/Cartoon FX Remaster/CFXR Assets/Graphics/cfxr blood dissolve ab.mat
  artifactKey: Guid(28dde998c7abf234498a42d0aab38421) Importer(2089858483,b0f066a214c2f5e87bad3c948f4d605d)
Start importing Assets/Effect/Cartoon FX Remaster/CFXR Assets/Graphics/cfxr blood dissolve ab.mat using Guid(28dde998c7abf234498a42d0aab38421) Importer(2089858483,b0f066a214c2f5e87bad3c948f4d605d) (ScriptedImporter) -> (artifact id: '4e7c20e133b5af6d918e2f05042b45a4') in 0.083104 seconds
Number of updated asset objects reloaded before import = 0Number of asset objects unloaded after import = 3

========================================================================
Received Import Request.
  Time since last request: 0.000021 seconds.
  path: Assets/Spine2D Knight Character Animation Pack/Sources/image/Slash_5.png
  artifactKey: Guid(3967b5b5fc3d1304188006d05e4f14b5) Importer(2089858483,b0f066a214c2f5e87bad3c948f4d605d)
Start importing Assets/Spine2D Knight Character Animation Pack/Sources/image/Slash_5.png using Guid(3967b5b5fc3d1304188006d05e4f14b5) Importer(2089858483,b0f066a214c2f5e87bad3c948f4d605d) (ScriptedImporter) -> (artifact id: 'dd55c3f1cff48d58ab5fbfa67fdcdc67') in 0.0212748 seconds
Number of updated asset objects reloaded before import = 0Number of asset objects unloaded after import = 3

========================================================================
Received Import Request.
  Time since last request: 0.000027 seconds.
  path: Assets/Dungeon Crawler 2D Art Pack/Sprites/Level/RightDoor/RightDoorBackside.png
  artifactKey: Guid(6643f57ea2e4e0b43aa2954f8cc2e6fe) Importer(2089858483,b0f066a214c2f5e87bad3c948f4d605d)
Start importing Assets/Dungeon Crawler 2D Art Pack/Sprites/Level/RightDoor/RightDoorBackside.png using Guid(6643f57ea2e4e0b43aa2954f8cc2e6fe) Importer(2089858483,b0f066a214c2f5e87bad3c948f4d605d) (ScriptedImporter) -> (artifact id: '9adab64d66f9857a47cf65999be6526a') in 0.0200762 seconds
Number of updated asset objects reloaded before import = 0Number of asset objects unloaded after import = 3

========================================================================
Received Import Request.
  Time since last request: 0.000019 seconds.
  path: Assets/Effect/Cartoon FX Remaster/CFXR Assets/Editor/CFXR Editor.asmdef
  artifactKey: Guid(eb5cb7c323a395242a81960087292f3c) Importer(2089858483,b0f066a214c2f5e87bad3c948f4d605d)
Start importing Assets/Effect/Cartoon FX Remaster/CFXR Assets/Editor/CFXR Editor.asmdef using Guid(eb5cb7c323a395242a81960087292f3c) Importer(2089858483,b0f066a214c2f5e87bad3c948f4d605d) (ScriptedImporter) -> (artifact id: '9454c435ab8c9ac306af0914b62db1d0') in 0.0110493 seconds
Number of updated asset objects reloaded before import = 0Number of asset objects unloaded after import = 1

========================================================================
Received Import Request.
  Time since last request: 0.000017 seconds.
  path: Assets/Effect/Cartoon FX Remaster/CFXR Assets/Graphics/cfxr aura runic.png
  artifactKey: Guid(ccb58def4933d4e46b7a1fc023bf6259) Importer(2089858483,b0f066a214c2f5e87bad3c948f4d605d)
Start importing Assets/Effect/Cartoon FX Remaster/CFXR Assets/Graphics/cfxr aura runic.png using Guid(ccb58def4933d4e46b7a1fc023bf6259) Importer(2089858483,b0f066a214c2f5e87bad3c948f4d605d) (ScriptedImporter) -> (artifact id: 'cec51141e96d0a7e7a5cd68148cbf371') in 0.0140992 seconds
Number of updated asset objects reloaded before import = 0Number of asset objects unloaded after import = 1

========================================================================
Received Import Request.
  Time since last request: 0.000033 seconds.
  path: Assets/Spine2D Knight Character Animation Pack/Exports/Gifs/stun.gif
  artifactKey: Guid(ca9b3b3197af2b9458123b5cef1288eb) Importer(2089858483,b0f066a214c2f5e87bad3c948f4d605d)
Start importing Assets/Spine2D Knight Character Animation Pack/Exports/Gifs/stun.gif using Guid(ca9b3b3197af2b9458123b5cef1288eb) Importer(2089858483,b0f066a214c2f5e87bad3c948f4d605d) (ScriptedImporter) -> (artifact id: '79ccac9022d6025381a31e97560aecfe') in 0.0185861 seconds
Number of updated asset objects reloaded before import = 0Number of asset objects unloaded after import = 3

========================================================================
Received Import Request.
  Time since last request: 0.000038 seconds.
  path: Assets/Spine2D Knight Character Animation Pack/Sources/image/lightning_1.png
  artifactKey: Guid(1b2a2ab2776dd5d43958a610a1419acf) Importer(2089858483,b0f066a214c2f5e87bad3c948f4d605d)
Start importing Assets/Spine2D Knight Character Animation Pack/Sources/image/lightning_1.png using Guid(1b2a2ab2776dd5d43958a610a1419acf) Importer(2089858483,b0f066a214c2f5e87bad3c948f4d605d) (ScriptedImporter) -> (artifact id: '970575471e48486ccc6c8d40585800e8') in 0.0158181 seconds
Number of updated asset objects reloaded before import = 0Number of asset objects unloaded after import = 3

========================================================================
Received Import Request.
  Time since last request: 0.000019 seconds.
  path: Assets/Texture/BackGround/Character/Boss.png
  artifactKey: Guid(5aac0d5eceda62844940184bfd72e96b) Importer(2089858483,b0f066a214c2f5e87bad3c948f4d605d)
Start importing Assets/Texture/BackGround/Character/Boss.png using Guid(5aac0d5eceda62844940184bfd72e96b) Importer(2089858483,b0f066a214c2f5e87bad3c948f4d605d) (ScriptedImporter) -> (artifact id: '63e69522dce34421257ca417b056e6a6') in 0.0196317 seconds
Number of updated asset objects reloaded before import = 0Number of asset objects unloaded after import = 5

========================================================================
Received Import Request.
  Time since last request: 0.000021 seconds.
  path: Assets/Texture/BackGround/Character/Fly.png
  artifactKey: Guid(4913687e31476274793220814dc32192) Importer(2089858483,b0f066a214c2f5e87bad3c948f4d605d)
Start importing Assets/Texture/BackGround/Character/Fly.png using Guid(4913687e31476274793220814dc32192) Importer(2089858483,b0f066a214c2f5e87bad3c948f4d605d) (ScriptedImporter) -> (artifact id: '1b831e3d40e571b9ac6319354e5e952d') in 0.0225055 seconds
Number of updated asset objects reloaded before import = 0Number of asset objects unloaded after import = 5

========================================================================
Received Import Request.
  Time since last request: 0.000020 seconds.
  path: Assets/Spine Examples/Spine Skeletons/Stretchyman/stretchyman-diffuse-pma_Atlas.asset
  artifactKey: Guid(19fcd9c1051e4304eb095fe0dd2ae4bf) Importer(2089858483,b0f066a214c2f5e87bad3c948f4d605d)
Start importing Assets/Spine Examples/Spine Skeletons/Stretchyman/stretchyman-diffuse-pma_Atlas.asset using Guid(19fcd9c1051e4304eb095fe0dd2ae4bf) Importer(2089858483,b0f066a214c2f5e87bad3c948f4d605d) (ScriptedImporter) -> (artifact id: '6c6ebf77fc2fdeef32889615348dc2da') in 0.0129487 seconds
Number of updated asset objects reloaded before import = 0Number of asset objects unloaded after import = 3

========================================================================
Received Import Request.
  Time since last request: 0.000031 seconds.
  path: Assets/Dungeon Crawler 2D Art Pack/Sprites/Level/LeftDoor/LeftDoorBorder.png
  artifactKey: Guid(8b6ecb1e54fce00458e61a78dae8ca8d) Importer(2089858483,b0f066a214c2f5e87bad3c948f4d605d)
Start importing Assets/Dungeon Crawler 2D Art Pack/Sprites/Level/LeftDoor/LeftDoorBorder.png using Guid(8b6ecb1e54fce00458e61a78dae8ca8d) Importer(2089858483,b0f066a214c2f5e87bad3c948f4d605d) (ScriptedImporter) -> (artifact id: '2f206d262c11db02b23aa1dff353af4e') in 0.0273316 seconds
Number of updated asset objects reloaded before import = 0Number of asset objects unloaded after import = 3

========================================================================
Received Import Request.
  Time since last request: 0.000019 seconds.
  path: Assets/Texture/Effect/TurnBarEffects/silver_particles.png
  artifactKey: Guid(9334cd40b751cd3419f1da0e15b273d0) Importer(2089858483,b0f066a214c2f5e87bad3c948f4d605d)
Start importing Assets/Texture/Effect/TurnBarEffects/silver_particles.png using Guid(9334cd40b751cd3419f1da0e15b273d0) Importer(2089858483,b0f066a214c2f5e87bad3c948f4d605d) (ScriptedImporter) -> (artifact id: '60ad42e114d46199e423793628889450') in 0.0207642 seconds
Number of updated asset objects reloaded before import = 0Number of asset objects unloaded after import = 1

========================================================================
Received Import Request.
  Time since last request: 0.000016 seconds.
  path: Assets/Effect/Cartoon FX Remaster/CFXR Assets/Editor/CFXR_MaterialInspector.cs
  artifactKey: Guid(4fb4c15e772a1cc4baecc7a958bf9cc7) Importer(2089858483,b0f066a214c2f5e87bad3c948f4d605d)
Start importing Assets/Effect/Cartoon FX Remaster/CFXR Assets/Editor/CFXR_MaterialInspector.cs using Guid(4fb4c15e772a1cc4baecc7a958bf9cc7) Importer(2089858483,b0f066a214c2f5e87bad3c948f4d605d) (ScriptedImporter) -> (artifact id: '07b4d4721a313c3aba6d0dbe79447d60') in 0.0108495 seconds
Number of updated asset objects reloaded before import = 0Number of asset objects unloaded after import = 0

========================================================================
Received Import Request.
  Time since last request: 0.000019 seconds.
  path: Assets/Spine2D Knight Character Animation Pack/Sources/image/arm_L.png
  artifactKey: Guid(69dd1b9d141714241aad7b91c7d0a3d6) Importer(2089858483,b0f066a214c2f5e87bad3c948f4d605d)
Start importing Assets/Spine2D Knight Character Animation Pack/Sources/image/arm_L.png using Guid(69dd1b9d141714241aad7b91c7d0a3d6) Importer(2089858483,b0f066a214c2f5e87bad3c948f4d605d) (ScriptedImporter) -> (artifact id: 'f7c26241ace90e01d5f9d49801bb3fca') in 0.0202992 seconds
Number of updated asset objects reloaded before import = 0Number of asset objects unloaded after import = 3

========================================================================
Received Import Request.
  Time since last request: 0.000028 seconds.
  path: Assets/Effect/Cartoon FX Remaster/CFXR Assets/Graphics/cfxr blood splash dissolve.png
  artifactKey: Guid(66389432937edf24a943c3944a78bd01) Importer(2089858483,b0f066a214c2f5e87bad3c948f4d605d)
Start importing Assets/Effect/Cartoon FX Remaster/CFXR Assets/Graphics/cfxr blood splash dissolve.png using Guid(66389432937edf24a943c3944a78bd01) Importer(2089858483,b0f066a214c2f5e87bad3c948f4d605d) (ScriptedImporter) -> (artifact id: 'ee9eab91a00c722998abb8c61b7e03c0') in 0.0210364 seconds
Number of updated asset objects reloaded before import = 0Number of asset objects unloaded after import = 1

========================================================================
Received Import Request.
  Time since last request: 0.000018 seconds.
  path: Assets/Effect/Cartoon FX Remaster/CFXR Assets/Editor/CFXR_ShaderImporter.cs
  artifactKey: Guid(fe56ec25963759b49955809beeb4324b) Importer(2089858483,b0f066a214c2f5e87bad3c948f4d605d)
Start importing Assets/Effect/Cartoon FX Remaster/CFXR Assets/Editor/CFXR_ShaderImporter.cs using Guid(fe56ec25963759b49955809beeb4324b) Importer(2089858483,b0f066a214c2f5e87bad3c948f4d605d) (ScriptedImporter) -> (artifact id: 'aebab966654afadc935cb656ca22ce7c') in 0.0106888 seconds
Number of updated asset objects reloaded before import = 0Number of asset objects unloaded after import = 0

========================================================================
Received Import Request.
  Time since last request: 0.000018 seconds.
  path: Assets/Spine2D Knight Character Animation Pack/Exports/Gifs/walk.gif
  artifactKey: Guid(1ca4cd3b0b30ab648b91502576f3a1cb) Importer(2089858483,b0f066a214c2f5e87bad3c948f4d605d)
Start importing Assets/Spine2D Knight Character Animation Pack/Exports/Gifs/walk.gif using Guid(1ca4cd3b0b30ab648b91502576f3a1cb) Importer(2089858483,b0f066a214c2f5e87bad3c948f4d605d) (ScriptedImporter) -> (artifact id: '9018d7a9e67990b8cf5c2370137af48a') in 0.0176885 seconds
Number of updated asset objects reloaded before import = 0Number of asset objects unloaded after import = 3

========================================================================
Received Import Request.
  Time since last request: 0.000023 seconds.
  path: Assets/Spine2D Knight Character Animation Pack/Exports/json_export/Knight_Atlas.asset
  artifactKey: Guid(f920eea7caa6fec43b735d6ac15ec2fb) Importer(2089858483,b0f066a214c2f5e87bad3c948f4d605d)
Start importing Assets/Spine2D Knight Character Animation Pack/Exports/json_export/Knight_Atlas.asset using Guid(f920eea7caa6fec43b735d6ac15ec2fb) Importer(2089858483,b0f066a214c2f5e87bad3c948f4d605d) (ScriptedImporter) -> (artifact id: 'a182216ffdacdf3328e5c4e846d7ca0e') in 0.0124311 seconds
Number of updated asset objects reloaded before import = 0Number of asset objects unloaded after import = 3

========================================================================
Received Import Request.
  Time since last request: 0.000039 seconds.
  path: Assets/Spine2D Knight Character Animation Pack/Sources/image/impact_shield_7.png
  artifactKey: Guid(9fd7ca52812de194f8e1c81576ce8b5b) Importer(2089858483,b0f066a214c2f5e87bad3c948f4d605d)
Start importing Assets/Spine2D Knight Character Animation Pack/Sources/image/impact_shield_7.png using Guid(9fd7ca52812de194f8e1c81576ce8b5b) Importer(2089858483,b0f066a214c2f5e87bad3c948f4d605d) (ScriptedImporter) -> (artifact id: 'da539ae1f8b3eaacad85dd3be00e01ff') in 0.0183207 seconds
Number of updated asset objects reloaded before import = 0Number of asset objects unloaded after import = 3

========================================================================
Received Import Request.
  Time since last request: 0.000027 seconds.
  path: Assets/Effect/Cartoon FX Remaster/CFXR Assets/Graphics/cfxr blood splash mesh.asset
  artifactKey: Guid(03b90fa8ed1d4104abc8b7431ab290e6) Importer(2089858483,b0f066a214c2f5e87bad3c948f4d605d)
Start importing Assets/Effect/Cartoon FX Remaster/CFXR Assets/Graphics/cfxr blood splash mesh.asset using Guid(03b90fa8ed1d4104abc8b7431ab290e6) Importer(2089858483,b0f066a214c2f5e87bad3c948f4d605d) (ScriptedImporter) -> (artifact id: '0449ccdcc804144642fac004804f0b3d') in 0.0130815 seconds
Number of updated asset objects reloaded before import = 0Number of asset objects unloaded after import = 1

========================================================================
Received Import Request.
  Time since last request: 0.000020 seconds.
  path: Assets/Effect/Cartoon FX Remaster/CFXR Assets/Graphics/cfxr blood.png
  artifactKey: Guid(a29f55dbea218ca4fbd94deb36027aee) Importer(2089858483,b0f066a214c2f5e87bad3c948f4d605d)
Start importing Assets/Effect/Cartoon FX Remaster/CFXR Assets/Graphics/cfxr blood.png using Guid(a29f55dbea218ca4fbd94deb36027aee) Importer(2089858483,b0f066a214c2f5e87bad3c948f4d605d) (ScriptedImporter) -> (artifact id: '97fc698c281ef5352b1a5bafa48cbc9e') in 0.0157554 seconds
Number of updated asset objects reloaded before import = 0Number of asset objects unloaded after import = 1

========================================================================
Received Import Request.
  Time since last request: 0.000017 seconds.
  path: Assets/Spine2D Knight Character Animation Pack/Sources/image/arm_R.png
  artifactKey: Guid(d6a78c2a95971404a9e668ee4a3c2f99) Importer(2089858483,b0f066a214c2f5e87bad3c948f4d605d)
Start importing Assets/Spine2D Knight Character Animation Pack/Sources/image/arm_R.png using Guid(d6a78c2a95971404a9e668ee4a3c2f99) Importer(2089858483,b0f066a214c2f5e87bad3c948f4d605d) (ScriptedImporter) -> (artifact id: 'bd12bbfcc4b5f3aa87ef1189e46df8d1') in 0.0175656 seconds
Number of updated asset objects reloaded before import = 0Number of asset objects unloaded after import = 3

========================================================================
Received Import Request.
  Time since last request: 0.000018 seconds.
  path: Assets/Texture/UI/DamageFont/damage_numbers_transparent-removebg-preview.png
  artifactKey: Guid(27cd4f88c8d798a42a02d53df35325ab) Importer(2089858483,b0f066a214c2f5e87bad3c948f4d605d)
Start importing Assets/Texture/UI/DamageFont/damage_numbers_transparent-removebg-preview.png using Guid(27cd4f88c8d798a42a02d53df35325ab) Importer(2089858483,b0f066a214c2f5e87bad3c948f4d605d) (ScriptedImporter) -> (artifact id: '8b51c507ffce32041a774c2c5410077c') in 0.0258251 seconds
Number of updated asset objects reloaded before import = 0Number of asset objects unloaded after import = 8

========================================================================
Received Import Request.
  Time since last request: 0.000033 seconds.
  path: Assets/Spine2D Knight Character Animation Pack/Sources/image/flash.png
  artifactKey: Guid(c9debc7efc07fee4f81bf8ac14b09cbd) Importer(2089858483,b0f066a214c2f5e87bad3c948f4d605d)
Start importing Assets/Spine2D Knight Character Animation Pack/Sources/image/flash.png using Guid(c9debc7efc07fee4f81bf8ac14b09cbd) Importer(2089858483,b0f066a214c2f5e87bad3c948f4d605d) (ScriptedImporter) -> (artifact id: '33c3fd3ea0f2861cef5fa8d679cea314') in 0.0173887 seconds
Number of updated asset objects reloaded before import = 0Number of asset objects unloaded after import = 3

========================================================================
Received Import Request.
  Time since last request: 0.000020 seconds.
  path: Assets/Spine2D Knight Character Animation Pack/Sources/image/toe_R.png
  artifactKey: Guid(9174dad69d0ff434688502c03e7521ad) Importer(2089858483,b0f066a214c2f5e87bad3c948f4d605d)
Start importing Assets/Spine2D Knight Character Animation Pack/Sources/image/toe_R.png using Guid(9174dad69d0ff434688502c03e7521ad) Importer(2089858483,b0f066a214c2f5e87bad3c948f4d605d) (ScriptedImporter) -> (artifact id: 'ca3ba9696cc1954c71a61a13d82afca9') in 0.0174678 seconds
Number of updated asset objects reloaded before import = 0Number of asset objects unloaded after import = 3

========================================================================
Received Import Request.
  Time since last request: 0.000023 seconds.
  path: Assets/Effect/Cartoon FX Remaster/CFXR Assets/Graphics/cfxr card heart ab.mat
  artifactKey: Guid(56dcdb394ebaf9841bfd56db0f1ea05c) Importer(2089858483,b0f066a214c2f5e87bad3c948f4d605d)
Start importing Assets/Effect/Cartoon FX Remaster/CFXR Assets/Graphics/cfxr card heart ab.mat using Guid(56dcdb394ebaf9841bfd56db0f1ea05c) Importer(2089858483,b0f066a214c2f5e87bad3c948f4d605d) (ScriptedImporter) -> (artifact id: '23d1a74b4e2808e5a2926633e62c497e') in 0.0507117 seconds
Number of updated asset objects reloaded before import = 0Number of asset objects unloaded after import = 2

========================================================================
Received Import Request.
  Time since last request: 0.000025 seconds.
  path: Assets/Dungeon Crawler 2D Art Pack/Sprites/Level/TopDoor/TopDoor2.png
  artifactKey: Guid(e0df601e03da4174a90aa6498eb96164) Importer(2089858483,b0f066a214c2f5e87bad3c948f4d605d)
Start importing Assets/Dungeon Crawler 2D Art Pack/Sprites/Level/TopDoor/TopDoor2.png using Guid(e0df601e03da4174a90aa6498eb96164) Importer(2089858483,b0f066a214c2f5e87bad3c948f4d605d) (ScriptedImporter) -> (artifact id: '30c2974e2a9ef3f2178048b2cbcbbc54') in 0.0166688 seconds
Number of updated asset objects reloaded before import = 0Number of asset objects unloaded after import = 3

========================================================================
Received Import Request.
  Time since last request: 0.000025 seconds.
  path: Assets/Texture/Button/Atlas/StageClear.spriteatlasv2
  artifactKey: Guid(ffacbea57985c8e4ca4a5919b81ea0b0) Importer(2089858483,b0f066a214c2f5e87bad3c948f4d605d)
Start importing Assets/Texture/Button/Atlas/StageClear.spriteatlasv2 using Guid(ffacbea57985c8e4ca4a5919b81ea0b0) Importer(2089858483,b0f066a214c2f5e87bad3c948f4d605d) (ScriptedImporter) -> (artifact id: '6a40cc0761ec5f4aa87614065458e15e') in 0.011974 seconds
Number of updated asset objects reloaded before import = 0Number of asset objects unloaded after import = 2

========================================================================
Received Import Request.
  Time since last request: 0.000023 seconds.
  path: Assets/Spine2D Knight Character Animation Pack/Exports/json_export/Knight Atlas Asset.asset
  artifactKey: Guid(1ca3259d09cecf948a0f8622f1c8dcce) Importer(2089858483,b0f066a214c2f5e87bad3c948f4d605d)
Start importing Assets/Spine2D Knight Character Animation Pack/Exports/json_export/Knight Atlas Asset.asset using Guid(1ca3259d09cecf948a0f8622f1c8dcce) Importer(2089858483,b0f066a214c2f5e87bad3c948f4d605d) (ScriptedImporter) -> (artifact id: '6da9f66cdbc39603875c10065a598d20') in 0.0118269 seconds
Number of updated asset objects reloaded before import = 0Number of asset objects unloaded after import = 3

========================================================================
Received Import Request.
  Time since last request: 0.000019 seconds.
  path: Assets/Dungeon Crawler 2D Art Pack/Sprites/Level/BottomDoor/BottomDoor3.png
  artifactKey: Guid(e650ca75316c414448d9450463289fa4) Importer(2089858483,b0f066a214c2f5e87bad3c948f4d605d)
Start importing Assets/Dungeon Crawler 2D Art Pack/Sprites/Level/BottomDoor/BottomDoor3.png using Guid(e650ca75316c414448d9450463289fa4) Importer(2089858483,b0f066a214c2f5e87bad3c948f4d605d) (ScriptedImporter) -> (artifact id: 'bc7dbe5164f3c27639d26a565c3a88a6') in 0.0167846 seconds
Number of updated asset objects reloaded before import = 0Number of asset objects unloaded after import = 3

========================================================================
Received Import Request.
  Time since last request: 0.000018 seconds.
  path: Assets/Spine2D Knight Character Animation Pack/Sources/image/smoke.png
  artifactKey: Guid(e84fd859d66bca7469ff30d9531d4745) Importer(2089858483,b0f066a214c2f5e87bad3c948f4d605d)
Start importing Assets/Spine2D Knight Character Animation Pack/Sources/image/smoke.png using Guid(e84fd859d66bca7469ff30d9531d4745) Importer(2089858483,b0f066a214c2f5e87bad3c948f4d605d) (ScriptedImporter) -> (artifact id: 'af2a77752667b2e7d0981dcbc921d6a0') in 0.0226119 seconds
Number of updated asset objects reloaded before import = 0Number of asset objects unloaded after import = 3

========================================================================
Received Import Request.
  Time since last request: 0.000026 seconds.
  path: Assets/TextMesh Pro/Resources/Sprite Assets/EmojiOne.asset
  artifactKey: Guid(c41005c129ba4d66911b75229fd70b45) Importer(2089858483,b0f066a214c2f5e87bad3c948f4d605d)
Start importing Assets/TextMesh Pro/Resources/Sprite Assets/EmojiOne.asset using Guid(c41005c129ba4d66911b75229fd70b45) Importer(2089858483,b0f066a214c2f5e87bad3c948f4d605d) (ScriptedImporter) -> (artifact id: '7eae1ad8e890359544cce672fcf89e33') in 0.0165698 seconds
Number of updated asset objects reloaded before import = 0Number of asset objects unloaded after import = 3

========================================================================
Received Import Request.
  Time since last request: 0.000021 seconds.
  path: Assets/Spine2D Knight Character Animation Pack/Sources/image/shoulder_L.png
  artifactKey: Guid(d2c77a2e7d184114194ae3236829759d) Importer(2089858483,b0f066a214c2f5e87bad3c948f4d605d)
Start importing Assets/Spine2D Knight Character Animation Pack/Sources/image/shoulder_L.png using Guid(d2c77a2e7d184114194ae3236829759d) Importer(2089858483,b0f066a214c2f5e87bad3c948f4d605d) (ScriptedImporter) -> (artifact id: '5931389d520f325c0f64c189a06ff297') in 0.0169225 seconds
Number of updated asset objects reloaded before import = 0Number of asset objects unloaded after import = 3

========================================================================
Received Import Request.
  Time since last request: 0.000019 seconds.
  path: Assets/TextMesh Pro/Resources/Fonts & Materials/LiberationSans SDF - Outline.mat
  artifactKey: Guid(79459efec17a4d00a321bdcc27bbc385) Importer(2089858483,b0f066a214c2f5e87bad3c948f4d605d)
Start importing Assets/TextMesh Pro/Resources/Fonts & Materials/LiberationSans SDF - Outline.mat using Guid(79459efec17a4d00a321bdcc27bbc385) Importer(2089858483,b0f066a214c2f5e87bad3c948f4d605d) (ScriptedImporter) -> (artifact id: 'cadd6fbec53832bb0c20ebb59a340ccf') in 0.0300018 seconds
Number of updated asset objects reloaded before import = 0Number of asset objects unloaded after import = 2

========================================================================
Received Import Request.
  Time since last request: 0.000024 seconds.
  path: Assets/Spine Examples/Spine Skeletons/Spineunitygirl/Doi.json
  artifactKey: Guid(ee66d4e095e47d44792cf450371372e3) Importer(2089858483,b0f066a214c2f5e87bad3c948f4d605d)
Start importing Assets/Spine Examples/Spine Skeletons/Spineunitygirl/Doi.json using Guid(ee66d4e095e47d44792cf450371372e3) Importer(2089858483,b0f066a214c2f5e87bad3c948f4d605d) (ScriptedImporter) -> (artifact id: 'c9227de4a165c0904411f2e673a6dd6b') in 0.0096654 seconds
Number of updated asset objects reloaded before import = 0Number of asset objects unloaded after import = 1

========================================================================
Received Import Request.
  Time since last request: 0.000028 seconds.
  path: Assets/Spine Examples/Scripts/Mix and Match Character Customize/EquipAssetExample.cs
  artifactKey: Guid(dcf21dc1875a05044835c5a6c969bda4) Importer(2089858483,b0f066a214c2f5e87bad3c948f4d605d)
Start importing Assets/Spine Examples/Scripts/Mix and Match Character Customize/EquipAssetExample.cs using Guid(dcf21dc1875a05044835c5a6c969bda4) Importer(2089858483,b0f066a214c2f5e87bad3c948f4d605d) (ScriptedImporter) -> (artifact id: '6d18d9b1a0acf16d1666cd46cc7d51c1') in 0.0119863 seconds
Number of updated asset objects reloaded before import = 0Number of asset objects unloaded after import = 0

========================================================================
Received Import Request.
  Time since last request: 0.000016 seconds.
  path: Assets/Spine Examples/Spine Skeletons/Raggedy Spineboy/Raggedy Spineboy.atlas.txt
  artifactKey: Guid(bdfc7a081d52b68499e44aa82689a73d) Importer(2089858483,b0f066a214c2f5e87bad3c948f4d605d)
Start importing Assets/Spine Examples/Spine Skeletons/Raggedy Spineboy/Raggedy Spineboy.atlas.txt using Guid(bdfc7a081d52b68499e44aa82689a73d) Importer(2089858483,b0f066a214c2f5e87bad3c948f4d605d) (ScriptedImporter) -> (artifact id: 'e5168a016ca14cda79ce320b53f8f161') in 0.0088646 seconds
Number of updated asset objects reloaded before import = 0Number of asset objects unloaded after import = 1

========================================================================
Received Import Request.
  Time since last request: 0.000016 seconds.
  path: Assets/Texture/Effect/TurnBarEffects/gold_star.png
  artifactKey: Guid(434fb0117c2f2bc408cfd187c73b3044) Importer(2089858483,b0f066a214c2f5e87bad3c948f4d605d)
Start importing Assets/Texture/Effect/TurnBarEffects/gold_star.png using Guid(434fb0117c2f2bc408cfd187c73b3044) Importer(2089858483,b0f066a214c2f5e87bad3c948f4d605d) (ScriptedImporter) -> (artifact id: 'a01eecfb8fc2cf2097909704bcb0d9d2') in 0.0149695 seconds
Number of updated asset objects reloaded before import = 0Number of asset objects unloaded after import = 1

========================================================================
Received Import Request.
  Time since last request: 0.000014 seconds.
  path: Assets/Dungeon Crawler 2D Art Pack/Sprites/Level/TopDoor/TopDoor3.png
  artifactKey: Guid(92a448570fc95e14480e68f2cfc9779c) Importer(2089858483,b0f066a214c2f5e87bad3c948f4d605d)
Start importing Assets/Dungeon Crawler 2D Art Pack/Sprites/Level/TopDoor/TopDoor3.png using Guid(92a448570fc95e14480e68f2cfc9779c) Importer(2089858483,b0f066a214c2f5e87bad3c948f4d605d) (ScriptedImporter) -> (artifact id: 'a4f53cb293fdaa7bb138fe0e74f07f9b') in 0.0246866 seconds
Number of updated asset objects reloaded before import = 0Number of asset objects unloaded after import = 3

========================================================================
Received Import Request.
  Time since last request: 0.000018 seconds.
  path: Assets/Spine Examples/Spine Skeletons/Raptor/raptor.json
  artifactKey: Guid(3ae635b4540c450408d30a8afb9f75a7) Importer(2089858483,b0f066a214c2f5e87bad3c948f4d605d)
Start importing Assets/Spine Examples/Spine Skeletons/Raptor/raptor.json using Guid(3ae635b4540c450408d30a8afb9f75a7) Importer(2089858483,b0f066a214c2f5e87bad3c948f4d605d) (ScriptedImporter) -> (artifact id: 'a801cd23813b50db57e1bce0fb763e0d') in 0.0125556 seconds
Number of updated asset objects reloaded before import = 0Number of asset objects unloaded after import = 1

========================================================================
Received Import Request.
  Time since last request: 0.000024 seconds.
  path: Assets/Spine2D Knight Character Animation Pack/Sources/image/shadow.png
  artifactKey: Guid(ebe5778f98307bf44bf79df04a775770) Importer(2089858483,b0f066a214c2f5e87bad3c948f4d605d)
Start importing Assets/Spine2D Knight Character Animation Pack/Sources/image/shadow.png using Guid(ebe5778f98307bf44bf79df04a775770) Importer(2089858483,b0f066a214c2f5e87bad3c948f4d605d) (ScriptedImporter) -> (artifact id: 'eac9de72c1e37379940c5389cad83300') in 0.0145967 seconds
Number of updated asset objects reloaded before import = 0Number of asset objects unloaded after import = 3

========================================================================
Received Import Request.
  Time since last request: 0.000018 seconds.
  path: Assets/Effect/Cartoon FX Remaster/CFXR Assets/Graphics/cfxr flamme crisp stable hdr ab.mat
  artifactKey: Guid(f62768e2cc4a1ca479d7e62fb0dade76) Importer(2089858483,b0f066a214c2f5e87bad3c948f4d605d)
Start importing Assets/Effect/Cartoon FX Remaster/CFXR Assets/Graphics/cfxr flamme crisp stable hdr ab.mat using Guid(f62768e2cc4a1ca479d7e62fb0dade76) Importer(2089858483,b0f066a214c2f5e87bad3c948f4d605d) (ScriptedImporter) -> (artifact id: '85c702d6d24cca9b2ebc400625a8cf1d') in 0.0287432 seconds
Number of updated asset objects reloaded before import = 0Number of asset objects unloaded after import = 3

========================================================================
Received Import Request.
  Time since last request: 0.000021 seconds.
  path: Assets/Effect/Cartoon FX Remaster/CFXR Assets/Graphics/cfxr proc ring water ripple local space ab.mat
  artifactKey: Guid(c12227a2de3f76b448b3af32949c646c) Importer(2089858483,b0f066a214c2f5e87bad3c948f4d605d)
Start importing Assets/Effect/Cartoon FX Remaster/CFXR Assets/Graphics/cfxr proc ring water ripple local space ab.mat using Guid(c12227a2de3f76b448b3af32949c646c) Importer(2089858483,b0f066a214c2f5e87bad3c948f4d605d) (ScriptedImporter) -> (artifact id: '13779d7f83e704abfcbacd56f21eda93') in 0.056119 seconds
Number of updated asset objects reloaded before import = 0Number of asset objects unloaded after import = 2

========================================================================
Received Import Request.
  Time since last request: 0.000021 seconds.
  path: Assets/Effect/Cartoon FX Remaster/CFXR Assets/Graphics/cfxr fire full blurred fade hdr add.mat
  artifactKey: Guid(3057ceabfc760ef45ba602a86f46bbe0) Importer(2089858483,b0f066a214c2f5e87bad3c948f4d605d)
Start importing Assets/Effect/Cartoon FX Remaster/CFXR Assets/Graphics/cfxr fire full blurred fade hdr add.mat using Guid(3057ceabfc760ef45ba602a86f46bbe0) Importer(2089858483,b0f066a214c2f5e87bad3c948f4d605d) (ScriptedImporter) -> (artifact id: 'c6aff0def27ef4bc497e150d6afb8c28') in 0.0277707 seconds
Number of updated asset objects reloaded before import = 0Number of asset objects unloaded after import = 3

========================================================================
Received Import Request.
  Time since last request: 0.000030 seconds.
  path: Assets/Effect/Cartoon FX Remaster/CFXR Assets/Graphics/cfxr no texture hdr ab.mat
  artifactKey: Guid(1bd82b05ed622074c9301727f11252d7) Importer(2089858483,b0f066a214c2f5e87bad3c948f4d605d)
Start importing Assets/Effect/Cartoon FX Remaster/CFXR Assets/Graphics/cfxr no texture hdr ab.mat using Guid(1bd82b05ed622074c9301727f11252d7) Importer(2089858483,b0f066a214c2f5e87bad3c948f4d605d) (ScriptedImporter) -> (artifact id: 'f0791687fe2edd34521cc3e98c1b23d1') in 0.0213087 seconds
Number of updated asset objects reloaded before import = 0Number of asset objects unloaded after import = 1

========================================================================
Received Import Request.
  Time since last request: 0.000016 seconds.
  path: Assets/Effect/Cartoon FX Remaster/CFXR Assets/Graphics/cfxr fire small anim hdr ab.mat
  artifactKey: Guid(ae1cda08a7621e649acb7738ffb73620) Importer(2089858483,b0f066a214c2f5e87bad3c948f4d605d)
Start importing Assets/Effect/Cartoon FX Remaster/CFXR Assets/Graphics/cfxr fire small anim hdr ab.mat using Guid(ae1cda08a7621e649acb7738ffb73620) Importer(2089858483,b0f066a214c2f5e87bad3c948f4d605d) (ScriptedImporter) -> (artifact id: '42e49a77170c1e8e44a89ba25fe2f525') in 0.0239623 seconds
Number of updated asset objects reloaded before import = 0Number of asset objects unloaded after import = 2

========================================================================
Received Import Request.
  Time since last request: 0.000017 seconds.
  path: Assets/Effect/Cartoon FX Remaster/CFXR Assets/Graphics/cfxr puddle dissolve.png
  artifactKey: Guid(d00343a43012e0f46bc7adad3504c61b) Importer(2089858483,b0f066a214c2f5e87bad3c948f4d605d)
Start importing Assets/Effect/Cartoon FX Remaster/CFXR Assets/Graphics/cfxr puddle dissolve.png using Guid(d00343a43012e0f46bc7adad3504c61b) Importer(2089858483,b0f066a214c2f5e87bad3c948f4d605d) (ScriptedImporter) -> (artifact id: '3c17ddfceb33e188ba0528698b44f180') in 0.0153641 seconds
Number of updated asset objects reloaded before import = 0Number of asset objects unloaded after import = 1

========================================================================
Received Import Request.
  Time since last request: 0.000017 seconds.
  path: Assets/Effect/Cartoon FX Remaster/CFXR Assets/Graphics/cfxr fire crisp fade hdr ab.mat
  artifactKey: Guid(433cfee66f74fd94fa6149666cfbea29) Importer(2089858483,b0f066a214c2f5e87bad3c948f4d605d)
Start importing Assets/Effect/Cartoon FX Remaster/CFXR Assets/Graphics/cfxr fire crisp fade hdr ab.mat using Guid(433cfee66f74fd94fa6149666cfbea29) Importer(2089858483,b0f066a214c2f5e87bad3c948f4d605d) (ScriptedImporter) -> (artifact id: '20bc99be167aec9ee312ec07c20c6e7a') in 0.0244986 seconds
Number of updated asset objects reloaded before import = 0Number of asset objects unloaded after import = 3

========================================================================
Received Import Request.
  Time since last request: 0.000020 seconds.
  path: Assets/Effect/Cartoon FX Remaster/CFXR Assets/Graphics/cfxr ghost trail add.mat
  artifactKey: Guid(c965a6802e32f5847ad2bc4342b74778) Importer(2089858483,b0f066a214c2f5e87bad3c948f4d605d)
Start importing Assets/Effect/Cartoon FX Remaster/CFXR Assets/Graphics/cfxr ghost trail add.mat using Guid(c965a6802e32f5847ad2bc4342b74778) Importer(2089858483,b0f066a214c2f5e87bad3c948f4d605d) (ScriptedImporter) -> (artifact id: 'a574d30704c375c896ecea4c953975aa') in 0.0258612 seconds
Number of updated asset objects reloaded before import = 0Number of asset objects unloaded after import = 2

========================================================================
Received Import Request.
  Time since last request: 0.000025 seconds.
  path: Assets/Effect/Cartoon FX Remaster/CFXR Assets/Graphics/cfxr flamme candle unstable hdr ab.mat
  artifactKey: Guid(355ca83212eccc2478e699133aee2677) Importer(2089858483,b0f066a214c2f5e87bad3c948f4d605d)
Start importing Assets/Effect/Cartoon FX Remaster/CFXR Assets/Graphics/cfxr flamme candle unstable hdr ab.mat using Guid(355ca83212eccc2478e699133aee2677) Importer(2089858483,b0f066a214c2f5e87bad3c948f4d605d) (ScriptedImporter) -> (artifact id: 'b38504517d27ef072d422affbf24f281') in 0.0149135 seconds
Number of updated asset objects reloaded before import = 0Number of asset objects unloaded after import = 3

========================================================================
Received Import Request.
  Time since last request: 0.000016 seconds.
  path: Assets/Effect/Cartoon FX Remaster/CFXR Assets/Graphics/cfxr fire circle plain hdr ab.mat
  artifactKey: Guid(900acfa037f7a0242b5afdeea8ff53bc) Importer(2089858483,b0f066a214c2f5e87bad3c948f4d605d)
Start importing Assets/Effect/Cartoon FX Remaster/CFXR Assets/Graphics/cfxr fire circle plain hdr ab.mat using Guid(900acfa037f7a0242b5afdeea8ff53bc) Importer(2089858483,b0f066a214c2f5e87bad3c948f4d605d) (ScriptedImporter) -> (artifact id: '0bc1d4ec4dcdcb2fb36a7678a87342b3') in 0.0203354 seconds
Number of updated asset objects reloaded before import = 0Number of asset objects unloaded after import = 3

========================================================================
Received Import Request.
  Time since last request: 0.000019 seconds.
  path: Assets/Effect/Cartoon FX Remaster/CFXR Assets/Graphics/cfxr flamme blur stable hdr ab.mat
  artifactKey: Guid(813a3e7e863a760429b02e9070a41e2c) Importer(2089858483,b0f066a214c2f5e87bad3c948f4d605d)
Start importing Assets/Effect/Cartoon FX Remaster/CFXR Assets/Graphics/cfxr flamme blur stable hdr ab.mat using Guid(813a3e7e863a760429b02e9070a41e2c) Importer(2089858483,b0f066a214c2f5e87bad3c948f4d605d) (ScriptedImporter) -> (artifact id: 'e2d61060fac32ff3cac734873507f930') in 0.0128313 seconds
Number of updated asset objects reloaded before import = 0Number of asset objects unloaded after import = 3

========================================================================
Received Import Request.
  Time since last request: 0.000015 seconds.
  path: Assets/Effect/Cartoon FX Remaster/CFXR Assets/Graphics/cfxr line loop electric.png
  artifactKey: Guid(24be193b88e84e042a08eab09c47f3c0) Importer(2089858483,b0f066a214c2f5e87bad3c948f4d605d)
Start importing Assets/Effect/Cartoon FX Remaster/CFXR Assets/Graphics/cfxr line loop electric.png using Guid(24be193b88e84e042a08eab09c47f3c0) Importer(2089858483,b0f066a214c2f5e87bad3c948f4d605d) (ScriptedImporter) -> (artifact id: 'aef7f1ec21e260fb0a78be9607e464ac') in 0.01374 seconds
Number of updated asset objects reloaded before import = 0Number of asset objects unloaded after import = 1

========================================================================
Received Import Request.
  Time since last request: 0.000018 seconds.
  path: Assets/Effect/Cartoon FX Remaster/CFXR Assets/Graphics/cfxr fire circle drawn hdr ab.mat
  artifactKey: Guid(fd90ae0fa3165884da778202eace3071) Importer(2089858483,b0f066a214c2f5e87bad3c948f4d605d)
Start importing Assets/Effect/Cartoon FX Remaster/CFXR Assets/Graphics/cfxr fire circle drawn hdr ab.mat using Guid(fd90ae0fa3165884da778202eace3071) Importer(2089858483,b0f066a214c2f5e87bad3c948f4d605d) (ScriptedImporter) -> (artifact id: '5b721ee7c1068af93c5e2e344540b075') in 0.0287778 seconds
Number of updated asset objects reloaded before import = 0Number of asset objects unloaded after import = 2

========================================================================
Received Import Request.
  Time since last request: 0.000031 seconds.
  path: Assets/Effect/Cartoon FX Remaster/CFXR Assets/Graphics/cfxr puddle dissolve soft ab.mat
  artifactKey: Guid(8bbcb67e3b86fe64f9cf425aad7e9404) Importer(2089858483,b0f066a214c2f5e87bad3c948f4d605d)
Start importing Assets/Effect/Cartoon FX Remaster/CFXR Assets/Graphics/cfxr puddle dissolve soft ab.mat using Guid(8bbcb67e3b86fe64f9cf425aad7e9404) Importer(2089858483,b0f066a214c2f5e87bad3c948f4d605d) (ScriptedImporter) -> (artifact id: '695ddd19bbdaa9ff962691619bb01c22') in 0.0142073 seconds
Number of updated asset objects reloaded before import = 0Number of asset objects unloaded after import = 3

========================================================================
Received Import Request.
  Time since last request: 0.000021 seconds.
  path: Assets/Effect/Cartoon FX Remaster/CFXR Assets/Graphics/cfxr debris 3x3 ab lit emission.mat
  artifactKey: Guid(f7ffbf43e28f7014d968ef0d50836718) Importer(2089858483,b0f066a214c2f5e87bad3c948f4d605d)
Start importing Assets/Effect/Cartoon FX Remaster/CFXR Assets/Graphics/cfxr debris 3x3 ab lit emission.mat using Guid(f7ffbf43e28f7014d968ef0d50836718) Importer(2089858483,b0f066a214c2f5e87bad3c948f4d605d) (ScriptedImporter) -> (artifact id: '770ae1888b686c1997e9d0c5db0dc384') in 0.0142411 seconds
Number of updated asset objects reloaded before import = 0Number of asset objects unloaded after import = 3

========================================================================
Received Import Request.
  Time since last request: 0.000023 seconds.
  path: Assets/Effect/Cartoon FX Remaster/CFXR Assets/Graphics/cfxr fire circle blur hdr ab.mat
  artifactKey: Guid(92f497a3f1c7b5d49ad1b2854dd5d2bd) Importer(2089858483,b0f066a214c2f5e87bad3c948f4d605d)
Start importing Assets/Effect/Cartoon FX Remaster/CFXR Assets/Graphics/cfxr fire circle blur hdr ab.mat using Guid(92f497a3f1c7b5d49ad1b2854dd5d2bd) Importer(2089858483,b0f066a214c2f5e87bad3c948f4d605d) (ScriptedImporter) -> (artifact id: '4878a67c24734d2ed7de7683e1bc7b8f') in 0.0142069 seconds
Number of updated asset objects reloaded before import = 0Number of asset objects unloaded after import = 3

========================================================================
Received Import Request.
  Time since last request: 0.000018 seconds.
  path: Assets/Effect/Cartoon FX Remaster/CFXR Assets/Graphics/cfxr flamme blur unstable hdr ab.mat
  artifactKey: Guid(173b6b1a6db432f44b3636e0ca19e4db) Importer(2089858483,b0f066a214c2f5e87bad3c948f4d605d)
Start importing Assets/Effect/Cartoon FX Remaster/CFXR Assets/Graphics/cfxr flamme blur unstable hdr ab.mat using Guid(173b6b1a6db432f44b3636e0ca19e4db) Importer(2089858483,b0f066a214c2f5e87bad3c948f4d605d) (ScriptedImporter) -> (artifact id: '6a0d61a57a788b7f2f029d714bc78bb2') in 0.0154221 seconds
Number of updated asset objects reloaded before import = 0Number of asset objects unloaded after import = 3

========================================================================
Received Import Request.
  Time since last request: 0.000019 seconds.
  path: Assets/Effect/Cartoon FX Remaster/CFXR Assets/Graphics/cfxr fire edge dissolve.png
  artifactKey: Guid(12db9c7e88bd8f149a35ba6e84f1c749) Importer(2089858483,b0f066a214c2f5e87bad3c948f4d605d)
Start importing Assets/Effect/Cartoon FX Remaster/CFXR Assets/Graphics/cfxr fire edge dissolve.png using Guid(12db9c7e88bd8f149a35ba6e84f1c749) Importer(2089858483,b0f066a214c2f5e87bad3c948f4d605d) (ScriptedImporter) -> (artifact id: '079b041a9e33f8afc92201c856807faa') in 0.0138575 seconds
Number of updated asset objects reloaded before import = 0Number of asset objects unloaded after import = 1

========================================================================
Received Import Request.
  Time since last request: 0.000027 seconds.
  path: Assets/Effect/Cartoon FX Remaster/CFXR Assets/Graphics/cfxr proc glow soft ab.mat
  artifactKey: Guid(cbd97a3a0f0d5c04f8d0225f1ea847d8) Importer(2089858483,b0f066a214c2f5e87bad3c948f4d605d)
Start importing Assets/Effect/Cartoon FX Remaster/CFXR Assets/Graphics/cfxr proc glow soft ab.mat using Guid(cbd97a3a0f0d5c04f8d0225f1ea847d8) Importer(2089858483,b0f066a214c2f5e87bad3c948f4d605d) (ScriptedImporter) -> (artifact id: '39843c08489dd305f923826d51868abc') in 0.0458884 seconds
Number of updated asset objects reloaded before import = 0Number of asset objects unloaded after import = 1

========================================================================
Received Import Request.
  Time since last request: 0.000020 seconds.
  path: Assets/Effect/Cartoon FX Remaster/CFXR Assets/Graphics/cfxr electric small anim 4x2 hdr.mat
  artifactKey: Guid(b41c12b9e8d21c442affcda9d5c050f7) Importer(2089858483,b0f066a214c2f5e87bad3c948f4d605d)
Start importing Assets/Effect/Cartoon FX Remaster/CFXR Assets/Graphics/cfxr electric small anim 4x2 hdr.mat using Guid(b41c12b9e8d21c442affcda9d5c050f7) Importer(2089858483,b0f066a214c2f5e87bad3c948f4d605d) (ScriptedImporter) -> (artifact id: '11acdd86978ce30e6b0b6badb59aa200') in 0.0123072 seconds
Number of updated asset objects reloaded before import = 0Number of asset objects unloaded after import = 2

========================================================================
Received Import Request.
  Time since last request: 0.000018 seconds.
  path: Assets/Effect/Cartoon FX Remaster/CFXR Assets/Graphics/cfxr flamme candle hdr ab.mat
  artifactKey: Guid(94ef692e9d05cb748aa09d827d566c78) Importer(2089858483,b0f066a214c2f5e87bad3c948f4d605d)
Start importing Assets/Effect/Cartoon FX Remaster/CFXR Assets/Graphics/cfxr flamme candle hdr ab.mat using Guid(94ef692e9d05cb748aa09d827d566c78) Importer(2089858483,b0f066a214c2f5e87bad3c948f4d605d) (ScriptedImporter) -> (artifact id: '4aba6b8870ef31a3f56f83e841eab725') in 0.0136858 seconds
Number of updated asset objects reloaded before import = 0Number of asset objects unloaded after import = 3

========================================================================
Received Import Request.
  Time since last request: 0.000021 seconds.
  path: Assets/Effect/Cartoon FX Remaster/CFXR Assets/Graphics/cfxr leave a normal.png
  artifactKey: Guid(cb4db6c7750445e46b0ddffd6a67c7e8) Importer(2089858483,b0f066a214c2f5e87bad3c948f4d605d)
Start importing Assets/Effect/Cartoon FX Remaster/CFXR Assets/Graphics/cfxr leave a normal.png using Guid(cb4db6c7750445e46b0ddffd6a67c7e8) Importer(2089858483,b0f066a214c2f5e87bad3c948f4d605d) (ScriptedImporter) -> (artifact id: '139ef9ecb5af9fdb0ec7feb6a16fd5f3') in 0.0162124 seconds
Number of updated asset objects reloaded before import = 0Number of asset objects unloaded after import = 1

========================================================================
Received Import Request.
  Time since last request: 0.000019 seconds.
  path: Assets/Effect/Cartoon FX Remaster/CFXR Assets/Graphics/cfxr ghost trail.png
  artifactKey: Guid(04e3293bfc8a48745964aeac5aa64a6e) Importer(2089858483,b0f066a214c2f5e87bad3c948f4d605d)
Start importing Assets/Effect/Cartoon FX Remaster/CFXR Assets/Graphics/cfxr ghost trail.png using Guid(04e3293bfc8a48745964aeac5aa64a6e) Importer(2089858483,b0f066a214c2f5e87bad3c948f4d605d) (ScriptedImporter) -> (artifact id: '4133468b7856b0c93a19aa12de792141') in 0.0162438 seconds
Number of updated asset objects reloaded before import = 0Number of asset objects unloaded after import = 1

========================================================================
Received Import Request.
  Time since last request: 0.000024 seconds.
  path: Assets/Effect/Cartoon FX Remaster/CFXR Assets/Graphics/cfxr explosion smoke alpha.png
  artifactKey: Guid(914231f4fc2a7194b9323d6e2cf86df0) Importer(2089858483,b0f066a214c2f5e87bad3c948f4d605d)
Start importing Assets/Effect/Cartoon FX Remaster/CFXR Assets/Graphics/cfxr explosion smoke alpha.png using Guid(914231f4fc2a7194b9323d6e2cf86df0) Importer(2089858483,b0f066a214c2f5e87bad3c948f4d605d) (ScriptedImporter) -> (artifact id: 'f42831033fc69f1e44ae117f6e2b7c60') in 0.0149113 seconds
Number of updated asset objects reloaded before import = 0Number of asset objects unloaded after import = 1

========================================================================
Received Import Request.
  Time since last request: 0.000017 seconds.
  path: Assets/Effect/Cartoon FX Remaster/CFXR Assets/Graphics/cfxr perlin mid.png
  artifactKey: Guid(0d30b359af34f9049bdf5863b06dd25f) Importer(2089858483,b0f066a214c2f5e87bad3c948f4d605d)
Start importing Assets/Effect/Cartoon FX Remaster/CFXR Assets/Graphics/cfxr perlin mid.png using Guid(0d30b359af34f9049bdf5863b06dd25f) Importer(2089858483,b0f066a214c2f5e87bad3c948f4d605d) (ScriptedImporter) -> (artifact id: 'f1dfe6488f858aec1036387d9e5e6ca4') in 0.0177988 seconds
Number of updated asset objects reloaded before import = 0Number of asset objects unloaded after import = 1

========================================================================
Received Import Request.
  Time since last request: 0.000021 seconds.
  path: Assets/Effect/Cartoon FX Remaster/CFXR Assets/Graphics/cfxr debris flat unlit 3x3.png
  artifactKey: Guid(f0fc63002361baf4a903d44ab024b19b) Importer(2089858483,b0f066a214c2f5e87bad3c948f4d605d)
Start importing Assets/Effect/Cartoon FX Remaster/CFXR Assets/Graphics/cfxr debris flat unlit 3x3.png using Guid(f0fc63002361baf4a903d44ab024b19b) Importer(2089858483,b0f066a214c2f5e87bad3c948f4d605d) (ScriptedImporter) -> (artifact id: '203fdccf82230b91148b509beb66fe13') in 0.0179375 seconds
Number of updated asset objects reloaded before import = 0Number of asset objects unloaded after import = 1

========================================================================
Received Import Request.
  Time since last request: 0.000018 seconds.
  path: Assets/Effect/Cartoon FX Remaster/CFXR Assets/Graphics/cfxr debris unlit 3x3 ab.mat
  artifactKey: Guid(0ab14112d95c069419bd90ef39fba9b2) Importer(2089858483,b0f066a214c2f5e87bad3c948f4d605d)
Start importing Assets/Effect/Cartoon FX Remaster/CFXR Assets/Graphics/cfxr debris unlit 3x3 ab.mat using Guid(0ab14112d95c069419bd90ef39fba9b2) Importer(2089858483,b0f066a214c2f5e87bad3c948f4d605d) (ScriptedImporter) -> (artifact id: 'd5d53ecaa7280a88a3b62c425e168100') in 0.014037 seconds
Number of updated asset objects reloaded before import = 0Number of asset objects unloaded after import = 2

========================================================================
Received Import Request.
  Time since last request: 0.000019 seconds.
  path: Assets/Effect/Cartoon FX Remaster/CFXR Assets/Graphics/cfxr fire small anim blurred.png
  artifactKey: Guid(7dd21a42fcbbb4d49b7ce998ddc61e29) Importer(2089858483,b0f066a214c2f5e87bad3c948f4d605d)
Start importing Assets/Effect/Cartoon FX Remaster/CFXR Assets/Graphics/cfxr fire small anim blurred.png using Guid(7dd21a42fcbbb4d49b7ce998ddc61e29) Importer(2089858483,b0f066a214c2f5e87bad3c948f4d605d) (ScriptedImporter) -> (artifact id: '63b871d51a403756210e57972fcc95ef') in 0.0128777 seconds
Number of updated asset objects reloaded before import = 0Number of asset objects unloaded after import = 1

========================================================================
Received Import Request.
  Time since last request: 0.000028 seconds.
  path: Assets/Effect/Cartoon FX Remaster/CFXR Assets/Graphics/cfxr debris wood 3x3 ab.mat
  artifactKey: Guid(7e65055c579688c4d8037b12e2dcd7a1) Importer(2089858483,b0f066a214c2f5e87bad3c948f4d605d)
Start importing Assets/Effect/Cartoon FX Remaster/CFXR Assets/Graphics/cfxr debris wood 3x3 ab.mat using Guid(7e65055c579688c4d8037b12e2dcd7a1) Importer(2089858483,b0f066a214c2f5e87bad3c948f4d605d) (ScriptedImporter) -> (artifact id: 'f4845150857574919f0fe7a10ec7e422') in 0.0162855 seconds
Number of updated asset objects reloaded before import = 0Number of asset objects unloaded after import = 3

========================================================================
Received Import Request.
  Time since last request: 0.000020 seconds.
  path: Assets/Effect/Cartoon FX Remaster/CFXR Assets/Graphics/cfxr flamme crisp unstable hdr ab.mat
  artifactKey: Guid(59dbbf9caca36934f947599cb0e569d2) Importer(2089858483,b0f066a214c2f5e87bad3c948f4d605d)
Start importing Assets/Effect/Cartoon FX Remaster/CFXR Assets/Graphics/cfxr flamme crisp unstable hdr ab.mat using Guid(59dbbf9caca36934f947599cb0e569d2) Importer(2089858483,b0f066a214c2f5e87bad3c948f4d605d) (ScriptedImporter) -> (artifact id: 'ed5b9b9380ba344343bbc7939b4bd879') in 0.0126469 seconds
Number of updated asset objects reloaded before import = 0Number of asset objects unloaded after import = 3

========================================================================
Received Import Request.
  Time since last request: 0.000017 seconds.
  path: Assets/Effect/Cartoon FX Remaster/CFXR Assets/Graphics/cfxr debris wood unlit 3x3.png
  artifactKey: Guid(ba5c573490b77f942a086e98994192a0) Importer(2089858483,b0f066a214c2f5e87bad3c948f4d605d)
Start importing Assets/Effect/Cartoon FX Remaster/CFXR Assets/Graphics/cfxr debris wood unlit 3x3.png using Guid(ba5c573490b77f942a086e98994192a0) Importer(2089858483,b0f066a214c2f5e87bad3c948f4d605d) (ScriptedImporter) -> (artifact id: '49ef677d6720560f3183f85ba223fbfb') in 0.0148177 seconds
Number of updated asset objects reloaded before import = 0Number of asset objects unloaded after import = 1

========================================================================
Received Import Request.
  Time since last request: 0.000014 seconds.
  path: Assets/Effect/Cartoon FX Remaster/CFXR Assets/Graphics/cfxr flamme crisp mid hdr ab.mat
  artifactKey: Guid(87210e6cc6e78844cb678fb0fac0a15f) Importer(2089858483,b0f066a214c2f5e87bad3c948f4d605d)
Start importing Assets/Effect/Cartoon FX Remaster/CFXR Assets/Graphics/cfxr flamme crisp mid hdr ab.mat using Guid(87210e6cc6e78844cb678fb0fac0a15f) Importer(2089858483,b0f066a214c2f5e87bad3c948f4d605d) (ScriptedImporter) -> (artifact id: 'cc90cff2664b02bce3e1ea1a4edd9619') in 0.0131319 seconds
Number of updated asset objects reloaded before import = 0Number of asset objects unloaded after import = 3

========================================================================
Received Import Request.
  Time since last request: 0.000019 seconds.
  path: Assets/Effect/Cartoon FX Remaster/CFXR Assets/Graphics/cfxr leave b normal.png
  artifactKey: Guid(369b2c490985c3d4d8ab8ef86979a111) Importer(2089858483,b0f066a214c2f5e87bad3c948f4d605d)
Start importing Assets/Effect/Cartoon FX Remaster/CFXR Assets/Graphics/cfxr leave b normal.png using Guid(369b2c490985c3d4d8ab8ef86979a111) Importer(2089858483,b0f066a214c2f5e87bad3c948f4d605d) (ScriptedImporter) -> (artifact id: '944910aa2c68574b4ad02ecd34ac5c07') in 0.0134868 seconds
Number of updated asset objects reloaded before import = 0Number of asset objects unloaded after import = 1

========================================================================
Received Import Request.
  Time since last request: 0.000028 seconds.
  path: Assets/Effect/Cartoon FX Remaster/CFXR Assets/Graphics/cfxr heart.png
  artifactKey: Guid(736af86f347135b42b82f6a7cedde546) Importer(2089858483,b0f066a214c2f5e87bad3c948f4d605d)
Start importing Assets/Effect/Cartoon FX Remaster/CFXR Assets/Graphics/cfxr heart.png using Guid(736af86f347135b42b82f6a7cedde546) Importer(2089858483,b0f066a214c2f5e87bad3c948f4d605d) (ScriptedImporter) -> (artifact id: '4e322ee85b8ce293c33f2bae4a2c870e') in 0.0189459 seconds
Number of updated asset objects reloaded before import = 0Number of asset objects unloaded after import = 1

========================================================================
Received Import Request.
  Time since last request: 0.000014 seconds.
  path: Assets/Effect/Cartoon FX Remaster/CFXR Assets/Graphics/cfxr flamme candle.png
  artifactKey: Guid(54cc6c4605b85d848b2de2aeaabdae41) Importer(2089858483,b0f066a214c2f5e87bad3c948f4d605d)
Start importing Assets/Effect/Cartoon FX Remaster/CFXR Assets/Graphics/cfxr flamme candle.png using Guid(54cc6c4605b85d848b2de2aeaabdae41) Importer(2089858483,b0f066a214c2f5e87bad3c948f4d605d) (ScriptedImporter) -> (artifact id: '046ecd0ae1775986e69d75e900cf1fbd') in 0.014863 seconds
Number of updated asset objects reloaded before import = 0Number of asset objects unloaded after import = 1

========================================================================
Received Import Request.
  Time since last request: 0.000019 seconds.
  path: Assets/Effect/Cartoon FX Remaster/CFXR Assets/Graphics/cfxr fire circle drawn blurred.png
  artifactKey: Guid(232ec32264aa04142ba34374d9989110) Importer(2089858483,b0f066a214c2f5e87bad3c948f4d605d)
Start importing Assets/Effect/Cartoon FX Remaster/CFXR Assets/Graphics/cfxr fire circle drawn blurred.png using Guid(232ec32264aa04142ba34374d9989110) Importer(2089858483,b0f066a214c2f5e87bad3c948f4d605d) (ScriptedImporter) -> (artifact id: '4a11031bd619ea1f3930870fdafbf2e2') in 0.0148064 seconds
Number of updated asset objects reloaded before import = 0Number of asset objects unloaded after import = 1

========================================================================
Received Import Request.
  Time since last request: 0.000017 seconds.
  path: Assets/Scripts/Game/Character/MageCharacter.cs
  artifactKey: Guid(9920720d2c767bc4d8928c650c7f0739) Importer(2089858483,b0f066a214c2f5e87bad3c948f4d605d)
Start importing Assets/Scripts/Game/Character/MageCharacter.cs using Guid(9920720d2c767bc4d8928c650c7f0739) Importer(2089858483,b0f066a214c2f5e87bad3c948f4d605d) (ScriptedImporter) -> (artifact id: 'd2cb358f0d4a4661c293783e71d42798') in 0.0095207 seconds
Number of updated asset objects reloaded before import = 0Number of asset objects unloaded after import = 0

========================================================================
Received Import Request.
  Time since last request: 0.000019 seconds.
  path: Assets/Effect/Cartoon FX Remaster/CFXR Assets/Graphics/cfxr leave a.png
  artifactKey: Guid(a6e796ea2be38514d8620ce99d61c74f) Importer(2089858483,b0f066a214c2f5e87bad3c948f4d605d)
Start importing Assets/Effect/Cartoon FX Remaster/CFXR Assets/Graphics/cfxr leave a.png using Guid(a6e796ea2be38514d8620ce99d61c74f) Importer(2089858483,b0f066a214c2f5e87bad3c948f4d605d) (ScriptedImporter) -> (artifact id: '3218ef53d4fed221499e1cad2ca800c8') in 0.0122752 seconds
Number of updated asset objects reloaded before import = 0Number of asset objects unloaded after import = 1

========================================================================
Received Import Request.
  Time since last request: 0.000027 seconds.
  path: Assets/Texture/Effect/TurnBarEffects/red_arrow_burst.png
  artifactKey: Guid(aa504d5999f50574cb8bd8a72e316c48) Importer(2089858483,b0f066a214c2f5e87bad3c948f4d605d)
Start importing Assets/Texture/Effect/TurnBarEffects/red_arrow_burst.png using Guid(aa504d5999f50574cb8bd8a72e316c48) Importer(2089858483,b0f066a214c2f5e87bad3c948f4d605d) (ScriptedImporter) -> (artifact id: '8638a9393221c95a03ad70c7d1527e4b') in 0.0139624 seconds
Number of updated asset objects reloaded before import = 0Number of asset objects unloaded after import = 1

========================================================================
Received Import Request.
  Time since last request: 0.000017 seconds.
  path: Assets/SO/FSM/Warrior/AttackState.asset
  artifactKey: Guid(fae696134f2950c4baf34100b42a59b4) Importer(2089858483,b0f066a214c2f5e87bad3c948f4d605d)
Start importing Assets/SO/FSM/Warrior/AttackState.asset using Guid(fae696134f2950c4baf34100b42a59b4) Importer(2089858483,b0f066a214c2f5e87bad3c948f4d605d) (ScriptedImporter) -> (artifact id: 'deb78333ec866471ca5429812ea117a1') in 0.0146098 seconds
Number of updated asset objects reloaded before import = 0Number of asset objects unloaded after import = 1

========================================================================
Received Import Request.
  Time since last request: 0.000017 seconds.
  path: Assets/Spine2D Knight Character Animation Pack/Sources/image/Slash_3.png
  artifactKey: Guid(c33e39828f0ba6a44835b69125cde0cd) Importer(2089858483,b0f066a214c2f5e87bad3c948f4d605d)
Start importing Assets/Spine2D Knight Character Animation Pack/Sources/image/Slash_3.png using Guid(c33e39828f0ba6a44835b69125cde0cd) Importer(2089858483,b0f066a214c2f5e87bad3c948f4d605d) (ScriptedImporter) -> (artifact id: '95369f8574e6723b2007f28b6e70c098') in 0.016433 seconds
Number of updated asset objects reloaded before import = 0Number of asset objects unloaded after import = 3

========================================================================
Received Import Request.
  Time since last request: 0.000020 seconds.
  path: Assets/Spine Examples/Spine Skeletons/spineboy-unity/spineboy_Material.mat
  artifactKey: Guid(1455e88fdb81ccc45bdeaedd657bad4d) Importer(2089858483,b0f066a214c2f5e87bad3c948f4d605d)
Start importing Assets/Spine Examples/Spine Skeletons/spineboy-unity/spineboy_Material.mat using Guid(1455e88fdb81ccc45bdeaedd657bad4d) Importer(2089858483,b0f066a214c2f5e87bad3c948f4d605d) (ScriptedImporter) -> (artifact id: '167442a4b4629b2dbcc766b1fcc1e27e') in 0.0219723 seconds
Number of updated asset objects reloaded before import = 0Number of asset objects unloaded after import = 2

========================================================================
Received Import Request.
  Time since last request: 0.000023 seconds.
  path: Assets/Effect/Cartoon FX Remaster/CFXR Assets/Graphics/cfxr petal pink x4 ab lit normal.mat
  artifactKey: Guid(b8466bb13bf17094d8bf1afdc8e05072) Importer(2089858483,b0f066a214c2f5e87bad3c948f4d605d)
Start importing Assets/Effect/Cartoon FX Remaster/CFXR Assets/Graphics/cfxr petal pink x4 ab lit normal.mat using Guid(b8466bb13bf17094d8bf1afdc8e05072) Importer(2089858483,b0f066a214c2f5e87bad3c948f4d605d) (ScriptedImporter) -> (artifact id: '9f239daa2d13095f1b6e5cc23439a897') in 0.0267329 seconds
Number of updated asset objects reloaded before import = 0Number of asset objects unloaded after import = 3

========================================================================
Received Import Request.
  Time since last request: 0.000028 seconds.
  path: Assets/Spine2D Knight Character Animation Pack/Exports/Gifs/run_shield.gif
  artifactKey: Guid(2a76f27cf8d0f8b42845db170d8b1a96) Importer(2089858483,b0f066a214c2f5e87bad3c948f4d605d)
Start importing Assets/Spine2D Knight Character Animation Pack/Exports/Gifs/run_shield.gif using Guid(2a76f27cf8d0f8b42845db170d8b1a96) Importer(2089858483,b0f066a214c2f5e87bad3c948f4d605d) (ScriptedImporter) -> (artifact id: 'f02da88b7065162012bc3ec0c8911e81') in 0.0184411 seconds
Number of updated asset objects reloaded before import = 0Number of asset objects unloaded after import = 3

========================================================================
Received Import Request.
  Time since last request: 0.000019 seconds.
  path: Assets/Effect/Cartoon FX Remaster/CFXR Assets/Graphics/cfxr blood splash dissolve ab.mat
  artifactKey: Guid(ccfff22ed954c6f41ade040a8a7c8f22) Importer(2089858483,b0f066a214c2f5e87bad3c948f4d605d)
Start importing Assets/Effect/Cartoon FX Remaster/CFXR Assets/Graphics/cfxr blood splash dissolve ab.mat using Guid(ccfff22ed954c6f41ade040a8a7c8f22) Importer(2089858483,b0f066a214c2f5e87bad3c948f4d605d) (ScriptedImporter) -> (artifact id: '4d80f6906612d4a14adb34445c9add8e') in 0.0137111 seconds
Number of updated asset objects reloaded before import = 0Number of asset objects unloaded after import = 3

========================================================================
Received Import Request.
  Time since last request: 0.000017 seconds.
  path: Assets/Effect/Cartoon FX Remaster/CFXR Assets/Graphics/cfxr fire small anim.png
  artifactKey: Guid(fef5bd719a2b6cf4ab443c0b29bc50c8) Importer(2089858483,b0f066a214c2f5e87bad3c948f4d605d)
Start importing Assets/Effect/Cartoon FX Remaster/CFXR Assets/Graphics/cfxr fire small anim.png using Guid(fef5bd719a2b6cf4ab443c0b29bc50c8) Importer(2089858483,b0f066a214c2f5e87bad3c948f4d605d) (ScriptedImporter) -> (artifact id: '87627de00a2958f58a6687ccc83dff2f') in 0.0139926 seconds
Number of updated asset objects reloaded before import = 0Number of asset objects unloaded after import = 1

========================================================================
Received Import Request.
  Time since last request: 0.000017 seconds.
  path: Assets/Scripts/System/TurnSystem/ITurnParticipant.cs
  artifactKey: Guid(b19dee4e723371341a99386b0be34c12) Importer(2089858483,b0f066a214c2f5e87bad3c948f4d605d)
Start importing Assets/Scripts/System/TurnSystem/ITurnParticipant.cs using Guid(b19dee4e723371341a99386b0be34c12) Importer(2089858483,b0f066a214c2f5e87bad3c948f4d605d) (ScriptedImporter) -> (artifact id: '0288b9c13b6ebae0acf5a4df8e005697') in 0.0121214 seconds
Number of updated asset objects reloaded before import = 0Number of asset objects unloaded after import = 0

========================================================================
Received Import Request.
  Time since last request: 0.000018 seconds.
  path: Assets/Effect/Cartoon FX Remaster/CFXR Assets/Graphics/cfxr card spade ab.mat
  artifactKey: Guid(fdebe8f9090761f44a629442b2b5cf57) Importer(2089858483,b0f066a214c2f5e87bad3c948f4d605d)
Start importing Assets/Effect/Cartoon FX Remaster/CFXR Assets/Graphics/cfxr card spade ab.mat using Guid(fdebe8f9090761f44a629442b2b5cf57) Importer(2089858483,b0f066a214c2f5e87bad3c948f4d605d) (ScriptedImporter) -> (artifact id: 'b200c9b5eeb48b7034999ab0ebaf9aac') in 0.012737 seconds
Number of updated asset objects reloaded before import = 0Number of asset objects unloaded after import = 2

========================================================================
Received Import Request.
  Time since last request: 0.000030 seconds.
  path: Assets/Effect/Cartoon FX Remaster/CFXR Assets/Graphics/cfxr skull outer outline ab.mat
  artifactKey: Guid(5638a7e47b8a65a42aa1d63e2a59f925) Importer(2089858483,b0f066a214c2f5e87bad3c948f4d605d)
Start importing Assets/Effect/Cartoon FX Remaster/CFXR Assets/Graphics/cfxr skull outer outline ab.mat using Guid(5638a7e47b8a65a42aa1d63e2a59f925) Importer(2089858483,b0f066a214c2f5e87bad3c948f4d605d) (ScriptedImporter) -> (artifact id: 'c33452961e4d6d4c2c8946ab0728feba') in 0.0130797 seconds
Number of updated asset objects reloaded before import = 0Number of asset objects unloaded after import = 2

========================================================================
Received Import Request.
  Time since last request: 0.000022 seconds.
  path: Assets/Effect/Cartoon FX Remaster/CFXR Assets/Graphics/cfxr ww smoke bright.png
  artifactKey: Guid(61ba904dd6bbf9e44be37f634459f9b9) Importer(2089858483,b0f066a214c2f5e87bad3c948f4d605d)
Start importing Assets/Effect/Cartoon FX Remaster/CFXR Assets/Graphics/cfxr ww smoke bright.png using Guid(61ba904dd6bbf9e44be37f634459f9b9) Importer(2089858483,b0f066a214c2f5e87bad3c948f4d605d) (ScriptedImporter) -> (artifact id: 'eb181cf727227b5c750eb2740e1d3fa9') in 0.0134009 seconds
Number of updated asset objects reloaded before import = 0Number of asset objects unloaded after import = 1

========================================================================
Received Import Request.
  Time since last request: 0.000016 seconds.
  path: Assets/Effect/Cartoon FX Remaster/CFXR Assets/Graphics/cfxr smoke cloud x4 crisp dissolve ab.mat
  artifactKey: Guid(211e690ffcd5bf1469e778995a8b144b) Importer(2089858483,b0f066a214c2f5e87bad3c948f4d605d)
Start importing Assets/Effect/Cartoon FX Remaster/CFXR Assets/Graphics/cfxr smoke cloud x4 crisp dissolve ab.mat using Guid(211e690ffcd5bf1469e778995a8b144b) Importer(2089858483,b0f066a214c2f5e87bad3c948f4d605d) (ScriptedImporter) -> (artifact id: '1e2805493e29d3090944878a3fdcb66f') in 0.0146214 seconds
Number of updated asset objects reloaded before import = 0Number of asset objects unloaded after import = 3

========================================================================
Received Import Request.
  Time since last request: 0.000018 seconds.
  path: Assets/Effect/Cartoon FX Remaster/CFXR Assets/Graphics/cfxr spikes half impact gradient.png
  artifactKey: Guid(0507e48ffacf40549a96d4efaa55672a) Importer(2089858483,b0f066a214c2f5e87bad3c948f4d605d)
Start importing Assets/Effect/Cartoon FX Remaster/CFXR Assets/Graphics/cfxr spikes half impact gradient.png using Guid(0507e48ffacf40549a96d4efaa55672a) Importer(2089858483,b0f066a214c2f5e87bad3c948f4d605d) (ScriptedImporter) -> (artifact id: '56929537322a32b4ccdca377bd2ebe7a') in 0.0132453 seconds
Number of updated asset objects reloaded before import = 0Number of asset objects unloaded after import = 1

========================================================================
Received Import Request.
  Time since last request: 0.000023 seconds.
  path: Assets/Effect/Cartoon FX Remaster/CFXR Assets/Meshes/cfxr ring mesh local space smoother.asset
  artifactKey: Guid(72b4aba81b7370a4e966fe9b365b8b19) Importer(2089858483,b0f066a214c2f5e87bad3c948f4d605d)
Start importing Assets/Effect/Cartoon FX Remaster/CFXR Assets/Meshes/cfxr ring mesh local space smoother.asset using Guid(72b4aba81b7370a4e966fe9b365b8b19) Importer(2089858483,b0f066a214c2f5e87bad3c948f4d605d) (ScriptedImporter) -> (artifact id: 'd4c32c47d8101c21c0bd264b9e0b39a5') in 0.0113171 seconds
Number of updated asset objects reloaded before import = 0Number of asset objects unloaded after import = 1

========================================================================
Received Import Request.
  Time since last request: 0.000034 seconds.
  path: Assets/Effect/Cartoon FX Remaster/CFXR Assets/Graphics/cfxr smiley smile ab.mat
  artifactKey: Guid(56e9b0d5f7f278045887edbfcb1f6e08) Importer(2089858483,b0f066a214c2f5e87bad3c948f4d605d)
Start importing Assets/Effect/Cartoon FX Remaster/CFXR Assets/Graphics/cfxr smiley smile ab.mat using Guid(56e9b0d5f7f278045887edbfcb1f6e08) Importer(2089858483,b0f066a214c2f5e87bad3c948f4d605d) (ScriptedImporter) -> (artifact id: '66952ad2ce6af707cbf2ad1472e45159') in 0.0126715 seconds
Number of updated asset objects reloaded before import = 0Number of asset objects unloaded after import = 2

========================================================================
Received Import Request.
  Time since last request: 0.000019 seconds.
  path: Assets/Effect/Cartoon FX Remaster/CFXR Assets/Graphics/cfxr stretch trait blur add.mat
  artifactKey: Guid(2175ac793e235894da12a78ea274cb1f) Importer(2089858483,b0f066a214c2f5e87bad3c948f4d605d)
Start importing Assets/Effect/Cartoon FX Remaster/CFXR Assets/Graphics/cfxr stretch trait blur add.mat using Guid(2175ac793e235894da12a78ea274cb1f) Importer(2089858483,b0f066a214c2f5e87bad3c948f4d605d) (ScriptedImporter) -> (artifact id: 'e08e5574dc0f3c7da41c24153383ae7f') in 0.0140195 seconds
Number of updated asset objects reloaded before import = 0Number of asset objects unloaded after import = 2

========================================================================
Received Import Request.
  Time since last request: 0.000017 seconds.
  path: Assets/Effect/Cartoon FX Remaster/CFXR Assets/Graphics/cfxr skull outer outline.png
  artifactKey: Guid(5f1b8589804ad594e98c1773d82cb6ec) Importer(2089858483,b0f066a214c2f5e87bad3c948f4d605d)
Start importing Assets/Effect/Cartoon FX Remaster/CFXR Assets/Graphics/cfxr skull outer outline.png using Guid(5f1b8589804ad594e98c1773d82cb6ec) Importer(2089858483,b0f066a214c2f5e87bad3c948f4d605d) (ScriptedImporter) -> (artifact id: '0d62cbc5a743180095f6a5606b973e19') in 0.0158372 seconds
Number of updated asset objects reloaded before import = 0Number of asset objects unloaded after import = 1

========================================================================
Received Import Request.
  Time since last request: 0.000019 seconds.
  path: Assets/Effect/Cartoon FX Remaster/CFXR Assets/Graphics/cfxr smiley frown.png
  artifactKey: Guid(2132e90e9604772419962b40957b517f) Importer(2089858483,b0f066a214c2f5e87bad3c948f4d605d)
Start importing Assets/Effect/Cartoon FX Remaster/CFXR Assets/Graphics/cfxr smiley frown.png using Guid(2132e90e9604772419962b40957b517f) Importer(2089858483,b0f066a214c2f5e87bad3c948f4d605d) (ScriptedImporter) -> (artifact id: 'a2d085c22cb731b40b26b837a3abd935') in 0.0202284 seconds
Number of updated asset objects reloaded before import = 0Number of asset objects unloaded after import = 1

========================================================================
Received Import Request.
  Time since last request: 0.000021 seconds.
  path: Assets/Effect/Cartoon FX Remaster/CFXR Assets/Graphics/cfxr smoke cloud corner dissolve.png
  artifactKey: Guid(70e59802148656040a785d8510ecc501) Importer(2089858483,b0f066a214c2f5e87bad3c948f4d605d)
Start importing Assets/Effect/Cartoon FX Remaster/CFXR Assets/Graphics/cfxr smoke cloud corner dissolve.png using Guid(70e59802148656040a785d8510ecc501) Importer(2089858483,b0f066a214c2f5e87bad3c948f4d605d) (ScriptedImporter) -> (artifact id: '4866f38117aeaffad5bfe0380a0448b8') in 0.0139965 seconds
Number of updated asset objects reloaded before import = 0Number of asset objects unloaded after import = 1

========================================================================
Received Import Request.
  Time since last request: 0.000035 seconds.
  path: Assets/Effect/Cartoon FX Remaster/CFXR Assets/Shaders/CFXR_PASSES.cginc
  artifactKey: Guid(0abf89ecb90eb024cbbc2a2dee76edf1) Importer(2089858483,b0f066a214c2f5e87bad3c948f4d605d)
Start importing Assets/Effect/Cartoon FX Remaster/CFXR Assets/Shaders/CFXR_PASSES.cginc using Guid(0abf89ecb90eb024cbbc2a2dee76edf1) Importer(2089858483,b0f066a214c2f5e87bad3c948f4d605d) (ScriptedImporter) -> (artifact id: '77eb43ebbff79585d404581780ccbf29') in 0.0096167 seconds
Number of updated asset objects reloaded before import = 0Number of asset objects unloaded after import = 1

========================================================================
Received Import Request.
  Time since last request: 0.000013 seconds.
  path: Assets/Effect/Cartoon FX Remaster/CFXR Assets/Graphics/cfxr sword trail mask lines.png
  artifactKey: Guid(d184232afb846a84f94834db83916933) Importer(2089858483,b0f066a214c2f5e87bad3c948f4d605d)
Start importing Assets/Effect/Cartoon FX Remaster/CFXR Assets/Graphics/cfxr sword trail mask lines.png using Guid(d184232afb846a84f94834db83916933) Importer(2089858483,b0f066a214c2f5e87bad3c948f4d605d) (ScriptedImporter) -> (artifact id: '7cd6759a9b49f8b09f272479aef14042') in 0.0141165 seconds
Number of updated asset objects reloaded before import = 0Number of asset objects unloaded after import = 1

========================================================================
Received Import Request.
  Time since last request: 0.000015 seconds.
  path: Assets/Effect/Cartoon FX Remaster/CFXR Assets/Graphics/cfxr stretch rectangle ray hdr ab.mat
  artifactKey: Guid(a1efb59804352a2458135e8203cbcc37) Importer(2089858483,b0f066a214c2f5e87bad3c948f4d605d)
Start importing Assets/Effect/Cartoon FX Remaster/CFXR Assets/Graphics/cfxr stretch rectangle ray hdr ab.mat using Guid(a1efb59804352a2458135e8203cbcc37) Importer(2089858483,b0f066a214c2f5e87bad3c948f4d605d) (ScriptedImporter) -> (artifact id: '48586c761cab891dd7c9213201dde690') in 0.011862 seconds
Number of updated asset objects reloaded before import = 0Number of asset objects unloaded after import = 2

========================================================================
Received Import Request.
  Time since last request: 0.000019 seconds.
  path: Assets/Effect/Cartoon FX Remaster/CFXR Assets/Graphics/cfxr skull 2.png
  artifactKey: Guid(03a188aeeaecbb9478d9ae70eae185f6) Importer(2089858483,b0f066a214c2f5e87bad3c948f4d605d)
Start importing Assets/Effect/Cartoon FX Remaster/CFXR Assets/Graphics/cfxr skull 2.png using Guid(03a188aeeaecbb9478d9ae70eae185f6) Importer(2089858483,b0f066a214c2f5e87bad3c948f4d605d) (ScriptedImporter) -> (artifact id: 'cee319c367817abf1c1e5a1ae663df19') in 0.0159488 seconds
Number of updated asset objects reloaded before import = 0Number of asset objects unloaded after import = 1

========================================================================
Received Import Request.
  Time since last request: 0.000018 seconds.
  path: Assets/Effect/Cartoon FX Remaster/CFXR Assets/Graphics/cfxr stretch spikes x2 hdr ab.mat
  artifactKey: Guid(7f1fea85f791b4f4b8fabff9da93491a) Importer(2089858483,b0f066a214c2f5e87bad3c948f4d605d)
Start importing Assets/Effect/Cartoon FX Remaster/CFXR Assets/Graphics/cfxr stretch spikes x2 hdr ab.mat using Guid(7f1fea85f791b4f4b8fabff9da93491a) Importer(2089858483,b0f066a214c2f5e87bad3c948f4d605d) (ScriptedImporter) -> (artifact id: '762e8ce50d3d738a38b4efbe4b94075f') in 0.0456239 seconds
Number of updated asset objects reloaded before import = 0Number of asset objects unloaded after import = 3

========================================================================
Received Import Request.
  Time since last request: 0.000028 seconds.
  path: Assets/Effect/Cartoon FX Remaster/CFXR Assets/Graphics/cfxr ww smoke glow.png
  artifactKey: Guid(74188c415cb23a7419698120d00ae9cc) Importer(2089858483,b0f066a214c2f5e87bad3c948f4d605d)
Start importing Assets/Effect/Cartoon FX Remaster/CFXR Assets/Graphics/cfxr ww smoke glow.png using Guid(74188c415cb23a7419698120d00ae9cc) Importer(2089858483,b0f066a214c2f5e87bad3c948f4d605d) (ScriptedImporter) -> (artifact id: '47fab9fb4f8307aa5b7bea61c9842e78') in 0.0137061 seconds
Number of updated asset objects reloaded before import = 0Number of asset objects unloaded after import = 1

========================================================================
Received Import Request.
  Time since last request: 0.000019 seconds.
  path: Assets/Effect/Cartoon FX Remaster/CFXR Assets/Graphics/cfxr stretch inv spike fade add.mat
  artifactKey: Guid(50350a9c0e5b6454d873d1984e97cde4) Importer(2089858483,b0f066a214c2f5e87bad3c948f4d605d)
Start importing Assets/Effect/Cartoon FX Remaster/CFXR Assets/Graphics/cfxr stretch inv spike fade add.mat using Guid(50350a9c0e5b6454d873d1984e97cde4) Importer(2089858483,b0f066a214c2f5e87bad3c948f4d605d) (ScriptedImporter) -> (artifact id: '650a9af746cd3714f241ccca0d0dd6ad') in 0.0114104 seconds
Number of updated asset objects reloaded before import = 0Number of asset objects unloaded after import = 2

========================================================================
Received Import Request.
  Time since last request: 0.000015 seconds.
  path: Assets/Effect/Cartoon FX Remaster/CFXR Assets/Graphics/cfxr sword trail tech.mat
  artifactKey: Guid(98a37e62d72196e409812a54c3cdd8a5) Importer(2089858483,b0f066a214c2f5e87bad3c948f4d605d)
Start importing Assets/Effect/Cartoon FX Remaster/CFXR Assets/Graphics/cfxr sword trail tech.mat using Guid(98a37e62d72196e409812a54c3cdd8a5) Importer(2089858483,b0f066a214c2f5e87bad3c948f4d605d) (ScriptedImporter) -> (artifact id: 'ea1ac69c7213eba5e94b78248f2fcc9b') in 0.0137106 seconds
Number of updated asset objects reloaded before import = 0Number of asset objects unloaded after import = 4

========================================================================
Received Import Request.
  Time since last request: 0.000019 seconds.
  path: Assets/Effect/Cartoon FX Remaster/CFXR Assets/Graphics/cfxr stretch sipkes dissolve smooth x2.png
  artifactKey: Guid(e8b834b74904e894bb4ecee603370bec) Importer(2089858483,b0f066a214c2f5e87bad3c948f4d605d)
Start importing Assets/Effect/Cartoon FX Remaster/CFXR Assets/Graphics/cfxr stretch sipkes dissolve smooth x2.png using Guid(e8b834b74904e894bb4ecee603370bec) Importer(2089858483,b0f066a214c2f5e87bad3c948f4d605d) (ScriptedImporter) -> (artifact id: '191613d4484b78b6c272a65a1134da45') in 0.0138781 seconds
Number of updated asset objects reloaded before import = 0Number of asset objects unloaded after import = 1

========================================================================
Received Import Request.
  Time since last request: 0.000019 seconds.
  path: Assets/Effect/Cartoon FX Remaster/CFXR Assets/Graphics/cfxr spikes impact dissolve invert ab.mat
  artifactKey: Guid(8c6442f9b7d64f94a8a76402e777f706) Importer(2089858483,b0f066a214c2f5e87bad3c948f4d605d)
Start importing Assets/Effect/Cartoon FX Remaster/CFXR Assets/Graphics/cfxr spikes impact dissolve invert ab.mat using Guid(8c6442f9b7d64f94a8a76402e777f706) Importer(2089858483,b0f066a214c2f5e87bad3c948f4d605d) (ScriptedImporter) -> (artifact id: '6e31c9c82ee078faa756361cf82dac68') in 0.0140503 seconds
Number of updated asset objects reloaded before import = 0Number of asset objects unloaded after import = 3

========================================================================
Received Import Request.
  Time since last request: 0.000027 seconds.
  path: Assets/Effect/Cartoon FX Remaster/CFXR Assets/Shaders/CFXR_URP.cginc
  artifactKey: Guid(3eab241579cd5514388d88f452714385) Importer(2089858483,b0f066a214c2f5e87bad3c948f4d605d)
Start importing Assets/Effect/Cartoon FX Remaster/CFXR Assets/Shaders/CFXR_URP.cginc using Guid(3eab241579cd5514388d88f452714385) Importer(2089858483,b0f066a214c2f5e87bad3c948f4d605d) (ScriptedImporter) -> (artifact id: 'b169f505f2966692ea1802970788a362') in 0.0098469 seconds
Number of updated asset objects reloaded before import = 0Number of asset objects unloaded after import = 1

========================================================================
Received Import Request.
  Time since last request: 0.000017 seconds.
  path: Assets/Effect/Cartoon FX Remaster/CFXR Assets/Misc/cfxr ParticleFont WashYourHand.asset
  artifactKey: Guid(248c4661420fe3d48b7f14d4c8afe6ab) Importer(2089858483,b0f066a214c2f5e87bad3c948f4d605d)
Start importing Assets/Effect/Cartoon FX Remaster/CFXR Assets/Misc/cfxr ParticleFont WashYourHand.asset using Guid(248c4661420fe3d48b7f14d4c8afe6ab) Importer(2089858483,b0f066a214c2f5e87bad3c948f4d605d) (ScriptedImporter) -> (artifact id: '00ab8cb76be75615ffead646cce3a4f6') in 0.0107511 seconds
Number of updated asset objects reloaded before import = 0Number of asset objects unloaded after import = 1

========================================================================
Received Import Request.
  Time since last request: 0.000015 seconds.
  path: Assets/Effect/Cartoon FX Remaster/CFXR Assets/Graphics/cfxr spikes impact dissolve.png
  artifactKey: Guid(1e72721b1694d9941876dee6ff532672) Importer(2089858483,b0f066a214c2f5e87bad3c948f4d605d)
Start importing Assets/Effect/Cartoon FX Remaster/CFXR Assets/Graphics/cfxr spikes impact dissolve.png using Guid(1e72721b1694d9941876dee6ff532672) Importer(2089858483,b0f066a214c2f5e87bad3c948f4d605d) (ScriptedImporter) -> (artifact id: '2516d29bbeba5df64680bac94ec818de') in 0.0159327 seconds
Number of updated asset objects reloaded before import = 0Number of asset objects unloaded after import = 1

========================================================================
Received Import Request.
  Time since last request: 0.000018 seconds.
  path: Assets/Effect/Cartoon FX Remaster/CFXR Assets/Graphics/cfxr smiley angry ab.mat
  artifactKey: Guid(c07041c51f99748459f6c348337b94d1) Importer(2089858483,b0f066a214c2f5e87bad3c948f4d605d)
Start importing Assets/Effect/Cartoon FX Remaster/CFXR Assets/Graphics/cfxr smiley angry ab.mat using Guid(c07041c51f99748459f6c348337b94d1) Importer(2089858483,b0f066a214c2f5e87bad3c948f4d605d) (ScriptedImporter) -> (artifact id: '8f7d3a13437ae78f60d4306600e80590') in 0.0132057 seconds
Number of updated asset objects reloaded before import = 0Number of asset objects unloaded after import = 2

========================================================================
Received Import Request.
  Time since last request: 0.000018 seconds.
  path: Assets/Effect/Cartoon FX Remaster/CFXR Assets/Graphics/cfxr stretch trait hdr ab nosp.mat
  artifactKey: Guid(20fdd157129f03a40ae447534dd4603c) Importer(2089858483,b0f066a214c2f5e87bad3c948f4d605d)
Start importing Assets/Effect/Cartoon FX Remaster/CFXR Assets/Graphics/cfxr stretch trait hdr ab nosp.mat using Guid(20fdd157129f03a40ae447534dd4603c) Importer(2089858483,b0f066a214c2f5e87bad3c948f4d605d) (ScriptedImporter) -> (artifact id: '813d8e4695cbe355f619d062e3d2b740') in 0.0122187 seconds
Number of updated asset objects reloaded before import = 0Number of asset objects unloaded after import = 2

========================================================================
Received Import Request.
  Time since last request: 0.000041 seconds.
  path: Assets/Effect/Cartoon FX Remaster/CFXR Assets/Graphics/cfxr smoke cloud x4 normal.png
  artifactKey: Guid(0608e2018b01b60429ffce642b5c689a) Importer(2089858483,b0f066a214c2f5e87bad3c948f4d605d)
Start importing Assets/Effect/Cartoon FX Remaster/CFXR Assets/Graphics/cfxr smoke cloud x4 normal.png using Guid(0608e2018b01b60429ffce642b5c689a) Importer(2089858483,b0f066a214c2f5e87bad3c948f4d605d) (ScriptedImporter) -> (artifact id: '74bc801013a0a829314d0bbd2121e442') in 0.0143659 seconds
Number of updated asset objects reloaded before import = 0Number of asset objects unloaded after import = 1

========================================================================
Received Import Request.
  Time since last request: 0.000017 seconds.
  path: Assets/Effect/Cartoon FX Remaster/CFXR Assets/Graphics/cfxr skull dissolve.png
  artifactKey: Guid(5141db1a578958c4cb94ff08ee9dbcff) Importer(2089858483,b0f066a214c2f5e87bad3c948f4d605d)
Start importing Assets/Effect/Cartoon FX Remaster/CFXR Assets/Graphics/cfxr skull dissolve.png using Guid(5141db1a578958c4cb94ff08ee9dbcff) Importer(2089858483,b0f066a214c2f5e87bad3c948f4d605d) (ScriptedImporter) -> (artifact id: '91c5c55d1949ab8faa22faa98ae08ce4') in 0.014708 seconds
Number of updated asset objects reloaded before import = 0Number of asset objects unloaded after import = 1

========================================================================
Received Import Request.
  Time since last request: 0.000017 seconds.
  path: Assets/Effect/Cartoon FX Remaster/CFXR Assets/Graphics/cfxr smiley happy.png
  artifactKey: Guid(0316052264c4a3b428cbbd2605699ec2) Importer(2089858483,b0f066a214c2f5e87bad3c948f4d605d)
Start importing Assets/Effect/Cartoon FX Remaster/CFXR Assets/Graphics/cfxr smiley happy.png using Guid(0316052264c4a3b428cbbd2605699ec2) Importer(2089858483,b0f066a214c2f5e87bad3c948f4d605d) (ScriptedImporter) -> (artifact id: '76e9d26f23c57bcae13936e409af280e') in 0.0149435 seconds
Number of updated asset objects reloaded before import = 0Number of asset objects unloaded after import = 1

========================================================================
Received Import Request.
  Time since last request: 0.000021 seconds.
  path: Assets/Effect/Cartoon FX Remaster/CFXR Assets/Graphics/cfxr skull dissolve alt.png
  artifactKey: Guid(e836bd489a87ea7488ab2754f292ffdc) Importer(2089858483,b0f066a214c2f5e87bad3c948f4d605d)
Start importing Assets/Effect/Cartoon FX Remaster/CFXR Assets/Graphics/cfxr skull dissolve alt.png using Guid(e836bd489a87ea7488ab2754f292ffdc) Importer(2089858483,b0f066a214c2f5e87bad3c948f4d605d) (ScriptedImporter) -> (artifact id: 'd39aace854929b4dd5e220ab2d0ed279') in 0.0176971 seconds
Number of updated asset objects reloaded before import = 0Number of asset objects unloaded after import = 1

========================================================================
Received Import Request.
  Time since last request: 0.000018 seconds.
  path: Assets/Effect/Cartoon FX Remaster/CFXR Assets/Graphics/cfxr sword trail noise bubbles.png
  artifactKey: Guid(b0c552b9a0531564dbf486ea02aab0e8) Importer(2089858483,b0f066a214c2f5e87bad3c948f4d605d)
Start importing Assets/Effect/Cartoon FX Remaster/CFXR Assets/Graphics/cfxr sword trail noise bubbles.png using Guid(b0c552b9a0531564dbf486ea02aab0e8) Importer(2089858483,b0f066a214c2f5e87bad3c948f4d605d) (ScriptedImporter) -> (artifact id: '2e1e53bb9ce50130c1d718d0a4645c5b') in 0.0147491 seconds
Number of updated asset objects reloaded before import = 0Number of asset objects unloaded after import = 1

========================================================================
Received Import Request.
  Time since last request: 0.000033 seconds.
  path: Assets/Effect/Cartoon FX Remaster/CFXR Assets/Misc/cfxr font WashYourHand.png
  artifactKey: Guid(09e4c6a7d75923945afe43953ef58ad2) Importer(2089858483,b0f066a214c2f5e87bad3c948f4d605d)
Start importing Assets/Effect/Cartoon FX Remaster/CFXR Assets/Misc/cfxr font WashYourHand.png using Guid(09e4c6a7d75923945afe43953ef58ad2) Importer(2089858483,b0f066a214c2f5e87bad3c948f4d605d) (ScriptedImporter) -> (artifact id: 'a8c89b34ed93f46263e4cc6886f81e32') in 0.070271 seconds
Number of updated asset objects reloaded before import = 0Number of asset objects unloaded after import = 70

========================================================================
Received Import Request.
  Time since last request: 0.000017 seconds.
  path: Assets/Effect/Cartoon FX Remaster/CFXR Assets/Graphics/cfxr stretch rectangle ray blur add.mat
  artifactKey: Guid(0a760562f145a5643b3f7f0a60377141) Importer(2089858483,b0f066a214c2f5e87bad3c948f4d605d)
Start importing Assets/Effect/Cartoon FX Remaster/CFXR Assets/Graphics/cfxr stretch rectangle ray blur add.mat using Guid(0a760562f145a5643b3f7f0a60377141) Importer(2089858483,b0f066a214c2f5e87bad3c948f4d605d) (ScriptedImporter) -> (artifact id: '36fcceba317de80ee31bdb15288a67b7') in 0.016255 seconds
Number of updated asset objects reloaded before import = 0Number of asset objects unloaded after import = 2

========================================================================
Received Import Request.
  Time since last request: 0.000017 seconds.
  path: Assets/Effect/Cartoon FX Remaster/CFXR Assets/Meshes/cfxr mesh ring.fbx
  artifactKey: Guid(fd9225d663ccb334dbfa1e5255190553) Importer(2089858483,b0f066a214c2f5e87bad3c948f4d605d)
Start importing Assets/Effect/Cartoon FX Remaster/CFXR Assets/Meshes/cfxr mesh ring.fbx using Guid(fd9225d663ccb334dbfa1e5255190553) Importer(2089858483,b0f066a214c2f5e87bad3c948f4d605d) (ScriptedImporter) -> (artifact id: '15834f8cf873ece2bbd562ff480e289e') in 0.070795 seconds
Number of updated asset objects reloaded before import = 0Number of asset objects unloaded after import = 7

========================================================================
Received Import Request.
  Time since last request: 0.000020 seconds.
  path: Assets/Effect/Cartoon FX Remaster/CFXR Assets/Graphics/cfxr screen distortion ring.mat
  artifactKey: Guid(79f345c78339add488a435e22037fc87) Importer(2089858483,b0f066a214c2f5e87bad3c948f4d605d)
Start importing Assets/Effect/Cartoon FX Remaster/CFXR Assets/Graphics/cfxr screen distortion ring.mat using Guid(79f345c78339add488a435e22037fc87) Importer(2089858483,b0f066a214c2f5e87bad3c948f4d605d) (ScriptedImporter) -> (artifact id: 'd47c864a0f793eb32b357ddb456b820f') in 0.0300225 seconds
Number of updated asset objects reloaded before import = 0Number of asset objects unloaded after import = 2

========================================================================
Received Import Request.
  Time since last request: 0.000024 seconds.
  path: Assets/Effect/Cartoon FX Remaster/CFXR Assets/Meshes/cfxr mesh sword_slashes.fbx
  artifactKey: Guid(e82f2cbd6def7ff4c98963f706f00d3e) Importer(2089858483,b0f066a214c2f5e87bad3c948f4d605d)
Start importing Assets/Effect/Cartoon FX Remaster/CFXR Assets/Meshes/cfxr mesh sword_slashes.fbx using Guid(e82f2cbd6def7ff4c98963f706f00d3e) Importer(2089858483,b0f066a214c2f5e87bad3c948f4d605d) (ScriptedImporter) -> (artifact id: '9389cd089cbc32b25d4db5431bff30d7') in 0.0207785 seconds
Number of updated asset objects reloaded before import = 0Number of asset objects unloaded after import = 54

========================================================================
Received Import Request.
  Time since last request: 0.000015 seconds.
  path: Assets/Effect/Cartoon FX Remaster/CFXR Assets/Graphics/cfxr sword trail ice.mat
  artifactKey: Guid(5e2873ecce8ff4d438870b16c581b2e9) Importer(2089858483,b0f066a214c2f5e87bad3c948f4d605d)
Start importing Assets/Effect/Cartoon FX Remaster/CFXR Assets/Graphics/cfxr sword trail ice.mat using Guid(5e2873ecce8ff4d438870b16c581b2e9) Importer(2089858483,b0f066a214c2f5e87bad3c948f4d605d) (ScriptedImporter) -> (artifact id: 'e92d4c11e4c4f9daede70c2340bb1b32') in 0.017533 seconds
Number of updated asset objects reloaded before import = 0Number of asset objects unloaded after import = 4

========================================================================
Received Import Request.
  Time since last request: 0.000022 seconds.
  path: Assets/Effect/Cartoon FX Remaster/CFXR Assets/Misc/cfxr ParticleFont AmazGoDaBold.asset
  artifactKey: Guid(6107d49d5744fb24eb855f7abb997756) Importer(2089858483,b0f066a214c2f5e87bad3c948f4d605d)
Start importing Assets/Effect/Cartoon FX Remaster/CFXR Assets/Misc/cfxr ParticleFont AmazGoDaBold.asset using Guid(6107d49d5744fb24eb855f7abb997756) Importer(2089858483,b0f066a214c2f5e87bad3c948f4d605d) (ScriptedImporter) -> (artifact id: 'b9e2b8382268c9630d7ed2320157f7d6') in 0.0128135 seconds
Number of updated asset objects reloaded before import = 0Number of asset objects unloaded after import = 1

========================================================================
Received Import Request.
  Time since last request: 0.000018 seconds.
  path: Assets/Effect/Cartoon FX Remaster/CFXR Assets/Graphics/cfxr stretch smoke fume.png
  artifactKey: Guid(b3844cb7852127d4e9b11bf32b43ceda) Importer(2089858483,b0f066a214c2f5e87bad3c948f4d605d)
Start importing Assets/Effect/Cartoon FX Remaster/CFXR Assets/Graphics/cfxr stretch smoke fume.png using Guid(b3844cb7852127d4e9b11bf32b43ceda) Importer(2089858483,b0f066a214c2f5e87bad3c948f4d605d) (ScriptedImporter) -> (artifact id: '47c331c5277364b962ee9c4a0bf56c36') in 0.0180094 seconds
Number of updated asset objects reloaded before import = 0Number of asset objects unloaded after import = 1

========================================================================
Received Import Request.
  Time since last request: 0.000017 seconds.
  path: Assets/Effect/Cartoon FX Remaster/CFXR Assets/Graphics/cfxr stretch sipkes blur x2.png
  artifactKey: Guid(646bf55dbf79b3f449a60721bdc705f7) Importer(2089858483,b0f066a214c2f5e87bad3c948f4d605d)
Start importing Assets/Effect/Cartoon FX Remaster/CFXR Assets/Graphics/cfxr stretch sipkes blur x2.png using Guid(646bf55dbf79b3f449a60721bdc705f7) Importer(2089858483,b0f066a214c2f5e87bad3c948f4d605d) (ScriptedImporter) -> (artifact id: '486f4043492b5bc6e6964f5cb1ec34c0') in 0.0135344 seconds
Number of updated asset objects reloaded before import = 0Number of asset objects unloaded after import = 1

========================================================================
Received Import Request.
  Time since last request: 0.000021 seconds.
  path: Assets/Effect/Cartoon FX Remaster/CFXR Assets/Graphics/cfxr screen distortion perlin.png
  artifactKey: Guid(938e85c994e3c604d806f2597900cc97) Importer(2089858483,b0f066a214c2f5e87bad3c948f4d605d)
Start importing Assets/Effect/Cartoon FX Remaster/CFXR Assets/Graphics/cfxr screen distortion perlin.png using Guid(938e85c994e3c604d806f2597900cc97) Importer(2089858483,b0f066a214c2f5e87bad3c948f4d605d) (ScriptedImporter) -> (artifact id: '0050b5bb5b00ffcc141b8ae7a9a84086') in 0.0133147 seconds
Number of updated asset objects reloaded before import = 0Number of asset objects unloaded after import = 1

========================================================================
Received Import Request.
  Time since last request: 0.000016 seconds.
  path: Assets/Effect/Cartoon FX Remaster/CFXR Assets/Graphics/cfxr smiley happy ab.mat
  artifactKey: Guid(369528a8e86340647aa15194b2aee375) Importer(2089858483,b0f066a214c2f5e87bad3c948f4d605d)
Start importing Assets/Effect/Cartoon FX Remaster/CFXR Assets/Graphics/cfxr smiley happy ab.mat using Guid(369528a8e86340647aa15194b2aee375) Importer(2089858483,b0f066a214c2f5e87bad3c948f4d605d) (ScriptedImporter) -> (artifact id: '71c2215e50e868c5753c69f2692a7df3') in 0.0156836 seconds
Number of updated asset objects reloaded before import = 0Number of asset objects unloaded after import = 2

========================================================================
Received Import Request.
  Time since last request: 0.000019 seconds.
  path: Assets/Effect/Cartoon FX Remaster/CFXR Assets/Graphics/cfxr screen distortion debug.png
  artifactKey: Guid(6f7b16d6f942a47449cc79337706918f) Importer(2089858483,b0f066a214c2f5e87bad3c948f4d605d)
Start importing Assets/Effect/Cartoon FX Remaster/CFXR Assets/Graphics/cfxr screen distortion debug.png using Guid(6f7b16d6f942a47449cc79337706918f) Importer(2089858483,b0f066a214c2f5e87bad3c948f4d605d) (ScriptedImporter) -> (artifact id: 'c58ee42f428887d66d1bf9426b738f59') in 0.0125828 seconds
Number of updated asset objects reloaded before import = 0Number of asset objects unloaded after import = 1

========================================================================
Received Import Request.
  Time since last request: 0.000018 seconds.
  path: Assets/Effect/Cartoon FX Remaster/CFXR Assets/Graphics/cfxr sword trail ice thin.mat
  artifactKey: Guid(2297254cc96f53141bb29fae4fcca6ea) Importer(2089858483,b0f066a214c2f5e87bad3c948f4d605d)
Start importing Assets/Effect/Cartoon FX Remaster/CFXR Assets/Graphics/cfxr sword trail ice thin.mat using Guid(2297254cc96f53141bb29fae4fcca6ea) Importer(2089858483,b0f066a214c2f5e87bad3c948f4d605d) (ScriptedImporter) -> (artifact id: '588cbfa2e11c1be4bf8c7961eb2a60d3') in 0.0139809 seconds
Number of updated asset objects reloaded before import = 0Number of asset objects unloaded after import = 4

========================================================================
Received Import Request.
  Time since last request: 0.000022 seconds.
  path: Assets/Effect/Cartoon FX Remaster/CFXR Assets/Graphics/cfxr stretch triangle fade ab.mat
  artifactKey: Guid(fa101072e5a628f439ecf55c03dfe940) Importer(2089858483,b0f066a214c2f5e87bad3c948f4d605d)
Start importing Assets/Effect/Cartoon FX Remaster/CFXR Assets/Graphics/cfxr stretch triangle fade ab.mat using Guid(fa101072e5a628f439ecf55c03dfe940) Importer(2089858483,b0f066a214c2f5e87bad3c948f4d605d) (ScriptedImporter) -> (artifact id: '833d837f5074dd5a161f987ed9c0eb32') in 0.0130067 seconds
Number of updated asset objects reloaded before import = 0Number of asset objects unloaded after import = 2

========================================================================
Received Import Request.
  Time since last request: 0.000032 seconds.
  path: Assets/Effect/Cartoon FX Remaster/CFXR Assets/Graphics/cfxr smiley smile.png
  artifactKey: Guid(e0920f0cd8cdcc54dae4bf8edd8797b2) Importer(2089858483,b0f066a214c2f5e87bad3c948f4d605d)
Start importing Assets/Effect/Cartoon FX Remaster/CFXR Assets/Graphics/cfxr smiley smile.png using Guid(e0920f0cd8cdcc54dae4bf8edd8797b2) Importer(2089858483,b0f066a214c2f5e87bad3c948f4d605d) (ScriptedImporter) -> (artifact id: '0a392978430c1256f732a23f695be650') in 0.0142246 seconds
Number of updated asset objects reloaded before import = 0Number of asset objects unloaded after import = 1

========================================================================
Received Import Request.
  Time since last request: 0.000032 seconds.
  path: Assets/Effect/Eric VFX Studio/Resource/Materials/flare_b_W01.mat
  artifactKey: Guid(0c946f867985fe14e802aeaac7455af2) Importer(2089858483,b0f066a214c2f5e87bad3c948f4d605d)
Start importing Assets/Effect/Eric VFX Studio/Resource/Materials/flare_b_W01.mat using Guid(0c946f867985fe14e802aeaac7455af2) Importer(2089858483,b0f066a214c2f5e87bad3c948f4d605d) (ScriptedImporter) -> (artifact id: 'a01ec1b9993e2efe5aca4cfe16bbe8fc') in 0.0139684 seconds
Number of updated asset objects reloaded before import = 0Number of asset objects unloaded after import = 2

========================================================================
Received Import Request.
  Time since last request: 0.000017 seconds.
  path: Assets/Effect/Cartoon FX Remaster/CFXR Prefabs/Misc/CFXR Flash.prefab
  artifactKey: Guid(59a35ab9f68edff40b6e5332bed330f5) Importer(2089858483,b0f066a214c2f5e87bad3c948f4d605d)
Start importing Assets/Effect/Cartoon FX Remaster/CFXR Prefabs/Misc/CFXR Flash.prefab using Guid(59a35ab9f68edff40b6e5332bed330f5) Importer(2089858483,b0f066a214c2f5e87bad3c948f4d605d) (ScriptedImporter) -> (artifact id: '3501de6590d113127aced9cebd8272bc') in 0.0798819 seconds
Number of updated asset objects reloaded before import = 0Number of asset objects unloaded after import = 26

========================================================================
Received Import Request.
  Time since last request: 0.000021 seconds.
  path: Assets/Effect/Cartoon FX Remaster/CFXR Prefabs/Misc/CFXR3 Ambient Glows.prefab
  artifactKey: Guid(3801a320e9ae1bf44a14efa194c86c3f) Importer(2089858483,b0f066a214c2f5e87bad3c948f4d605d)
Start importing Assets/Effect/Cartoon FX Remaster/CFXR Prefabs/Misc/CFXR3 Ambient Glows.prefab using Guid(3801a320e9ae1bf44a14efa194c86c3f) Importer(2089858483,b0f066a214c2f5e87bad3c948f4d605d) (ScriptedImporter) -> (artifact id: 'e2c0aefa6c218723f08f94d5ab6dd793') in 0.0270746 seconds
Number of updated asset objects reloaded before import = 0Number of asset objects unloaded after import = 7

========================================================================
Received Import Request.
  Time since last request: 0.000028 seconds.
  path: Assets/Effect/Eric VFX Studio/Resource/Textures/glow_yellow_01.png
  artifactKey: Guid(0b512af7d1c07bc4dae89d450c8ef27f) Importer(2089858483,b0f066a214c2f5e87bad3c948f4d605d)
Start importing Assets/Effect/Eric VFX Studio/Resource/Textures/glow_yellow_01.png using Guid(0b512af7d1c07bc4dae89d450c8ef27f) Importer(2089858483,b0f066a214c2f5e87bad3c948f4d605d) (ScriptedImporter) -> (artifact id: '2df576d868df3d0a9748b93cc634c46b') in 0.0138701 seconds
Number of updated asset objects reloaded before import = 0Number of asset objects unloaded after import = 1

========================================================================
Received Import Request.
  Time since last request: 0.000014 seconds.
  path: Assets/Effect/Eric VFX Studio/Resource/Materials/glow_green3tail_2.mat
  artifactKey: Guid(d2ef3d4f7d0eb5e4183e8e60c2b7dacf) Importer(2089858483,b0f066a214c2f5e87bad3c948f4d605d)
Start importing Assets/Effect/Eric VFX Studio/Resource/Materials/glow_green3tail_2.mat using Guid(d2ef3d4f7d0eb5e4183e8e60c2b7dacf) Importer(2089858483,b0f066a214c2f5e87bad3c948f4d605d) (ScriptedImporter) -> (artifact id: 'b56f619d07a9eecbe9786e5851cf17df') in 0.0128413 seconds
Number of updated asset objects reloaded before import = 0Number of asset objects unloaded after import = 2

========================================================================
Received Import Request.
  Time since last request: 0.000017 seconds.
  path: Assets/Effect/Cartoon FX Remaster/CFXR Prefabs/Texts/CFXR3 _WOW_.prefab
  artifactKey: Guid(1e54877675f6e4a46ad7ca7c4d7a5bf6) Importer(2089858483,b0f066a214c2f5e87bad3c948f4d605d)
Start importing Assets/Effect/Cartoon FX Remaster/CFXR Prefabs/Texts/CFXR3 _WOW_.prefab using Guid(1e54877675f6e4a46ad7ca7c4d7a5bf6) Importer(2089858483,b0f066a214c2f5e87bad3c948f4d605d) (ScriptedImporter) -> (artifact id: '786d0770d6785daa14f40df638d2a367') in 0.0302353 seconds
Number of updated asset objects reloaded before import = 0Number of asset objects unloaded after import = 23

========================================================================
Received Import Request.
  Time since last request: 0.000015 seconds.
  path: Assets/Effect/Eric VFX Studio/Resource/Mesh/Summon_Cylinder01.FBX
  artifactKey: Guid(035eddf101dfab24d942909e3f92b0b6) Importer(2089858483,b0f066a214c2f5e87bad3c948f4d605d)
Start importing Assets/Effect/Eric VFX Studio/Resource/Mesh/Summon_Cylinder01.FBX using Guid(035eddf101dfab24d942909e3f92b0b6) Importer(2089858483,b0f066a214c2f5e87bad3c948f4d605d) (ScriptedImporter) -> (artifact id: 'e00373b326453dce606c14e2b66f5c61') in 0.0161112 seconds
Number of updated asset objects reloaded before import = 0Number of asset objects unloaded after import = 7

========================================================================
Received Import Request.
  Time since last request: 0.000016 seconds.
  path: Assets/Effect/Cartoon FX Remaster/CFXR Prefabs/Ice/CFXR3 Hit Ice B (Air).prefab
  artifactKey: Guid(6f34ef0d986e9db4199cf75805f79753) Importer(2089858483,b0f066a214c2f5e87bad3c948f4d605d)
Start importing Assets/Effect/Cartoon FX Remaster/CFXR Prefabs/Ice/CFXR3 Hit Ice B (Air).prefab using Guid(6f34ef0d986e9db4199cf75805f79753) Importer(2089858483,b0f066a214c2f5e87bad3c948f4d605d) (ScriptedImporter) -> (artifact id: 'a83d0fdc0df5e23db5173edbf707849f') in 0.0345347 seconds
Number of updated asset objects reloaded before import = 0Number of asset objects unloaded after import = 29

========================================================================
Received Import Request.
  Time since last request: 0.000027 seconds.
  path: Assets/Effect/Eric VFX Studio/Free Game VFX/Prefab/FX_LootDrop_Blue.prefab
  artifactKey: Guid(fb3b9b0b33d48c64c8c11e01dbe71caa) Importer(2089858483,b0f066a214c2f5e87bad3c948f4d605d)
Start importing Assets/Effect/Eric VFX Studio/Free Game VFX/Prefab/FX_LootDrop_Blue.prefab using Guid(fb3b9b0b33d48c64c8c11e01dbe71caa) Importer(2089858483,b0f066a214c2f5e87bad3c948f4d605d) (ScriptedImporter) -> (artifact id: '5abf50ad21793beebc5db0f658569179') in 0.0309045 seconds
Number of updated asset objects reloaded before import = 0Number of asset objects unloaded after import = 47

========================================================================
Received Import Request.
  Time since last request: 0.000018 seconds.
  path: Assets/Effect/Eric VFX Studio/Resource/Textures/bl_02-3.png
  artifactKey: Guid(bbcff3111747475418d8a55984a349c4) Importer(2089858483,b0f066a214c2f5e87bad3c948f4d605d)
Start importing Assets/Effect/Eric VFX Studio/Resource/Textures/bl_02-3.png using Guid(bbcff3111747475418d8a55984a349c4) Importer(2089858483,b0f066a214c2f5e87bad3c948f4d605d) (ScriptedImporter) -> (artifact id: 'a594ba531fe925c0783a80932405edcd') in 0.016255 seconds
Number of updated asset objects reloaded before import = 0Number of asset objects unloaded after import = 1

========================================================================
Received Import Request.
  Time since last request: 0.000016 seconds.
  path: Assets/Effect/Eric VFX Studio/Free Game VFX/Prefab/FX_Fireball.prefab
  artifactKey: Guid(eccbc655050af0b4f81d8db39f84a58e) Importer(2089858483,b0f066a214c2f5e87bad3c948f4d605d)
Start importing Assets/Effect/Eric VFX Studio/Free Game VFX/Prefab/FX_Fireball.prefab using Guid(eccbc655050af0b4f81d8db39f84a58e) Importer(2089858483,b0f066a214c2f5e87bad3c948f4d605d) (ScriptedImporter) -> (artifact id: '420a9e586bf7d7e3d5cfa48af9b1b54c') in 0.0409818 seconds
Number of updated asset objects reloaded before import = 0Number of asset objects unloaded after import = 51

========================================================================
Received Import Request.
  Time since last request: 0.000020 seconds.
  path: Assets/Effect/Eric VFX Studio/Resource/Textures/A35.png
  artifactKey: Guid(acbb6ee94ea96f449b0c62cacb2c847f) Importer(2089858483,b0f066a214c2f5e87bad3c948f4d605d)
Start importing Assets/Effect/Eric VFX Studio/Resource/Textures/A35.png using Guid(acbb6ee94ea96f449b0c62cacb2c847f) Importer(2089858483,b0f066a214c2f5e87bad3c948f4d605d) (ScriptedImporter) -> (artifact id: '0cf504718d9947783fa83c1d50dbb8ad') in 0.0134493 seconds
Number of updated asset objects reloaded before import = 0Number of asset objects unloaded after import = 1

========================================================================
Received Import Request.
  Time since last request: 0.000019 seconds.
  path: Assets/Effect/Eric VFX Studio/Resource/Textures/light_Y.png
  artifactKey: Guid(a4a404c5126761d44b95d25c52dfdc32) Importer(2089858483,b0f066a214c2f5e87bad3c948f4d605d)
Start importing Assets/Effect/Eric VFX Studio/Resource/Textures/light_Y.png using Guid(a4a404c5126761d44b95d25c52dfdc32) Importer(2089858483,b0f066a214c2f5e87bad3c948f4d605d) (ScriptedImporter) -> (artifact id: 'd0b0b1187e43eb9f94d59f594d123ec7') in 0.0111494 seconds
Number of updated asset objects reloaded before import = 0Number of asset objects unloaded after import = 1

========================================================================
Received Import Request.
  Time since last request: 0.000035 seconds.
  path: Assets/Effect/Eric VFX Studio/Resource/Materials/particle_sprite_01.mat
  artifactKey: Guid(4882dba7e8d77964ba07e9302159e845) Importer(2089858483,b0f066a214c2f5e87bad3c948f4d605d)
Start importing Assets/Effect/Eric VFX Studio/Resource/Materials/particle_sprite_01.mat using Guid(4882dba7e8d77964ba07e9302159e845) Importer(2089858483,b0f066a214c2f5e87bad3c948f4d605d) (ScriptedImporter) -> (artifact id: 'fe9c78020b041136c27df75dfd057edb') in 0.0124123 seconds
Number of updated asset objects reloaded before import = 0Number of asset objects unloaded after import = 2

========================================================================
Received Import Request.
  Time since last request: 0.000018 seconds.
  path: Assets/Effect/Eric VFX Studio/Resource/Textures/Default-Particle.png
  artifactKey: Guid(2b9c2309eda4c4ace9a7c9d51ad432e0) Importer(2089858483,b0f066a214c2f5e87bad3c948f4d605d)
Start importing Assets/Effect/Eric VFX Studio/Resource/Textures/Default-Particle.png using Guid(2b9c2309eda4c4ace9a7c9d51ad432e0) Importer(2089858483,b0f066a214c2f5e87bad3c948f4d605d) (ScriptedImporter) -> (artifact id: '237d74d9256aa2648b7077fb3bda15e6') in 0.0125425 seconds
Number of updated asset objects reloaded before import = 0Number of asset objects unloaded after import = 1

========================================================================
Received Import Request.
  Time since last request: 0.000017 seconds.
  path: Assets/Effect/Eric VFX Studio/Resource/Textures/FlameDecal04.png
  artifactKey: Guid(51a1df77a4cdc45469effd624fdb1def) Importer(2089858483,b0f066a214c2f5e87bad3c948f4d605d)
Start importing Assets/Effect/Eric VFX Studio/Resource/Textures/FlameDecal04.png using Guid(51a1df77a4cdc45469effd624fdb1def) Importer(2089858483,b0f066a214c2f5e87bad3c948f4d605d) (ScriptedImporter) -> (artifact id: 'b45c3ea2e871d1f259e8848afdddd2b7') in 0.0168852 seconds
Number of updated asset objects reloaded before import = 0Number of asset objects unloaded after import = 1

========================================================================
Received Import Request.
  Time since last request: 0.000017 seconds.
  path: Assets/Effect/Cartoon FX Remaster/CFXR Prefabs/Impacts/CFXR2 Ground Hit.prefab
  artifactKey: Guid(87ee7299dd44ed747af24dbb91bcd33b) Importer(2089858483,b0f066a214c2f5e87bad3c948f4d605d)
Start importing Assets/Effect/Cartoon FX Remaster/CFXR Prefabs/Impacts/CFXR2 Ground Hit.prefab using Guid(87ee7299dd44ed747af24dbb91bcd33b) Importer(2089858483,b0f066a214c2f5e87bad3c948f4d605d) (ScriptedImporter) -> (artifact id: '47ecfc2d913b212300a6c1798611112e') in 0.0299201 seconds
Number of updated asset objects reloaded before import = 0Number of asset objects unloaded after import = 12

========================================================================
Received Import Request.
  Time since last request: 0.000019 seconds.
  path: Assets/Effect/Eric VFX Studio/Resource/Mesh/sphere_8pl.fbx
  artifactKey: Guid(63159ad6ffca56c448548dbed4985af6) Importer(2089858483,b0f066a214c2f5e87bad3c948f4d605d)
Start importing Assets/Effect/Eric VFX Studio/Resource/Mesh/sphere_8pl.fbx using Guid(63159ad6ffca56c448548dbed4985af6) Importer(2089858483,b0f066a214c2f5e87bad3c948f4d605d) (ScriptedImporter) -> (artifact id: 'd4bd5d69f73c64dbebd1b8a845b00946') in 0.0144703 seconds
Number of updated asset objects reloaded before import = 0Number of asset objects unloaded after import = 7

========================================================================
Received Import Request.
  Time since last request: 0.000028 seconds.
  path: Assets/Effect/Eric VFX Studio/Resource/Animator/FX_Weapon Effect.controller
  artifactKey: Guid(7383df45a82a92b4fae189af0807eb92) Importer(2089858483,b0f066a214c2f5e87bad3c948f4d605d)
Start importing Assets/Effect/Eric VFX Studio/Resource/Animator/FX_Weapon Effect.controller using Guid(7383df45a82a92b4fae189af0807eb92) Importer(2089858483,b0f066a214c2f5e87bad3c948f4d605d) (ScriptedImporter) -> (artifact id: '35d899d8a490af8c510acf2dfd1a4fed') in 0.0104991 seconds
Number of updated asset objects reloaded before import = 0Number of asset objects unloaded after import = 4

========================================================================
Received Import Request.
  Time since last request: 0.000016 seconds.
  path: Assets/Effect/Eric VFX Studio/Resource/Textures/gr_06.png
  artifactKey: Guid(9a2ec352c6c78794a9665351e912eb0c) Importer(2089858483,b0f066a214c2f5e87bad3c948f4d605d)
Start importing Assets/Effect/Eric VFX Studio/Resource/Textures/gr_06.png using Guid(9a2ec352c6c78794a9665351e912eb0c) Importer(2089858483,b0f066a214c2f5e87bad3c948f4d605d) (ScriptedImporter) -> (artifact id: 'b2288e1b879bec6a9a98f8ea6dc18493') in 0.0141758 seconds
Number of updated asset objects reloaded before import = 0Number of asset objects unloaded after import = 1

========================================================================
Received Import Request.
  Time since last request: 0.000016 seconds.
  path: Assets/Effect/Eric VFX Studio/Resource/Materials/Dust54.mat
  artifactKey: Guid(1f40960d3fd338c4aaa5557c5532a05b) Importer(2089858483,b0f066a214c2f5e87bad3c948f4d605d)
Start importing Assets/Effect/Eric VFX Studio/Resource/Materials/Dust54.mat using Guid(1f40960d3fd338c4aaa5557c5532a05b) Importer(2089858483,b0f066a214c2f5e87bad3c948f4d605d) (ScriptedImporter) -> (artifact id: 'af969f298677554ec68273819aef2f5b') in 0.0122253 seconds
Number of updated asset objects reloaded before import = 0Number of asset objects unloaded after import = 2

========================================================================
Received Import Request.
  Time since last request: 0.000017 seconds.
  path: Assets/Effect/Eric VFX Studio/Resource/Materials/trail05.mat
  artifactKey: Guid(1e4ac2eaf996df74a91d77a926b54e00) Importer(2089858483,b0f066a214c2f5e87bad3c948f4d605d)
Start importing Assets/Effect/Eric VFX Studio/Resource/Materials/trail05.mat using Guid(1e4ac2eaf996df74a91d77a926b54e00) Importer(2089858483,b0f066a214c2f5e87bad3c948f4d605d) (ScriptedImporter) -> (artifact id: 'b90bd8e53fd12fb7325e63be062d0aab') in 0.0119807 seconds
Number of updated asset objects reloaded before import = 0Number of asset objects unloaded after import = 2

========================================================================
Received Import Request.
  Time since last request: 0.000020 seconds.
  path: Assets/Effect/Eric VFX Studio/Free Game VFX/Prefab/FX_Greenlight_shrink.prefab
  artifactKey: Guid(6c52ee79710704a4dab242c5ba8e0408) Importer(2089858483,b0f066a214c2f5e87bad3c948f4d605d)
Start importing Assets/Effect/Eric VFX Studio/Free Game VFX/Prefab/FX_Greenlight_shrink.prefab using Guid(6c52ee79710704a4dab242c5ba8e0408) Importer(2089858483,b0f066a214c2f5e87bad3c948f4d605d) (ScriptedImporter) -> (artifact id: '5fc222c37f602511458ff5b406199067') in 0.0320073 seconds
Number of updated asset objects reloaded before import = 0Number of asset objects unloaded after import = 35

========================================================================
Received Import Request.
  Time since last request: 0.000034 seconds.
  path: Assets/Effect/Cartoon FX Remaster/CFXR Prefabs/Misc/CFXR2 Broken Heart.prefab
  artifactKey: Guid(7c2a9b83b809a0848915fabd9596b68b) Importer(2089858483,b0f066a214c2f5e87bad3c948f4d605d)
Start importing Assets/Effect/Cartoon FX Remaster/CFXR Prefabs/Misc/CFXR2 Broken Heart.prefab using Guid(7c2a9b83b809a0848915fabd9596b68b) Importer(2089858483,b0f066a214c2f5e87bad3c948f4d605d) (ScriptedImporter) -> (artifact id: 'cabe1285b7c6b77c5521676837f0a932') in 0.0290054 seconds
Number of updated asset objects reloaded before import = 0Number of asset objects unloaded after import = 31

========================================================================
Received Import Request.
  Time since last request: 0.000017 seconds.
  path: Assets/Effect/Cartoon FX Remaster/CFXR Prefabs/Light/CFXR3 Hit Light B (Air).prefab
  artifactKey: Guid(bbf9e36a48d6c5648a13889afab076fd) Importer(2089858483,b0f066a214c2f5e87bad3c948f4d605d)
Start importing Assets/Effect/Cartoon FX Remaster/CFXR Prefabs/Light/CFXR3 Hit Light B (Air).prefab using Guid(bbf9e36a48d6c5648a13889afab076fd) Importer(2089858483,b0f066a214c2f5e87bad3c948f4d605d) (ScriptedImporter) -> (artifact id: 'b7ccdeca1062fdd9f428b125cc48ec74') in 0.0298451 seconds
Number of updated asset objects reloaded before import = 0Number of asset objects unloaded after import = 24

========================================================================
Received Import Request.
  Time since last request: 0.000016 seconds.
  path: Assets/Effect/Cartoon FX Remaster/CFXR Prefabs/Liquids/CFXR2 Blood (Directional).prefab
  artifactKey: Guid(8f8fe12323625f5499b2853dd2ad3e58) Importer(2089858483,b0f066a214c2f5e87bad3c948f4d605d)
Start importing Assets/Effect/Cartoon FX Remaster/CFXR Prefabs/Liquids/CFXR2 Blood (Directional).prefab using Guid(8f8fe12323625f5499b2853dd2ad3e58) Importer(2089858483,b0f066a214c2f5e87bad3c948f4d605d) (ScriptedImporter) -> (artifact id: '0503fca6091b948826fb302e9a32ba8f') in 0.0304071 seconds
Number of updated asset objects reloaded before import = 0Number of asset objects unloaded after import = 11

========================================================================
Received Import Request.
  Time since last request: 0.000021 seconds.
  path: Assets/Effect/Eric VFX Studio/Resource/Mesh/Eric_HalfSphere000.FBX
  artifactKey: Guid(192cd2224047f8c439068909fa5fbad5) Importer(2089858483,b0f066a214c2f5e87bad3c948f4d605d)
Start importing Assets/Effect/Eric VFX Studio/Resource/Mesh/Eric_HalfSphere000.FBX using Guid(192cd2224047f8c439068909fa5fbad5) Importer(2089858483,b0f066a214c2f5e87bad3c948f4d605d) (ScriptedImporter) -> (artifact id: '87489ea42f22567eff68561fce6c0539') in 0.0136882 seconds
Number of updated asset objects reloaded before import = 0Number of asset objects unloaded after import = 7

========================================================================
Received Import Request.
  Time since last request: 0.000031 seconds.
  path: Assets/Effect/Eric VFX Studio/Resource/Materials/ring_03a.mat
  artifactKey: Guid(cededfd4febec0a40b22f99e2b9acb18) Importer(2089858483,b0f066a214c2f5e87bad3c948f4d605d)
Start importing Assets/Effect/Eric VFX Studio/Resource/Materials/ring_03a.mat using Guid(cededfd4febec0a40b22f99e2b9acb18) Importer(2089858483,b0f066a214c2f5e87bad3c948f4d605d) (ScriptedImporter) -> (artifact id: '296cf446e9fbcfb2a8c077f3b61e5ccd') in 0.0150218 seconds
Number of updated asset objects reloaded before import = 0Number of asset objects unloaded after import = 2

========================================================================
Received Import Request.
  Time since last request: 0.000019 seconds.
  path: Assets/Effect/Cartoon FX Remaster/CFXR Prefabs/Liquids/CFXR Water Ripples.prefab
  artifactKey: Guid(5a8d99fb95262ea458a7b580f2a1611c) Importer(2089858483,b0f066a214c2f5e87bad3c948f4d605d)
Start importing Assets/Effect/Cartoon FX Remaster/CFXR Prefabs/Liquids/CFXR Water Ripples.prefab using Guid(5a8d99fb95262ea458a7b580f2a1611c) Importer(2089858483,b0f066a214c2f5e87bad3c948f4d605d) (ScriptedImporter) -> (artifact id: 'b32ad4cd6516901d4ce2234512bf1267') in 0.0269301 seconds
Number of updated asset objects reloaded before import = 0Number of asset objects unloaded after import = 8

========================================================================
Received Import Request.
  Time since last request: 0.000020 seconds.
  path: Assets/Effect/Cartoon FX Remaster/CFXR Prefabs/Misc/CFXR2 Shiny Item (Loop).prefab
  artifactKey: Guid(e2c1ac940434a5242b54d72b66654687) Importer(2089858483,b0f066a214c2f5e87bad3c948f4d605d)
Start importing Assets/Effect/Cartoon FX Remaster/CFXR Prefabs/Misc/CFXR2 Shiny Item (Loop).prefab using Guid(e2c1ac940434a5242b54d72b66654687) Importer(2089858483,b0f066a214c2f5e87bad3c948f4d605d) (ScriptedImporter) -> (artifact id: '9528c9e62067c475b4761371c09532d1') in 0.0332909 seconds
Number of updated asset objects reloaded before import = 0Number of asset objects unloaded after import = 18

========================================================================
Received Import Request.
  Time since last request: 0.000025 seconds.
  path: Assets/Effect/Eric VFX Studio/Resource/Textures/Fx_Glow_004.png
  artifactKey: Guid(f6b1b13d1b38afa4da8448116e0e563b) Importer(2089858483,b0f066a214c2f5e87bad3c948f4d605d)
Start importing Assets/Effect/Eric VFX Studio/Resource/Textures/Fx_Glow_004.png using Guid(f6b1b13d1b38afa4da8448116e0e563b) Importer(2089858483,b0f066a214c2f5e87bad3c948f4d605d) (ScriptedImporter) -> (artifact id: '5af9bd720b760dd4f4532e9d30e6a82f') in 0.0125431 seconds
Number of updated asset objects reloaded before import = 0Number of asset objects unloaded after import = 1

========================================================================
Received Import Request.
  Time since last request: 0.000027 seconds.
  path: Assets/Effect/Cartoon FX Remaster/CFXR Prefabs/Nature/CFXR4 Wind Trails.prefab
  artifactKey: Guid(c248f95ffea8b8543bc7ad0fffe0216d) Importer(2089858483,b0f066a214c2f5e87bad3c948f4d605d)
Start importing Assets/Effect/Cartoon FX Remaster/CFXR Prefabs/Nature/CFXR4 Wind Trails.prefab using Guid(c248f95ffea8b8543bc7ad0fffe0216d) Importer(2089858483,b0f066a214c2f5e87bad3c948f4d605d) (ScriptedImporter) -> (artifact id: '01cfffb232411b722a52f12b349f4354') in 0.0267056 seconds
Number of updated asset objects reloaded before import = 0Number of asset objects unloaded after import = 7

========================================================================
Received Import Request.
  Time since last request: 0.000017 seconds.
  path: Assets/Effect/Eric VFX Studio/Resource/Materials/glowa_hot_grey_9.mat
  artifactKey: Guid(da8202eb7dc0b69408b5fbe47622b873) Importer(2089858483,b0f066a214c2f5e87bad3c948f4d605d)
Start importing Assets/Effect/Eric VFX Studio/Resource/Materials/glowa_hot_grey_9.mat using Guid(da8202eb7dc0b69408b5fbe47622b873) Importer(2089858483,b0f066a214c2f5e87bad3c948f4d605d) (ScriptedImporter) -> (artifact id: '100e67c0b19248e5678c478697c3f574') in 0.0112408 seconds
Number of updated asset objects reloaded before import = 0Number of asset objects unloaded after import = 2

========================================================================
Received Import Request.
  Time since last request: 0.000018 seconds.
  path: Assets/Effect/Eric VFX Studio/Free Game VFX/Prefab/FX_Purple_Hit_02.prefab
  artifactKey: Guid(a2ccf81a1d5b163448ebdf66b5e746d6) Importer(2089858483,b0f066a214c2f5e87bad3c948f4d605d)
Start importing Assets/Effect/Eric VFX Studio/Free Game VFX/Prefab/FX_Purple_Hit_02.prefab using Guid(a2ccf81a1d5b163448ebdf66b5e746d6) Importer(2089858483,b0f066a214c2f5e87bad3c948f4d605d) (ScriptedImporter) -> (artifact id: 'e7b06fe2a578b08cbb8da6f8e0dc76fb') in 0.0282524 seconds
Number of updated asset objects reloaded before import = 0Number of asset objects unloaded after import = 39

========================================================================
Received Import Request.
  Time since last request: 0.000017 seconds.
  path: Assets/Effect/Eric VFX Studio/Resource/Materials/FX_smoke_02.mat
  artifactKey: Guid(07721ce2de6bff445935e700dd091849) Importer(2089858483,b0f066a214c2f5e87bad3c948f4d605d)
Start importing Assets/Effect/Eric VFX Studio/Resource/Materials/FX_smoke_02.mat using Guid(07721ce2de6bff445935e700dd091849) Importer(2089858483,b0f066a214c2f5e87bad3c948f4d605d) (ScriptedImporter) -> (artifact id: 'c59fef67d9ef5059c3160dd5cc9ee1a2') in 0.0115235 seconds
Number of updated asset objects reloaded before import = 0Number of asset objects unloaded after import = 2

========================================================================
Received Import Request.
  Time since last request: 0.000019 seconds.
  path: Assets/Effect/Eric VFX Studio/Resource/Materials/light_Y.mat
  artifactKey: Guid(143393cf14b49c84495ce4b041979228) Importer(2089858483,b0f066a214c2f5e87bad3c948f4d605d)
Start importing Assets/Effect/Eric VFX Studio/Resource/Materials/light_Y.mat using Guid(143393cf14b49c84495ce4b041979228) Importer(2089858483,b0f066a214c2f5e87bad3c948f4d605d) (ScriptedImporter) -> (artifact id: '840daf91bd1781be458fa28a680db1e8') in 0.0119889 seconds
Number of updated asset objects reloaded before import = 0Number of asset objects unloaded after import = 2

========================================================================
Received Import Request.
  Time since last request: 0.000027 seconds.
  path: Assets/Effect/Cartoon FX Remaster/CFXR Prefabs/Misc/CFXR3 Hit Misc F Smoke.prefab
  artifactKey: Guid(9fe8f8b3288e45a44af36ff8aa04486e) Importer(2089858483,b0f066a214c2f5e87bad3c948f4d605d)
Start importing Assets/Effect/Cartoon FX Remaster/CFXR Prefabs/Misc/CFXR3 Hit Misc F Smoke.prefab using Guid(9fe8f8b3288e45a44af36ff8aa04486e) Importer(2089858483,b0f066a214c2f5e87bad3c948f4d605d) (ScriptedImporter) -> (artifact id: 'd1c071d4d1eb3e7e8512436212609186') in 0.0254478 seconds
Number of updated asset objects reloaded before import = 0Number of asset objects unloaded after import = 12

========================================================================
Received Import Request.
  Time since last request: 0.000015 seconds.
  path: Assets/Effect/Cartoon FX Remaster/CFXR Prefabs/Eerie/CFXR2 WW Enemy Explosion.prefab
  artifactKey: Guid(7ec363c8df426644ea85f8d6d570561c) Importer(2089858483,b0f066a214c2f5e87bad3c948f4d605d)
Start importing Assets/Effect/Cartoon FX Remaster/CFXR Prefabs/Eerie/CFXR2 WW Enemy Explosion.prefab using Guid(7ec363c8df426644ea85f8d6d570561c) Importer(2089858483,b0f066a214c2f5e87bad3c948f4d605d) (ScriptedImporter) -> (artifact id: '305c088797862fe9dcba7da96d7e629b') in 0.0315526 seconds
Number of updated asset objects reloaded before import = 0Number of asset objects unloaded after import = 34

========================================================================
Received Import Request.
  Time since last request: 0.000018 seconds.
  path: Assets/Effect/Cartoon FX Remaster/CFXR Prefabs/Explosions/CFXR Explosion Smoke 2 Solo (HDR).prefab
  artifactKey: Guid(4bda94453d2ca7444a0fff05b2d425f5) Importer(2089858483,b0f066a214c2f5e87bad3c948f4d605d)
Start importing Assets/Effect/Cartoon FX Remaster/CFXR Prefabs/Explosions/CFXR Explosion Smoke 2 Solo (HDR).prefab using Guid(4bda94453d2ca7444a0fff05b2d425f5) Importer(2089858483,b0f066a214c2f5e87bad3c948f4d605d) (ScriptedImporter) -> (artifact id: '2908d85a3dbc378c8748ca4452b1c27c') in 0.0265418 seconds
Number of updated asset objects reloaded before import = 0Number of asset objects unloaded after import = 22

========================================================================
Received Import Request.
  Time since last request: 0.000026 seconds.
  path: Assets/Effect/Eric VFX Studio/Free Game VFX/Prefab/FX_Weapon Effect.prefab
  artifactKey: Guid(a5f2e1a561eda814091741bf454dd28c) Importer(2089858483,b0f066a214c2f5e87bad3c948f4d605d)
Start importing Assets/Effect/Eric VFX Studio/Free Game VFX/Prefab/FX_Weapon Effect.prefab using Guid(a5f2e1a561eda814091741bf454dd28c) Importer(2089858483,b0f066a214c2f5e87bad3c948f4d605d) (ScriptedImporter) -> (artifact id: '4756005fef576ced6ea38e7d79441c06') in 0.0319297 seconds
Number of updated asset objects reloaded before import = 0Number of asset objects unloaded after import = 42

========================================================================
Received Import Request.
  Time since last request: 0.000031 seconds.
  path: Assets/Spine/Runtime/spine-unity/Asset Types/SpineSpriteAtlasAsset.cs
  artifactKey: Guid(ce59897dd7e6cbc4690a05ebaf975dff) Importer(2089858483,b0f066a214c2f5e87bad3c948f4d605d)
Start importing Assets/Spine/Runtime/spine-unity/Asset Types/SpineSpriteAtlasAsset.cs using Guid(ce59897dd7e6cbc4690a05ebaf975dff) Importer(2089858483,b0f066a214c2f5e87bad3c948f4d605d) (ScriptedImporter) -> (artifact id: '904cf7abb4fd1d1a7971e43fc3bdec83') in 0.009535 seconds
Number of updated asset objects reloaded before import = 0Number of asset objects unloaded after import = 0

========================================================================
Received Import Request.
  Time since last request: 0.000016 seconds.
  path: Assets/Spine/Runtime/spine-csharp/Attachments/AttachmentType.cs
  artifactKey: Guid(d6b1941960a9f6f47be3e865554d8695) Importer(2089858483,b0f066a214c2f5e87bad3c948f4d605d)
Start importing Assets/Spine/Runtime/spine-csharp/Attachments/AttachmentType.cs using Guid(d6b1941960a9f6f47be3e865554d8695) Importer(2089858483,b0f066a214c2f5e87bad3c948f4d605d) (ScriptedImporter) -> (artifact id: '0636c960ff2498208dabcce63ca18b75') in 0.0086352 seconds
Number of updated asset objects reloaded before import = 0Number of asset objects unloaded after import = 0

========================================================================
Received Import Request.
  Time since last request: 0.000016 seconds.
  path: Assets/Spine/Runtime/spine-csharp/Attachments/RegionAttachment.cs
  artifactKey: Guid(89cefdd024734a941952a05d2b5dff71) Importer(2089858483,b0f066a214c2f5e87bad3c948f4d605d)
Start importing Assets/Spine/Runtime/spine-csharp/Attachments/RegionAttachment.cs using Guid(89cefdd024734a941952a05d2b5dff71) Importer(2089858483,b0f066a214c2f5e87bad3c948f4d605d) (ScriptedImporter) -> (artifact id: 'd5e5c924de78ff05bcbce6a1b83f37b5') in 0.009917 seconds
Number of updated asset objects reloaded before import = 0Number of asset objects unloaded after import = 0

========================================================================
Received Import Request.
  Time since last request: 0.000016 seconds.
  path: Assets/Scripts/Event/Events/CardEvent/CardDrawEvent.cs
  artifactKey: Guid(afb369a5211efbf4c95d3905fb35cafb) Importer(2089858483,b0f066a214c2f5e87bad3c948f4d605d)
Start importing Assets/Scripts/Event/Events/CardEvent/CardDrawEvent.cs using Guid(afb369a5211efbf4c95d3905fb35cafb) Importer(2089858483,b0f066a214c2f5e87bad3c948f4d605d) (ScriptedImporter) -> (artifact id: '6099b305098820a20a1026adc83acd1b') in 0.0104056 seconds
Number of updated asset objects reloaded before import = 0Number of asset objects unloaded after import = 0

========================================================================
Received Import Request.
  Time since last request: 0.000020 seconds.
  path: Assets/Scripts/Game/FSM/State/IdleState.cs
  artifactKey: Guid(eaa147cdb8bedfd4dbb43f83a65dd389) Importer(2089858483,b0f066a214c2f5e87bad3c948f4d605d)
Start importing Assets/Scripts/Game/FSM/State/IdleState.cs using Guid(eaa147cdb8bedfd4dbb43f83a65dd389) Importer(2089858483,b0f066a214c2f5e87bad3c948f4d605d) (ScriptedImporter) -> (artifact id: 'b9cf3313a0255806c6dbb0ea5f3ca9c4') in 0.0087856 seconds
Number of updated asset objects reloaded before import = 0Number of asset objects unloaded after import = 0

========================================================================
Received Import Request.
  Time since last request: 0.000025 seconds.
  path: Assets/Scripts/SDK/Payment/Interface/IPaymentProvider.cs
  artifactKey: Guid(3a5e34c5c7fc2aa43b934d61647104e8) Importer(2089858483,b0f066a214c2f5e87bad3c948f4d605d)
Start importing Assets/Scripts/SDK/Payment/Interface/IPaymentProvider.cs using Guid(3a5e34c5c7fc2aa43b934d61647104e8) Importer(2089858483,b0f066a214c2f5e87bad3c948f4d605d) (ScriptedImporter) -> (artifact id: 'a303453216f7e07535a2be7027e7bcd2') in 0.009941 seconds
Number of updated asset objects reloaded before import = 0Number of asset objects unloaded after import = 0

========================================================================
Received Import Request.
  Time since last request: 0.000016 seconds.
  path: Assets/Scripts/Game/FSM/Factory/StateFactory.cs
  artifactKey: Guid(66ab792ccd1691d4f974944855b201e3) Importer(2089858483,b0f066a214c2f5e87bad3c948f4d605d)
Start importing Assets/Scripts/Game/FSM/Factory/StateFactory.cs using Guid(66ab792ccd1691d4f974944855b201e3) Importer(2089858483,b0f066a214c2f5e87bad3c948f4d605d) (ScriptedImporter) -> (artifact id: '61e7b9b0bf71e4b274594b66c1cb2c0e') in 0.010379 seconds
Number of updated asset objects reloaded before import = 0Number of asset objects unloaded after import = 0

========================================================================
Received Import Request.
  Time since last request: 0.000014 seconds.
  path: Assets/Spine/Runtime/spine-unity/Shaders/Spine-Skeleton-Lit-ZWrite.shader
  artifactKey: Guid(fde05abf1f7be4b4da1caf8c8de1823a) Importer(2089858483,b0f066a214c2f5e87bad3c948f4d605d)
Start importing Assets/Spine/Runtime/spine-unity/Shaders/Spine-Skeleton-Lit-ZWrite.shader using Guid(fde05abf1f7be4b4da1caf8c8de1823a) Importer(2089858483,b0f066a214c2f5e87bad3c948f4d605d) (ScriptedImporter) -> (artifact id: 'd69f97e3ce05775e2f47eeb586ebf0ec') in 0.0120471 seconds
Number of updated asset objects reloaded before import = 0Number of asset objects unloaded after import = 1

========================================================================
Received Import Request.
  Time since last request: 0.000016 seconds.
  path: Assets/Scripts/UI/ToolKit/Inventory/Iventory.uss
  artifactKey: Guid(4401b1d10db000e4c932898677694f84) Importer(2089858483,b0f066a214c2f5e87bad3c948f4d605d)
Start importing Assets/Scripts/UI/ToolKit/Inventory/Iventory.uss using Guid(4401b1d10db000e4c932898677694f84) Importer(2089858483,b0f066a214c2f5e87bad3c948f4d605d) (ScriptedImporter) -> (artifact id: '0a6d205656c476814693151a6b9c4af0') in 0.0118282 seconds
Number of updated asset objects reloaded before import = 0Number of asset objects unloaded after import = 1

========================================================================
Received Import Request.
  Time since last request: 0.000020 seconds.
  path: Assets/Effect/Eric VFX Studio/Resource/Textures/M_Glow_01A.tga
  artifactKey: Guid(c89bef1bada1e49b7b72a50a8bcdf91b) Importer(2089858483,b0f066a214c2f5e87bad3c948f4d605d)
Start importing Assets/Effect/Eric VFX Studio/Resource/Textures/M_Glow_01A.tga using Guid(c89bef1bada1e49b7b72a50a8bcdf91b) Importer(2089858483,b0f066a214c2f5e87bad3c948f4d605d) (ScriptedImporter) -> (artifact id: '136d4ebaa01ce1adacee366abc87da3f') in 0.0142086 seconds
Number of updated asset objects reloaded before import = 0Number of asset objects unloaded after import = 1

========================================================================
Received Import Request.
  Time since last request: 0.000025 seconds.
  path: Assets/Scripts/UI/ToolKit/Inventory/Inventory.uxml
  artifactKey: Guid(8164f828fd675a84a8df497bb43d75a7) Importer(2089858483,b0f066a214c2f5e87bad3c948f4d605d)
Start importing Assets/Scripts/UI/ToolKit/Inventory/Inventory.uxml using Guid(8164f828fd675a84a8df497bb43d75a7) Importer(2089858483,b0f066a214c2f5e87bad3c948f4d605d) (ScriptedImporter) -> (artifact id: '121481732bf1beffa533e79a1a541255') in 0.0204566 seconds
Number of updated asset objects reloaded before import = 0Number of asset objects unloaded after import = 3

========================================================================
Received Import Request.
  Time since last request: 0.000017 seconds.
  path: Assets/Spine/Runtime/spine-unity/Components/SkeletonAnimation.cs
  artifactKey: Guid(d247ba06193faa74d9335f5481b2b56c) Importer(2089858483,b0f066a214c2f5e87bad3c948f4d605d)
Start importing Assets/Spine/Runtime/spine-unity/Components/SkeletonAnimation.cs using Guid(d247ba06193faa74d9335f5481b2b56c) Importer(2089858483,b0f066a214c2f5e87bad3c948f4d605d) (ScriptedImporter) -> (artifact id: '2499cbab1e8a1ff6e35c64a6fe2dba1d') in 0.0108485 seconds
Number of updated asset objects reloaded before import = 0Number of asset objects unloaded after import = 0

========================================================================
Received Import Request.
  Time since last request: 0.000015 seconds.
  path: Assets/Effect/Hit Impact Effects/Materials/Hits/HIE_Hit_01_Smoke_02.mat
  artifactKey: Guid(f38a028bc5600c64d88a2994c57e0c9f) Importer(2089858483,b0f066a214c2f5e87bad3c948f4d605d)
Start importing Assets/Effect/Hit Impact Effects/Materials/Hits/HIE_Hit_01_Smoke_02.mat using Guid(f38a028bc5600c64d88a2994c57e0c9f) Importer(2089858483,b0f066a214c2f5e87bad3c948f4d605d) (ScriptedImporter) -> (artifact id: '7dc533412b20477c0c1c37f710073504') in 0.0498783 seconds
Number of updated asset objects reloaded before import = 0Number of asset objects unloaded after import = 2

========================================================================
Received Import Request.
  Time since last request: 0.000022 seconds.
  path: Assets/Effect/Hit Impact Effects/Prefabs/Guards/Guard_01.prefab
  artifactKey: Guid(a3e2c3406e02f2c4ba86cfb1604277bd) Importer(2089858483,b0f066a214c2f5e87bad3c948f4d605d)
Start importing Assets/Effect/Hit Impact Effects/Prefabs/Guards/Guard_01.prefab using Guid(a3e2c3406e02f2c4ba86cfb1604277bd) Importer(2089858483,b0f066a214c2f5e87bad3c948f4d605d) (ScriptedImporter) -> (artifact id: 'c6dec6b700c47f78b49ba8bfd797e4c6') in 0.0272931 seconds
Number of updated asset objects reloaded before import = 0Number of asset objects unloaded after import = 6

========================================================================
Received Import Request.
  Time since last request: 0.000021 seconds.
  path: Assets/Scripts/Game/AI/BT_Node/UseCardAction.cs
  artifactKey: Guid(4bcd1cc8e545d8945bf18eeb3748b24d) Importer(2089858483,b0f066a214c2f5e87bad3c948f4d605d)
Start importing Assets/Scripts/Game/AI/BT_Node/UseCardAction.cs using Guid(4bcd1cc8e545d8945bf18eeb3748b24d) Importer(2089858483,b0f066a214c2f5e87bad3c948f4d605d) (ScriptedImporter) -> (artifact id: 'fde5812ec5853478ff7cb3403f062148') in 0.0106924 seconds
Number of updated asset objects reloaded before import = 0Number of asset objects unloaded after import = 0

========================================================================
Received Import Request.
  Time since last request: 0.000035 seconds.
  path: Assets/Plugins/Demigiant/DOTween/Editor/DOTweenUpgradeManager.dll
  artifactKey: Guid(2bf936a5d80799e4e88ec9270fea75a4) Importer(2089858483,b0f066a214c2f5e87bad3c948f4d605d)
Start importing Assets/Plugins/Demigiant/DOTween/Editor/DOTweenUpgradeManager.dll using Guid(2bf936a5d80799e4e88ec9270fea75a4) Importer(2089858483,b0f066a214c2f5e87bad3c948f4d605d) (ScriptedImporter) -> (artifact id: '480e3b545a14274c53be07d5187c9e2e') in 0.0098445 seconds
Number of updated asset objects reloaded before import = 0Number of asset objects unloaded after import = 0

========================================================================
Received Import Request.
  Time since last request: 0.000017 seconds.
  path: Assets/Scripts/UI/Entity/Slot/TurnActionSlot.cs
  artifactKey: Guid(83a2b1e47c0d5f54ba931ed2305327e6) Importer(2089858483,b0f066a214c2f5e87bad3c948f4d605d)
Start importing Assets/Scripts/UI/Entity/Slot/TurnActionSlot.cs using Guid(83a2b1e47c0d5f54ba931ed2305327e6) Importer(2089858483,b0f066a214c2f5e87bad3c948f4d605d) (ScriptedImporter) -> (artifact id: '4bff9b599014e1b00e0188dbc8e94f18') in 0.0103297 seconds
Number of updated asset objects reloaded before import = 0Number of asset objects unloaded after import = 0

========================================================================
Received Import Request.
  Time since last request: 0.000016 seconds.
  path: Assets/Spine/Runtime/spine-csharp/Attachments/MeshAttachment.cs
  artifactKey: Guid(b7f7514a003143844b6d01ecc93ed4d5) Importer(2089858483,b0f066a214c2f5e87bad3c948f4d605d)
Start importing Assets/Spine/Runtime/spine-csharp/Attachments/MeshAttachment.cs using Guid(b7f7514a003143844b6d01ecc93ed4d5) Importer(2089858483,b0f066a214c2f5e87bad3c948f4d605d) (ScriptedImporter) -> (artifact id: 'fecc6a9ed6761c61dc1ed0cce0061d63') in 0.009169 seconds
Number of updated asset objects reloaded before import = 0Number of asset objects unloaded after import = 0

========================================================================
Received Import Request.
  Time since last request: 0.000018 seconds.
  path: Assets/Scripts/UI/Components/Button/ChangeCanvasComponent.cs
  artifactKey: Guid(0704a2b615ac3f745b5711bab4e47d87) Importer(2089858483,b0f066a214c2f5e87bad3c948f4d605d)
Start importing Assets/Scripts/UI/Components/Button/ChangeCanvasComponent.cs using Guid(0704a2b615ac3f745b5711bab4e47d87) Importer(2089858483,b0f066a214c2f5e87bad3c948f4d605d) (ScriptedImporter) -> (artifact id: '444d365508591518df1a375ea5d771fd') in 0.0109178 seconds
Number of updated asset objects reloaded before import = 0Number of asset objects unloaded after import = 0

========================================================================
Received Import Request.
  Time since last request: 0.000019 seconds.
  path: Assets/Effect/Hit Impact Effects/Materials/Hits/HIE_Hit_02_HazeBlur_01.mat
  artifactKey: Guid(1b53a3da271f62445a9b0409913ef0a3) Importer(2089858483,b0f066a214c2f5e87bad3c948f4d605d)
Start importing Assets/Effect/Hit Impact Effects/Materials/Hits/HIE_Hit_02_HazeBlur_01.mat using Guid(1b53a3da271f62445a9b0409913ef0a3) Importer(2089858483,b0f066a214c2f5e87bad3c948f4d605d) (ScriptedImporter) -> (artifact id: '13f73f36255423a55e704dc35b549e85') in 0.0156176 seconds
Number of updated asset objects reloaded before import = 0Number of asset objects unloaded after import = 2

========================================================================
Received Import Request.
  Time since last request: 0.000035 seconds.
  path: Assets/Scripts/UI/Entity/Slot/BaseSlot.cs
  artifactKey: Guid(d2f3a5de20a0ac04c9253fdd21fb5034) Importer(2089858483,b0f066a214c2f5e87bad3c948f4d605d)
Start importing Assets/Scripts/UI/Entity/Slot/BaseSlot.cs using Guid(d2f3a5de20a0ac04c9253fdd21fb5034) Importer(2089858483,b0f066a214c2f5e87bad3c948f4d605d) (ScriptedImporter) -> (artifact id: '5d9cae530db70c0626c79270ab87fb07') in 0.0103145 seconds
Number of updated asset objects reloaded before import = 0Number of asset objects unloaded after import = 0

========================================================================
Received Import Request.
  Time since last request: 0.000016 seconds.
  path: Assets/Scripts/Event/Events/TrunEvent/ChangeTurnActEvent.cs
  artifactKey: Guid(5c5551451232ab348a660b5d3db3b4a1) Importer(2089858483,b0f066a214c2f5e87bad3c948f4d605d)
Start importing Assets/Scripts/Event/Events/TrunEvent/ChangeTurnActEvent.cs using Guid(5c5551451232ab348a660b5d3db3b4a1) Importer(2089858483,b0f066a214c2f5e87bad3c948f4d605d) (ScriptedImporter) -> (artifact id: '3d4b55d1b2e62ac235dbecf724cff148') in 0.0095993 seconds
Number of updated asset objects reloaded before import = 0Number of asset objects unloaded after import = 0

========================================================================
Received Import Request.
  Time since last request: 0.000019 seconds.
  path: Assets/Scripts/UI/Components/Gacha/GachaComponent.cs
  artifactKey: Guid(40dec656f467fef41baa20c3d447376b) Importer(2089858483,b0f066a214c2f5e87bad3c948f4d605d)
Start importing Assets/Scripts/UI/Components/Gacha/GachaComponent.cs using Guid(40dec656f467fef41baa20c3d447376b) Importer(2089858483,b0f066a214c2f5e87bad3c948f4d605d) (ScriptedImporter) -> (artifact id: 'e87c3dae9511e0679a4a1178d4193bfb') in 0.0104291 seconds
Number of updated asset objects reloaded before import = 0Number of asset objects unloaded after import = 0

========================================================================
Received Import Request.
  Time since last request: 0.000018 seconds.
  path: Assets/Effect/Eric VFX Studio/Resource/Textures/stone03.png
  artifactKey: Guid(62fb58fc8f134124192b05d1e04c9ff7) Importer(2089858483,b0f066a214c2f5e87bad3c948f4d605d)
Start importing Assets/Effect/Eric VFX Studio/Resource/Textures/stone03.png using Guid(62fb58fc8f134124192b05d1e04c9ff7) Importer(2089858483,b0f066a214c2f5e87bad3c948f4d605d) (ScriptedImporter) -> (artifact id: 'a6ea3d5a8d770434e23edf2199923d18') in 0.0147159 seconds
Number of updated asset objects reloaded before import = 0Number of asset objects unloaded after import = 1

========================================================================
Received Import Request.
  Time since last request: 0.000025 seconds.
  path: Assets/Effect/Hit Impact Effects/Materials/Hits/HIE_Hit_02_HazeGlow_01.mat
  artifactKey: Guid(a5a44e238f4fc2145a7fe8241f41ad40) Importer(2089858483,b0f066a214c2f5e87bad3c948f4d605d)
Start importing Assets/Effect/Hit Impact Effects/Materials/Hits/HIE_Hit_02_HazeGlow_01.mat using Guid(a5a44e238f4fc2145a7fe8241f41ad40) Importer(2089858483,b0f066a214c2f5e87bad3c948f4d605d) (ScriptedImporter) -> (artifact id: '1605b709affc2ef43869b6c3f59376bf') in 0.0156679 seconds
Number of updated asset objects reloaded before import = 0Number of asset objects unloaded after import = 2

========================================================================
Received Import Request.
  Time since last request: 0.000033 seconds.
  path: Assets/Effect/Hit Impact Effects/Materials/Hits/HIE_Hit_04_FlashRays_01.mat
  artifactKey: Guid(0f9a2e6c560af1f42ace29002a4bbea5) Importer(2089858483,b0f066a214c2f5e87bad3c948f4d605d)
Start importing Assets/Effect/Hit Impact Effects/Materials/Hits/HIE_Hit_04_FlashRays_01.mat using Guid(0f9a2e6c560af1f42ace29002a4bbea5) Importer(2089858483,b0f066a214c2f5e87bad3c948f4d605d) (ScriptedImporter) -> (artifact id: '46ee9728c08e7b51f3336839eec51804') in 0.0127421 seconds
Number of updated asset objects reloaded before import = 0Number of asset objects unloaded after import = 2

========================================================================
Received Import Request.
  Time since last request: 0.000023 seconds.
  path: Assets/Spine/Runtime/spine-unity/Materials/SkeletonGraphicTintBlack.mat
  artifactKey: Guid(cfcea0e11aa80bb4b8d05790b905fc31) Importer(2089858483,b0f066a214c2f5e87bad3c948f4d605d)
Start importing Assets/Spine/Runtime/spine-unity/Materials/SkeletonGraphicTintBlack.mat using Guid(cfcea0e11aa80bb4b8d05790b905fc31) Importer(2089858483,b0f066a214c2f5e87bad3c948f4d605d) (ScriptedImporter) -> (artifact id: '93100caaa471e1c42b69a1a79e8dca59') in 0.026396 seconds
Number of updated asset objects reloaded before import = 0Number of asset objects unloaded after import = 1

========================================================================
Received Import Request.
  Time since last request: 0.000024 seconds.
  path: Assets/Effect/Hit Impact Effects/Materials/Hits/HIE_Hit_04_Shockwave_01.mat
  artifactKey: Guid(aa7a71e33a52d8c439dbe20272eed588) Importer(2089858483,b0f066a214c2f5e87bad3c948f4d605d)
Start importing Assets/Effect/Hit Impact Effects/Materials/Hits/HIE_Hit_04_Shockwave_01.mat using Guid(aa7a71e33a52d8c439dbe20272eed588) Importer(2089858483,b0f066a214c2f5e87bad3c948f4d605d) (ScriptedImporter) -> (artifact id: '53ae1b06d1cbf0cef4382acd76189308') in 0.0137494 seconds
Number of updated asset objects reloaded before import = 0Number of asset objects unloaded after import = 2

========================================================================
Received Import Request.
  Time since last request: 0.000020 seconds.
  path: Assets/Effect/Hit Impact Effects/Prefabs/Hits/Hit_04.prefab
  artifactKey: Guid(6ef35fa36e3a65043b2d800600204bdd) Importer(2089858483,b0f066a214c2f5e87bad3c948f4d605d)
Start importing Assets/Effect/Hit Impact Effects/Prefabs/Hits/Hit_04.prefab using Guid(6ef35fa36e3a65043b2d800600204bdd) Importer(2089858483,b0f066a214c2f5e87bad3c948f4d605d) (ScriptedImporter) -> (artifact id: '215363917d60b1d2277dc4d7887b8b4d') in 0.0264391 seconds
Number of updated asset objects reloaded before import = 0Number of asset objects unloaded after import = 22

========================================================================
Received Import Request.
  Time since last request: 0.000023 seconds.
  path: Assets/Effect/Eric VFX Studio/Resource/Textures/M_2D_Ray_01.tga
  artifactKey: Guid(e3b71ab20d55644ad9523bed0f61aa33) Importer(2089858483,b0f066a214c2f5e87bad3c948f4d605d)
Start importing Assets/Effect/Eric VFX Studio/Resource/Textures/M_2D_Ray_01.tga using Guid(e3b71ab20d55644ad9523bed0f61aa33) Importer(2089858483,b0f066a214c2f5e87bad3c948f4d605d) (ScriptedImporter) -> (artifact id: 'b09303e87dca08e5294a12792f03000c') in 0.0140237 seconds
Number of updated asset objects reloaded before import = 0Number of asset objects unloaded after import = 1

========================================================================
Received Import Request.
  Time since last request: 0.000030 seconds.
  path: Assets/Effect/Hit Impact Effects/Materials/Hits/HIE_Hit_04_PointBlur_01.mat
  artifactKey: Guid(7d251a3572b0ef14896633e11c21469e) Importer(2089858483,b0f066a214c2f5e87bad3c948f4d605d)
Start importing Assets/Effect/Hit Impact Effects/Materials/Hits/HIE_Hit_04_PointBlur_01.mat using Guid(7d251a3572b0ef14896633e11c21469e) Importer(2089858483,b0f066a214c2f5e87bad3c948f4d605d) (ScriptedImporter) -> (artifact id: '8f1f223300e7f23b6e3ed230607b26fe') in 0.014722 seconds
Number of updated asset objects reloaded before import = 0Number of asset objects unloaded after import = 2

========================================================================
Received Import Request.
  Time since last request: 0.000020 seconds.
  path: Assets/Effect/Hit Impact Effects/Materials/Hits/HIE_Hit_01_PointGlow_01.mat
  artifactKey: Guid(72c7e2cef64f8b849b13451463e10a82) Importer(2089858483,b0f066a214c2f5e87bad3c948f4d605d)
Start importing Assets/Effect/Hit Impact Effects/Materials/Hits/HIE_Hit_01_PointGlow_01.mat using Guid(72c7e2cef64f8b849b13451463e10a82) Importer(2089858483,b0f066a214c2f5e87bad3c948f4d605d) (ScriptedImporter) -> (artifact id: '4d4de4c2e0ddf9afebc75737a537c38e') in 0.0127246 seconds
Number of updated asset objects reloaded before import = 0Number of asset objects unloaded after import = 2

========================================================================
Received Import Request.
  Time since last request: 0.000026 seconds.
  path: Assets/Scripts/UI/Entity/TurnUI/TurnBar.cs
  artifactKey: Guid(80e2ce5595f7ba740a28fb3348f9c5c3) Importer(2089858483,b0f066a214c2f5e87bad3c948f4d605d)
Start importing Assets/Scripts/UI/Entity/TurnUI/TurnBar.cs using Guid(80e2ce5595f7ba740a28fb3348f9c5c3) Importer(2089858483,b0f066a214c2f5e87bad3c948f4d605d) (ScriptedImporter) -> (artifact id: '6a37e83fafb0ddae7198124016773a1f') in 0.012031 seconds
Number of updated asset objects reloaded before import = 0Number of asset objects unloaded after import = 0

========================================================================
Received Import Request.
  Time since last request: 0.000020 seconds.
  path: Assets/Resources/SO/Characters/Attacker/Warrior.asset
  artifactKey: Guid(6bbdde4ccc0ce0545b08ce04313fa125) Importer(2089858483,b0f066a214c2f5e87bad3c948f4d605d)
Start importing Assets/Resources/SO/Characters/Attacker/Warrior.asset using Guid(6bbdde4ccc0ce0545b08ce04313fa125) Importer(2089858483,b0f066a214c2f5e87bad3c948f4d605d) (ScriptedImporter) -> (artifact id: '5509f383cd2732d6793d1986442a1169') in 0.0137686 seconds
Number of updated asset objects reloaded before import = 0Number of asset objects unloaded after import = 8

========================================================================
Received Import Request.
  Time since last request: 0.000020 seconds.
  path: Assets/Scripts/UI/Components/Button/StageClearComponent.cs
  artifactKey: Guid(8ed7fc454c8ddc34b8b87028b36ea5c9) Importer(2089858483,b0f066a214c2f5e87bad3c948f4d605d)
Start importing Assets/Scripts/UI/Components/Button/StageClearComponent.cs using Guid(8ed7fc454c8ddc34b8b87028b36ea5c9) Importer(2089858483,b0f066a214c2f5e87bad3c948f4d605d) (ScriptedImporter) -> (artifact id: '5d7786eef6c9c6d39b405bc961b7cb9e') in 0.0094378 seconds
Number of updated asset objects reloaded before import = 0Number of asset objects unloaded after import = 0

========================================================================
Received Import Request.
  Time since last request: 0.000025 seconds.
  path: Assets/Effect/Eric VFX Studio/Resource/Materials/Spark Blur.mat
  artifactKey: Guid(618b7b619e1fe8d45bdf91ecf90d64b8) Importer(2089858483,b0f066a214c2f5e87bad3c948f4d605d)
Start importing Assets/Effect/Eric VFX Studio/Resource/Materials/Spark Blur.mat using Guid(618b7b619e1fe8d45bdf91ecf90d64b8) Importer(2089858483,b0f066a214c2f5e87bad3c948f4d605d) (ScriptedImporter) -> (artifact id: 'da36d56d3ef0e590a63d1ad91d0672d1') in 0.0105734 seconds
Number of updated asset objects reloaded before import = 0Number of asset objects unloaded after import = 2

========================================================================
Received Import Request.
  Time since last request: 0.000018 seconds.
  path: Assets/Scripts/Game/FSM/State/MoveState.cs
  artifactKey: Guid(7b3a297ede393ee4e8fd5bb354e1377d) Importer(2089858483,b0f066a214c2f5e87bad3c948f4d605d)
Start importing Assets/Scripts/Game/FSM/State/MoveState.cs using Guid(7b3a297ede393ee4e8fd5bb354e1377d) Importer(2089858483,b0f066a214c2f5e87bad3c948f4d605d) (ScriptedImporter) -> (artifact id: '3d62823a4f462271261a0e82412df7cf') in 0.0106848 seconds
Number of updated asset objects reloaded before import = 0Number of asset objects unloaded after import = 0

========================================================================
Received Import Request.
  Time since last request: 0.000015 seconds.
  path: Assets/Effect/Eric VFX Studio/Resource/Textures/Sheet_purple_W01.png
  artifactKey: Guid(5b5fb735bd092fe4699084b0ed0e2fb4) Importer(2089858483,b0f066a214c2f5e87bad3c948f4d605d)
Start importing Assets/Effect/Eric VFX Studio/Resource/Textures/Sheet_purple_W01.png using Guid(5b5fb735bd092fe4699084b0ed0e2fb4) Importer(2089858483,b0f066a214c2f5e87bad3c948f4d605d) (ScriptedImporter) -> (artifact id: '148e3251142b8dffd2c7030487b0ab4a') in 0.0214874 seconds
Number of updated asset objects reloaded before import = 0Number of asset objects unloaded after import = 1

========================================================================
Received Import Request.
  Time since last request: 0.000016 seconds.
  path: Assets/Effect/Eric VFX Studio/Resource/Textures/Gradient_Beam_007.tga
  artifactKey: Guid(4bd566bde80d4c2438d179872ef27526) Importer(2089858483,b0f066a214c2f5e87bad3c948f4d605d)
Start importing Assets/Effect/Eric VFX Studio/Resource/Textures/Gradient_Beam_007.tga using Guid(4bd566bde80d4c2438d179872ef27526) Importer(2089858483,b0f066a214c2f5e87bad3c948f4d605d) (ScriptedImporter) -> (artifact id: 'c04618c2855f5b0783ce2ff48279fda8') in 0.0144072 seconds
Number of updated asset objects reloaded before import = 0Number of asset objects unloaded after import = 1

========================================================================
Received Import Request.
  Time since last request: 0.000017 seconds.
  path: Assets/Spine/Runtime/spine-unity/Mesh Generation/MeshRendererBuffers.cs
  artifactKey: Guid(b1ab80744ac17724dbc0d15fdb6f4727) Importer(2089858483,b0f066a214c2f5e87bad3c948f4d605d)
Start importing Assets/Spine/Runtime/spine-unity/Mesh Generation/MeshRendererBuffers.cs using Guid(b1ab80744ac17724dbc0d15fdb6f4727) Importer(2089858483,b0f066a214c2f5e87bad3c948f4d605d) (ScriptedImporter) -> (artifact id: '7ccb577ddd5a21d9c0a88fdf8a914c00') in 0.0119131 seconds
Number of updated asset objects reloaded before import = 0Number of asset objects unloaded after import = 0

========================================================================
Received Import Request.
  Time since last request: 0.000024 seconds.
  path: Assets/Plugins/Demigiant/DOTween/Modules/DOTweenModulePhysics2D.cs
  artifactKey: Guid(230fe34542e175245ba74b4659dae700) Importer(2089858483,b0f066a214c2f5e87bad3c948f4d605d)
Start importing Assets/Plugins/Demigiant/DOTween/Modules/DOTweenModulePhysics2D.cs using Guid(230fe34542e175245ba74b4659dae700) Importer(2089858483,b0f066a214c2f5e87bad3c948f4d605d) (ScriptedImporter) -> (artifact id: '5154f4aac4e561ba5e13699979088ac3') in 0.0096741 seconds
Number of updated asset objects reloaded before import = 0Number of asset objects unloaded after import = 0

========================================================================
Received Import Request.
  Time since last request: 0.000016 seconds.
  path: Assets/Effect/Eric VFX Studio/Resource/Materials/Back Glow.mat
  artifactKey: Guid(506e772fa64543149b7c85f239842cb9) Importer(2089858483,b0f066a214c2f5e87bad3c948f4d605d)
Start importing Assets/Effect/Eric VFX Studio/Resource/Materials/Back Glow.mat using Guid(506e772fa64543149b7c85f239842cb9) Importer(2089858483,b0f066a214c2f5e87bad3c948f4d605d) (ScriptedImporter) -> (artifact id: '117622276f090eb89e364512c973343f') in 0.0136358 seconds
Number of updated asset objects reloaded before import = 0Number of asset objects unloaded after import = 2

========================================================================
Received Import Request.
  Time since last request: 0.000020 seconds.
  path: Assets/Spine Examples/Spine Skeletons/spineboy-pro/ReferenceAssets/idle.asset
  artifactKey: Guid(1002b1f05d1a2f94ab4ed89c14969f2f) Importer(2089858483,b0f066a214c2f5e87bad3c948f4d605d)
Start importing Assets/Spine Examples/Spine Skeletons/spineboy-pro/ReferenceAssets/idle.asset using Guid(1002b1f05d1a2f94ab4ed89c14969f2f) Importer(2089858483,b0f066a214c2f5e87bad3c948f4d605d) (ScriptedImporter) -> (artifact id: '6f48239c90760a8159df03eac5ea73a5') in 0.0177431 seconds
Number of updated asset objects reloaded before import = 0Number of asset objects unloaded after import = 6

========================================================================
Received Import Request.
  Time since last request: 0.000015 seconds.
  path: Assets/Spine2D Knight Character Animation Pack/Exports/Frame by frame/buff_1/clown_export-buff_1_22.png
  artifactKey: Guid(87fa555d4dbd3594894c7974eff53a72) Importer(2089858483,b0f066a214c2f5e87bad3c948f4d605d)
Start importing Assets/Spine2D Knight Character Animation Pack/Exports/Frame by frame/buff_1/clown_export-buff_1_22.png using Guid(87fa555d4dbd3594894c7974eff53a72) Importer(2089858483,b0f066a214c2f5e87bad3c948f4d605d) (ScriptedImporter) -> (artifact id: 'b73ac98935bb04f8ecdf17f8912af76a') in 0.0166302 seconds
Number of updated asset objects reloaded before import = 0Number of asset objects unloaded after import = 3

========================================================================
Received Import Request.
  Time since last request: 0.000020 seconds.
  path: Assets/Spine2D Knight Character Animation Pack/Exports/Frame by frame/buff_1/clown_export-buff_1_2.png
  artifactKey: Guid(fcefafe92e9edbe4b8a160d0d605fe7f) Importer(2089858483,b0f066a214c2f5e87bad3c948f4d605d)
Start importing Assets/Spine2D Knight Character Animation Pack/Exports/Frame by frame/buff_1/clown_export-buff_1_2.png using Guid(fcefafe92e9edbe4b8a160d0d605fe7f) Importer(2089858483,b0f066a214c2f5e87bad3c948f4d605d) (ScriptedImporter) -> (artifact id: '6a890c8e6b18665bfa9e42bcb3c2c035') in 0.0134403 seconds
Number of updated asset objects reloaded before import = 0Number of asset objects unloaded after import = 3

========================================================================
Received Import Request.
  Time since last request: 0.000039 seconds.
  path: Assets/Spine Examples/Spine Skeletons/Hero/ReferenceAssets/crouch-from fall.asset
  artifactKey: Guid(6c587772a6f7df94b934b353291c008c) Importer(2089858483,b0f066a214c2f5e87bad3c948f4d605d)
Start importing Assets/Spine Examples/Spine Skeletons/Hero/ReferenceAssets/crouch-from fall.asset using Guid(6c587772a6f7df94b934b353291c008c) Importer(2089858483,b0f066a214c2f5e87bad3c948f4d605d) (ScriptedImporter) -> (artifact id: '774c842c5dc68d320f84e7a1b0d360fa') in 0.0139944 seconds
Number of updated asset objects reloaded before import = 0Number of asset objects unloaded after import = 6

========================================================================
Received Import Request.
  Time since last request: 0.000018 seconds.
  path: Assets/Spine Examples/Spine Skeletons/spineboy-unity/ReferenceAssets/idle.asset
  artifactKey: Guid(8a71ad90c9e356d4fa476a420aeb259d) Importer(2089858483,b0f066a214c2f5e87bad3c948f4d605d)
Start importing Assets/Spine Examples/Spine Skeletons/spineboy-unity/ReferenceAssets/idle.asset using Guid(8a71ad90c9e356d4fa476a420aeb259d) Importer(2089858483,b0f066a214c2f5e87bad3c948f4d605d) (ScriptedImporter) -> (artifact id: '6849b3521870efb1391cb815e7513d37') in 0.0127254 seconds
Number of updated asset objects reloaded before import = 0Number of asset objects unloaded after import = 6

========================================================================
Received Import Request.
  Time since last request: 0.000018 seconds.
  path: Assets/Spine2D Knight Character Animation Pack/Exports/Frame by frame/buff_2/clown_export-buff_2_22.png
  artifactKey: Guid(d7a60943fa04473418bccd3dedae4b57) Importer(2089858483,b0f066a214c2f5e87bad3c948f4d605d)
Start importing Assets/Spine2D Knight Character Animation Pack/Exports/Frame by frame/buff_2/clown_export-buff_2_22.png using Guid(d7a60943fa04473418bccd3dedae4b57) Importer(2089858483,b0f066a214c2f5e87bad3c948f4d605d) (ScriptedImporter) -> (artifact id: '4a7ff79d3f1ee5ad6b68a4b3a4ad23cd') in 0.0219038 seconds
Number of updated asset objects reloaded before import = 0Number of asset objects unloaded after import = 3

========================================================================
Received Import Request.
  Time since last request: 0.000016 seconds.
  path: Assets/Spine2D Knight Character Animation Pack/Exports/Frame by frame/buff_2/clown_export-buff_2_24.png
  artifactKey: Guid(39d9497d9a4e347418371bb6c41b6ac0) Importer(2089858483,b0f066a214c2f5e87bad3c948f4d605d)
Start importing Assets/Spine2D Knight Character Animation Pack/Exports/Frame by frame/buff_2/clown_export-buff_2_24.png using Guid(39d9497d9a4e347418371bb6c41b6ac0) Importer(2089858483,b0f066a214c2f5e87bad3c948f4d605d) (ScriptedImporter) -> (artifact id: 'a59d6d4b8c3f2704e5ef8da058dc8ef7') in 0.0148952 seconds
Number of updated asset objects reloaded before import = 0Number of asset objects unloaded after import = 3

========================================================================
Received Import Request.
  Time since last request: 0.000022 seconds.
  path: Assets/Spine Examples/Spine Skeletons/Hero/ReferenceAssets/jump.asset
  artifactKey: Guid(9fc9ad17b39175242a17dedc100251e5) Importer(2089858483,b0f066a214c2f5e87bad3c948f4d605d)
Start importing Assets/Spine Examples/Spine Skeletons/Hero/ReferenceAssets/jump.asset using Guid(9fc9ad17b39175242a17dedc100251e5) Importer(2089858483,b0f066a214c2f5e87bad3c948f4d605d) (ScriptedImporter) -> (artifact id: '3bd0e578b25d3b64980a3ecca096efbf') in 0.0115231 seconds
Number of updated asset objects reloaded before import = 0Number of asset objects unloaded after import = 6

========================================================================
Received Import Request.
  Time since last request: 0.000030 seconds.
  path: Assets/Spine2D Knight Character Animation Pack/Exports/Frame by frame/buff_2/clown_export-buff_2_0.png
  artifactKey: Guid(edd133907cbc4bd4baf8c52135997b5b) Importer(2089858483,b0f066a214c2f5e87bad3c948f4d605d)
Start importing Assets/Spine2D Knight Character Animation Pack/Exports/Frame by frame/buff_2/clown_export-buff_2_0.png using Guid(edd133907cbc4bd4baf8c52135997b5b) Importer(2089858483,b0f066a214c2f5e87bad3c948f4d605d) (ScriptedImporter) -> (artifact id: '10a6e1c440d47d1b7934d069a4839a59') in 0.0151973 seconds
Number of updated asset objects reloaded before import = 0Number of asset objects unloaded after import = 3

========================================================================
Received Import Request.
  Time since last request: 0.000021 seconds.
  path: Assets/Spine2D Knight Character Animation Pack/Exports/Frame by frame/buff_2/clown_export-buff_2_38.png
  artifactKey: Guid(f485dc17068086143891bd50df1c76dd) Importer(2089858483,b0f066a214c2f5e87bad3c948f4d605d)
Start importing Assets/Spine2D Knight Character Animation Pack/Exports/Frame by frame/buff_2/clown_export-buff_2_38.png using Guid(f485dc17068086143891bd50df1c76dd) Importer(2089858483,b0f066a214c2f5e87bad3c948f4d605d) (ScriptedImporter) -> (artifact id: '267634bb0be9e14849fd2798e7cd815d') in 0.0140473 seconds
Number of updated asset objects reloaded before import = 0Number of asset objects unloaded after import = 3

========================================================================
Received Import Request.
  Time since last request: 0.000018 seconds.
  path: Assets/Spine2D Knight Character Animation Pack/Exports/Frame by frame/buff_2/clown_export-buff_2_37.png
  artifactKey: Guid(2945ddc2434a8ce4397699dbc4efebd2) Importer(2089858483,b0f066a214c2f5e87bad3c948f4d605d)
Start importing Assets/Spine2D Knight Character Animation Pack/Exports/Frame by frame/buff_2/clown_export-buff_2_37.png using Guid(2945ddc2434a8ce4397699dbc4efebd2) Importer(2089858483,b0f066a214c2f5e87bad3c948f4d605d) (ScriptedImporter) -> (artifact id: '7ae37184d4cbf147be738c247d938ad0') in 0.0148535 seconds
Number of updated asset objects reloaded before import = 0Number of asset objects unloaded after import = 3

========================================================================
Received Import Request.
  Time since last request: 0.000021 seconds.
  path: Assets/Spine Examples/Spine Skeletons/spineboy-unity/ReferenceAssets/run rm.asset
  artifactKey: Guid(be90eb47d25ae1149a1ffee2bb634498) Importer(2089858483,b0f066a214c2f5e87bad3c948f4d605d)
Start importing Assets/Spine Examples/Spine Skeletons/spineboy-unity/ReferenceAssets/run rm.asset using Guid(be90eb47d25ae1149a1ffee2bb634498) Importer(2089858483,b0f066a214c2f5e87bad3c948f4d605d) (ScriptedImporter) -> (artifact id: '20730acda03894d69db134ea350ea63d') in 0.0099678 seconds
Number of updated asset objects reloaded before import = 0Number of asset objects unloaded after import = 6

========================================================================
Received Import Request.
  Time since last request: 0.000018 seconds.
  path: Assets/Spine2D Knight Character Animation Pack/Exports/Frame by frame/buff_1/clown_export-buff_1_20.png
  artifactKey: Guid(7044fb70e38373b4da7d72763dc73da1) Importer(2089858483,b0f066a214c2f5e87bad3c948f4d605d)
Start importing Assets/Spine2D Knight Character Animation Pack/Exports/Frame by frame/buff_1/clown_export-buff_1_20.png using Guid(7044fb70e38373b4da7d72763dc73da1) Importer(2089858483,b0f066a214c2f5e87bad3c948f4d605d) (ScriptedImporter) -> (artifact id: '88ac74cc2b598c9db0c4c2b632bc74cd') in 0.0137588 seconds
Number of updated asset objects reloaded before import = 0Number of asset objects unloaded after import = 3

========================================================================
Received Import Request.
  Time since last request: 0.000025 seconds.
  path: Assets/Spine2D Knight Character Animation Pack/Exports/Frame by frame/buff_1/clown_export-buff_1_39.png
  artifactKey: Guid(4af4dba4b1f59404299a40531ecaa2e4) Importer(2089858483,b0f066a214c2f5e87bad3c948f4d605d)
Start importing Assets/Spine2D Knight Character Animation Pack/Exports/Frame by frame/buff_1/clown_export-buff_1_39.png using Guid(4af4dba4b1f59404299a40531ecaa2e4) Importer(2089858483,b0f066a214c2f5e87bad3c948f4d605d) (ScriptedImporter) -> (artifact id: '0215b9b444ef8f1f7f9aab8af19fb065') in 0.0166411 seconds
Number of updated asset objects reloaded before import = 0Number of asset objects unloaded after import = 3

========================================================================
Received Import Request.
  Time since last request: 0.000016 seconds.
  path: Assets/Spine2D Knight Character Animation Pack/Exports/Frame by frame/buff_1/clown_export-buff_1_21.png
  artifactKey: Guid(d6ce16198b01f97448580fd4d02949da) Importer(2089858483,b0f066a214c2f5e87bad3c948f4d605d)
Start importing Assets/Spine2D Knight Character Animation Pack/Exports/Frame by frame/buff_1/clown_export-buff_1_21.png using Guid(d6ce16198b01f97448580fd4d02949da) Importer(2089858483,b0f066a214c2f5e87bad3c948f4d605d) (ScriptedImporter) -> (artifact id: '27b880855fb468096c77f342cd26fd08') in 0.0155579 seconds
Number of updated asset objects reloaded before import = 0Number of asset objects unloaded after import = 3

========================================================================
Received Import Request.
  Time since last request: 0.000016 seconds.
  path: Assets/Spine2D Knight Character Animation Pack/Exports/Frame by frame/buff_1/clown_export-buff_1_3.png
  artifactKey: Guid(01ad7fe7848264d449f22ece6c1a39c2) Importer(2089858483,b0f066a214c2f5e87bad3c948f4d605d)
Start importing Assets/Spine2D Knight Character Animation Pack/Exports/Frame by frame/buff_1/clown_export-buff_1_3.png using Guid(01ad7fe7848264d449f22ece6c1a39c2) Importer(2089858483,b0f066a214c2f5e87bad3c948f4d605d) (ScriptedImporter) -> (artifact id: '53689cdcb56af4838a64cbd14cbbaf74') in 0.0140967 seconds
Number of updated asset objects reloaded before import = 0Number of asset objects unloaded after import = 3

========================================================================
Received Import Request.
  Time since last request: 0.000017 seconds.
  path: Assets/Spine2D Knight Character Animation Pack/Exports/Frame by frame/buff_1/clown_export-buff_1_5.png
  artifactKey: Guid(bf099620a2ba4c2428fa8e61383fc480) Importer(2089858483,b0f066a214c2f5e87bad3c948f4d605d)
Start importing Assets/Spine2D Knight Character Animation Pack/Exports/Frame by frame/buff_1/clown_export-buff_1_5.png using Guid(bf099620a2ba4c2428fa8e61383fc480) Importer(2089858483,b0f066a214c2f5e87bad3c948f4d605d) (ScriptedImporter) -> (artifact id: '098599c8409e96253751a61d4ff57e80') in 0.0208666 seconds
Number of updated asset objects reloaded before import = 0Number of asset objects unloaded after import = 3

========================================================================
Received Import Request.
  Time since last request: 0.000025 seconds.
  path: Assets/Spine2D Knight Character Animation Pack/Exports/Frame by frame/buff_1/clown_export-buff_1_29.png
  artifactKey: Guid(69b55424cd11f704e88c90d4c0b24d87) Importer(2089858483,b0f066a214c2f5e87bad3c948f4d605d)
Start importing Assets/Spine2D Knight Character Animation Pack/Exports/Frame by frame/buff_1/clown_export-buff_1_29.png using Guid(69b55424cd11f704e88c90d4c0b24d87) Importer(2089858483,b0f066a214c2f5e87bad3c948f4d605d) (ScriptedImporter) -> (artifact id: 'b3018fcc7e0f3e6a1d19778d4a97b7b9') in 0.018918 seconds
Number of updated asset objects reloaded before import = 0Number of asset objects unloaded after import = 3

========================================================================
Received Import Request.
  Time since last request: 0.000031 seconds.
  path: Assets/Spine2D Knight Character Animation Pack/Exports/Frame by frame/buff_2/clown_export-buff_2_4.png
  artifactKey: Guid(25044e7cffce3364a8a898be322df29d) Importer(2089858483,b0f066a214c2f5e87bad3c948f4d605d)
Start importing Assets/Spine2D Knight Character Animation Pack/Exports/Frame by frame/buff_2/clown_export-buff_2_4.png using Guid(25044e7cffce3364a8a898be322df29d) Importer(2089858483,b0f066a214c2f5e87bad3c948f4d605d) (ScriptedImporter) -> (artifact id: 'ab2a5927c139e369b0e68570ccd68ef5') in 0.0146615 seconds
Number of updated asset objects reloaded before import = 0Number of asset objects unloaded after import = 3

========================================================================
Received Import Request.
  Time since last request: 0.000018 seconds.
  path: Assets/Spine2D Knight Character Animation Pack/Exports/Frame by frame/buff_2/clown_export-buff_2_28.png
  artifactKey: Guid(e75343d3d8ed6d54aaeb60276b429eb4) Importer(2089858483,b0f066a214c2f5e87bad3c948f4d605d)
Start importing Assets/Spine2D Knight Character Animation Pack/Exports/Frame by frame/buff_2/clown_export-buff_2_28.png using Guid(e75343d3d8ed6d54aaeb60276b429eb4) Importer(2089858483,b0f066a214c2f5e87bad3c948f4d605d) (ScriptedImporter) -> (artifact id: 'b36e741930395e43eb6e796263570f78') in 0.0162204 seconds
Number of updated asset objects reloaded before import = 0Number of asset objects unloaded after import = 3

========================================================================
Received Import Request.
  Time since last request: 0.000021 seconds.
  path: Assets/Spine2D Knight Character Animation Pack/Exports/Frame by frame/buff_2/clown_export-buff_2_19.png
  artifactKey: Guid(caa17e905ad4bfc45b877bd39d1bc7b3) Importer(2089858483,b0f066a214c2f5e87bad3c948f4d605d)
Start importing Assets/Spine2D Knight Character Animation Pack/Exports/Frame by frame/buff_2/clown_export-buff_2_19.png using Guid(caa17e905ad4bfc45b877bd39d1bc7b3) Importer(2089858483,b0f066a214c2f5e87bad3c948f4d605d) (ScriptedImporter) -> (artifact id: '19edba6aabf9bccc233dc633611d7922') in 0.0158352 seconds
Number of updated asset objects reloaded before import = 0Number of asset objects unloaded after import = 3

========================================================================
Received Import Request.
  Time since last request: 0.000019 seconds.
  path: Assets/Spine2D Knight Character Animation Pack/Exports/Frame by frame/buff_2/clown_export-buff_2_43.png
  artifactKey: Guid(66a40265f9f95b946b676117998bb527) Importer(2089858483,b0f066a214c2f5e87bad3c948f4d605d)
Start importing Assets/Spine2D Knight Character Animation Pack/Exports/Frame by frame/buff_2/clown_export-buff_2_43.png using Guid(66a40265f9f95b946b676117998bb527) Importer(2089858483,b0f066a214c2f5e87bad3c948f4d605d) (ScriptedImporter) -> (artifact id: '74fb1a2b954aa0cff280dd0f37d4c801') in 0.015296 seconds
Number of updated asset objects reloaded before import = 0Number of asset objects unloaded after import = 3

========================================================================
Received Import Request.
  Time since last request: 0.000017 seconds.
  path: Assets/Spine2D Knight Character Animation Pack/Exports/Frame by frame/buff_1/clown_export-buff_1_23.png
  artifactKey: Guid(65fff2d5393bc0e4ca3a387203d28ec4) Importer(2089858483,b0f066a214c2f5e87bad3c948f4d605d)
Start importing Assets/Spine2D Knight Character Animation Pack/Exports/Frame by frame/buff_1/clown_export-buff_1_23.png using Guid(65fff2d5393bc0e4ca3a387203d28ec4) Importer(2089858483,b0f066a214c2f5e87bad3c948f4d605d) (ScriptedImporter) -> (artifact id: '212d295fa0233fc64b6945ed5e71df15') in 0.0154957 seconds
Number of updated asset objects reloaded before import = 0Number of asset objects unloaded after import = 3

========================================================================
Received Import Request.
  Time since last request: 0.000025 seconds.
  path: Assets/Spine Examples/Spine Skeletons/Hero/ReferenceAssets/fall.asset
  artifactKey: Guid(29c1381a00cfb2c4d996f2a02fcc4506) Importer(2089858483,b0f066a214c2f5e87bad3c948f4d605d)
Start importing Assets/Spine Examples/Spine Skeletons/Hero/ReferenceAssets/fall.asset using Guid(29c1381a00cfb2c4d996f2a02fcc4506) Importer(2089858483,b0f066a214c2f5e87bad3c948f4d605d) (ScriptedImporter) -> (artifact id: '57ee72122d6226ff5242584de2942f2b') in 0.0106635 seconds
Number of updated asset objects reloaded before import = 0Number of asset objects unloaded after import = 6

========================================================================
Received Import Request.
  Time since last request: 0.000015 seconds.
  path: Assets/Spine Examples/Spine Skeletons/Hero/ReferenceAssets/idle-from fall.asset
  artifactKey: Guid(714e39dce7285c145bdf142c38ef9a9b) Importer(2089858483,b0f066a214c2f5e87bad3c948f4d605d)
Start importing Assets/Spine Examples/Spine Skeletons/Hero/ReferenceAssets/idle-from fall.asset using Guid(714e39dce7285c145bdf142c38ef9a9b) Importer(2089858483,b0f066a214c2f5e87bad3c948f4d605d) (ScriptedImporter) -> (artifact id: '3e2c6c4ade2b532c7872de81453c22d3') in 0.014335 seconds
Number of updated asset objects reloaded before import = 0Number of asset objects unloaded after import = 6

========================================================================
Received Import Request.
  Time since last request: 0.000019 seconds.
  path: Assets/Spine Examples/Spine Skeletons/spineboy-unity/Equips/gun-normal.png
  artifactKey: Guid(602e098a046fa6e42a109d3e45c590f2) Importer(2089858483,b0f066a214c2f5e87bad3c948f4d605d)
Start importing Assets/Spine Examples/Spine Skeletons/spineboy-unity/Equips/gun-normal.png using Guid(602e098a046fa6e42a109d3e45c590f2) Importer(2089858483,b0f066a214c2f5e87bad3c948f4d605d) (ScriptedImporter) -> (artifact id: '909d571645a41dad3de330f0279816f2') in 0.0574212 seconds
Number of updated asset objects reloaded before import = 0Number of asset objects unloaded after import = 3

========================================================================
Received Import Request.
  Time since last request: 0.000022 seconds.
  path: Assets/Spine Examples/Spine Skeletons/spineboy-unity/ReferenceAssets/frozen.asset
  artifactKey: Guid(9db45f1cea1a1d74f86992ad2f34f114) Importer(2089858483,b0f066a214c2f5e87bad3c948f4d605d)
Start importing Assets/Spine Examples/Spine Skeletons/spineboy-unity/ReferenceAssets/frozen.asset using Guid(9db45f1cea1a1d74f86992ad2f34f114) Importer(2089858483,b0f066a214c2f5e87bad3c948f4d605d) (ScriptedImporter) -> (artifact id: '6d0f6bfb2d148bf536b9f22b0c2c68df') in 0.0149963 seconds
Number of updated asset objects reloaded before import = 0Number of asset objects unloaded after import = 6

========================================================================
Received Import Request.
  Time since last request: 0.000026 seconds.
  path: Assets/Spine Examples/Spine Skeletons/Hero/ReferenceAssets/crouch.asset
  artifactKey: Guid(25961ff211f6f3947be85f8aab3f2630) Importer(2089858483,b0f066a214c2f5e87bad3c948f4d605d)
Start importing Assets/Spine Examples/Spine Skeletons/Hero/ReferenceAssets/crouch.asset using Guid(25961ff211f6f3947be85f8aab3f2630) Importer(2089858483,b0f066a214c2f5e87bad3c948f4d605d) (ScriptedImporter) -> (artifact id: '9f9b9f24f710a05cb1c8ab678bc979bd') in 0.0136938 seconds
Number of updated asset objects reloaded before import = 0Number of asset objects unloaded after import = 6

========================================================================
Received Import Request.
  Time since last request: 0.000025 seconds.
  path: Assets/Spine Examples/Scripts/Sample Components/SkeletonUtility Modules/SkeletonUtilityEyeConstraint.cs
  artifactKey: Guid(0d994c65b6daec64f80ae2ae04e9d999) Importer(2089858483,b0f066a214c2f5e87bad3c948f4d605d)
Start importing Assets/Spine Examples/Scripts/Sample Components/SkeletonUtility Modules/SkeletonUtilityEyeConstraint.cs using Guid(0d994c65b6daec64f80ae2ae04e9d999) Importer(2089858483,b0f066a214c2f5e87bad3c948f4d605d) (ScriptedImporter) -> (artifact id: 'e7b9ee77e7f02858779417046e45adb4') in 0.0107773 seconds
Number of updated asset objects reloaded before import = 0Number of asset objects unloaded after import = 0

========================================================================
Received Import Request.
  Time since last request: 0.000020 seconds.
  path: Assets/Spine2D Knight Character Animation Pack/Exports/Frame by frame/buff_1/clown_export-buff_1_32.png
  artifactKey: Guid(4ddb54ded086cbc4e9a31ddaf2a19d84) Importer(2089858483,b0f066a214c2f5e87bad3c948f4d605d)
Start importing Assets/Spine2D Knight Character Animation Pack/Exports/Frame by frame/buff_1/clown_export-buff_1_32.png using Guid(4ddb54ded086cbc4e9a31ddaf2a19d84) Importer(2089858483,b0f066a214c2f5e87bad3c948f4d605d) (ScriptedImporter) -> (artifact id: 'e31a1e77979f850fb554a223d7e19a77') in 0.0187298 seconds
Number of updated asset objects reloaded before import = 0Number of asset objects unloaded after import = 3

========================================================================
Received Import Request.
  Time since last request: 0.000026 seconds.
  path: Assets/Spine2D Knight Character Animation Pack/Exports/Frame by frame/buff_2/clown_export-buff_2_34.png
  artifactKey: Guid(5b0831266a8f33948996487ed100d1cc) Importer(2089858483,b0f066a214c2f5e87bad3c948f4d605d)
Start importing Assets/Spine2D Knight Character Animation Pack/Exports/Frame by frame/buff_2/clown_export-buff_2_34.png using Guid(5b0831266a8f33948996487ed100d1cc) Importer(2089858483,b0f066a214c2f5e87bad3c948f4d605d) (ScriptedImporter) -> (artifact id: '3def64b2415c3ab510c5deacdb988213') in 0.0190094 seconds
Number of updated asset objects reloaded before import = 0Number of asset objects unloaded after import = 3

========================================================================
Received Import Request.
  Time since last request: 0.000030 seconds.
  path: Assets/Spine Examples/Scripts/Sample Components/Sample VertexEffects/JitterEffectExample.cs
  artifactKey: Guid(8b9ca76eac8062f42b99bbf78e777ee1) Importer(2089858483,b0f066a214c2f5e87bad3c948f4d605d)
Start importing Assets/Spine Examples/Scripts/Sample Components/Sample VertexEffects/JitterEffectExample.cs using Guid(8b9ca76eac8062f42b99bbf78e777ee1) Importer(2089858483,b0f066a214c2f5e87bad3c948f4d605d) (ScriptedImporter) -> (artifact id: '139b94408c17a50b7f13b06c9c5bbd6e') in 0.0111048 seconds
Number of updated asset objects reloaded before import = 0Number of asset objects unloaded after import = 0

========================================================================
Received Import Request.
  Time since last request: 0.000017 seconds.
  path: Assets/Spine2D Knight Character Animation Pack/Exports/Frame by frame/buff_2/clown_export-buff_2_10.png
  artifactKey: Guid(7952aa1bcc46b034d80eae0bf3177e9a) Importer(2089858483,b0f066a214c2f5e87bad3c948f4d605d)
Start importing Assets/Spine2D Knight Character Animation Pack/Exports/Frame by frame/buff_2/clown_export-buff_2_10.png using Guid(7952aa1bcc46b034d80eae0bf3177e9a) Importer(2089858483,b0f066a214c2f5e87bad3c948f4d605d) (ScriptedImporter) -> (artifact id: 'b852b3f4dbe2d03ba95099d27f3d15a5') in 0.0190003 seconds
Number of updated asset objects reloaded before import = 0Number of asset objects unloaded after import = 3

========================================================================
Received Import Request.
  Time since last request: 0.000024 seconds.
  path: Assets/Spine Examples/Spine Skeletons/Raptor/ReferenceAssets/walk.asset
  artifactKey: Guid(ac5036612c87200419da1450c17b1482) Importer(2089858483,b0f066a214c2f5e87bad3c948f4d605d)
Start importing Assets/Spine Examples/Spine Skeletons/Raptor/ReferenceAssets/walk.asset using Guid(ac5036612c87200419da1450c17b1482) Importer(2089858483,b0f066a214c2f5e87bad3c948f4d605d) (ScriptedImporter) -> (artifact id: '74324784df53549ec605c2a9d6468903') in 0.0127008 seconds
Number of updated asset objects reloaded before import = 0Number of asset objects unloaded after import = 6

========================================================================
Received Import Request.
  Time since last request: 0.000023 seconds.
  path: Assets/Spine Examples/Spine Skeletons/spineboy-unity/ReferenceAssets/walk.asset
  artifactKey: Guid(16e355cde32442f409a2b1a2362cf0e3) Importer(2089858483,b0f066a214c2f5e87bad3c948f4d605d)
Start importing Assets/Spine Examples/Spine Skeletons/spineboy-unity/ReferenceAssets/walk.asset using Guid(16e355cde32442f409a2b1a2362cf0e3) Importer(2089858483,b0f066a214c2f5e87bad3c948f4d605d) (ScriptedImporter) -> (artifact id: '11e8cc1558073122ef6a1eb453e1da42') in 0.0128487 seconds
Number of updated asset objects reloaded before import = 0Number of asset objects unloaded after import = 6

========================================================================
Received Import Request.
  Time since last request: 0.000033 seconds.
  path: Assets/Spine2D Knight Character Animation Pack/Exports/Frame by frame/buff_2/clown_export-buff_2_3.png
  artifactKey: Guid(49193543151864a44a689126c36b7d90) Importer(2089858483,b0f066a214c2f5e87bad3c948f4d605d)
Start importing Assets/Spine2D Knight Character Animation Pack/Exports/Frame by frame/buff_2/clown_export-buff_2_3.png using Guid(49193543151864a44a689126c36b7d90) Importer(2089858483,b0f066a214c2f5e87bad3c948f4d605d) (ScriptedImporter) -> (artifact id: '3f82c6f883d15dda592e899f5b8150d9') in 0.0175418 seconds
Number of updated asset objects reloaded before import = 0Number of asset objects unloaded after import = 3

========================================================================
Received Import Request.
  Time since last request: 0.000028 seconds.
  path: Assets/Spine/Runtime/spine-unity/Shaders/Spine-Skeleton-Lit.shader
  artifactKey: Guid(bd83c75f51f5e23498ae22ffcdfe92c3) Importer(2089858483,b0f066a214c2f5e87bad3c948f4d605d)
Start importing Assets/Spine/Runtime/spine-unity/Shaders/Spine-Skeleton-Lit.shader using Guid(bd83c75f51f5e23498ae22ffcdfe92c3) Importer(2089858483,b0f066a214c2f5e87bad3c948f4d605d) (ScriptedImporter) -> (artifact id: '045aed15dcf15c4548a500ebb9c559ab') in 0.0116518 seconds
Number of updated asset objects reloaded before import = 0Number of asset objects unloaded after import = 1

========================================================================
Received Import Request.
  Time since last request: 0.000021 seconds.
  path: Assets/Spine2D Knight Character Animation Pack/Exports/Frame by frame/buff_1/clown_export-buff_1_37.png
  artifactKey: Guid(08bb34dbce1ead341a386710b3f243cb) Importer(2089858483,b0f066a214c2f5e87bad3c948f4d605d)
Start importing Assets/Spine2D Knight Character Animation Pack/Exports/Frame by frame/buff_1/clown_export-buff_1_37.png using Guid(08bb34dbce1ead341a386710b3f243cb) Importer(2089858483,b0f066a214c2f5e87bad3c948f4d605d) (ScriptedImporter) -> (artifact id: '92d8b19815f6f2248fbf21dce614bdf2') in 0.0170282 seconds
Number of updated asset objects reloaded before import = 0Number of asset objects unloaded after import = 3

========================================================================
Received Import Request.
  Time since last request: 0.000017 seconds.
  path: Assets/Spine Examples/Spine Skeletons/spineboy-pro/ReferenceAssets/run-to-idle.asset
  artifactKey: Guid(c47abd93ce75ae44193ebd8edd1b18c5) Importer(2089858483,b0f066a214c2f5e87bad3c948f4d605d)
Start importing Assets/Spine Examples/Spine Skeletons/spineboy-pro/ReferenceAssets/run-to-idle.asset using Guid(c47abd93ce75ae44193ebd8edd1b18c5) Importer(2089858483,b0f066a214c2f5e87bad3c948f4d605d) (ScriptedImporter) -> (artifact id: 'e522fd5f5f6373538cb8f9bdf418150a') in 0.0160196 seconds
Number of updated asset objects reloaded before import = 0Number of asset objects unloaded after import = 6

========================================================================
Received Import Request.
  Time since last request: 0.000023 seconds.
  path: Assets/Spine2D Knight Character Animation Pack/Exports/Frame by frame/buff_1/clown_export-buff_1_34.png
  artifactKey: Guid(2c5b4cf5a9871e14fb78ee7de05c1057) Importer(2089858483,b0f066a214c2f5e87bad3c948f4d605d)
Start importing Assets/Spine2D Knight Character Animation Pack/Exports/Frame by frame/buff_1/clown_export-buff_1_34.png using Guid(2c5b4cf5a9871e14fb78ee7de05c1057) Importer(2089858483,b0f066a214c2f5e87bad3c948f4d605d) (ScriptedImporter) -> (artifact id: 'd25cc4d813669a99ef6303d982159c1b') in 0.0217073 seconds
Number of updated asset objects reloaded before import = 0Number of asset objects unloaded after import = 3

========================================================================
Received Import Request.
  Time since last request: 0.000033 seconds.
  path: Assets/Spine2D Knight Character Animation Pack/Exports/Frame by frame/buff_2/clown_export-buff_2_26.png
  artifactKey: Guid(db14e5144d0b6a54780083166f1bd430) Importer(2089858483,b0f066a214c2f5e87bad3c948f4d605d)
Start importing Assets/Spine2D Knight Character Animation Pack/Exports/Frame by frame/buff_2/clown_export-buff_2_26.png using Guid(db14e5144d0b6a54780083166f1bd430) Importer(2089858483,b0f066a214c2f5e87bad3c948f4d605d) (ScriptedImporter) -> (artifact id: 'd2d47c5bd2c9ab4aeeffca4e9e2a9504') in 0.0185819 seconds
Number of updated asset objects reloaded before import = 0Number of asset objects unloaded after import = 3

========================================================================
Received Import Request.
  Time since last request: 0.000018 seconds.
  path: Assets/Spine Examples/Spine Skeletons/spineboy-unity/ReferenceAssets/shoot.asset
  artifactKey: Guid(6d4c548ed1818024bb6ed2ee16dbfc40) Importer(2089858483,b0f066a214c2f5e87bad3c948f4d605d)
Start importing Assets/Spine Examples/Spine Skeletons/spineboy-unity/ReferenceAssets/shoot.asset using Guid(6d4c548ed1818024bb6ed2ee16dbfc40) Importer(2089858483,b0f066a214c2f5e87bad3c948f4d605d) (ScriptedImporter) -> (artifact id: 'a216a9f2ce156bb3f81d6b8f52d0da46') in 0.0150953 seconds
Number of updated asset objects reloaded before import = 0Number of asset objects unloaded after import = 6

========================================================================
Received Import Request.
  Time since last request: 0.000022 seconds.
  path: Assets/Effect/Cartoon FX Remaster/CFXR Assets/Graphics/cfxr card diamond.png
  artifactKey: Guid(d8c4f60c4d65b1d40a18db39349c9439) Importer(2089858483,b0f066a214c2f5e87bad3c948f4d605d)
Start importing Assets/Effect/Cartoon FX Remaster/CFXR Assets/Graphics/cfxr card diamond.png using Guid(d8c4f60c4d65b1d40a18db39349c9439) Importer(2089858483,b0f066a214c2f5e87bad3c948f4d605d) (ScriptedImporter) -> (artifact id: '6d39bf12c1ab7aadf18f5ddee2cae623') in 0.0154051 seconds
Number of updated asset objects reloaded before import = 0Number of asset objects unloaded after import = 1

========================================================================
Received Import Request.
  Time since last request: 0.000022 seconds.
  path: Assets/SO/FSM/Warrior/MoveState.asset
  artifactKey: Guid(7b25f528160843c46b337eb336417ecf) Importer(2089858483,b0f066a214c2f5e87bad3c948f4d605d)
Start importing Assets/SO/FSM/Warrior/MoveState.asset using Guid(7b25f528160843c46b337eb336417ecf) Importer(2089858483,b0f066a214c2f5e87bad3c948f4d605d) (ScriptedImporter) -> (artifact id: '122d7840f96b604a9dfdc3ae95e85ed6') in 0.0115524 seconds
Number of updated asset objects reloaded before import = 0Number of asset objects unloaded after import = 1

========================================================================
Received Import Request.
  Time since last request: 0.000029 seconds.
  path: Assets/Plugins/Demigiant/DOTween/Modules/DOTweenModuleEPOOutline.cs
  artifactKey: Guid(e944529dcaee98f4e9498d80e541d93e) Importer(2089858483,b0f066a214c2f5e87bad3c948f4d605d)
Start importing Assets/Plugins/Demigiant/DOTween/Modules/DOTweenModuleEPOOutline.cs using Guid(e944529dcaee98f4e9498d80e541d93e) Importer(2089858483,b0f066a214c2f5e87bad3c948f4d605d) (ScriptedImporter) -> (artifact id: 'ada3eaeb563be70b1d519c02acde418a') in 0.0120598 seconds
Number of updated asset objects reloaded before import = 0Number of asset objects unloaded after import = 0

========================================================================
Received Import Request.
  Time since last request: 0.000019 seconds.
  path: Assets/Spine Examples/Scripts/Sample Components/SkeletonUtility Modules/SkeletonRagdoll2D.cs
  artifactKey: Guid(e74a49a26242a214d9084fde00bfe3ab) Importer(2089858483,b0f066a214c2f5e87bad3c948f4d605d)
Start importing Assets/Spine Examples/Scripts/Sample Components/SkeletonUtility Modules/SkeletonRagdoll2D.cs using Guid(e74a49a26242a214d9084fde00bfe3ab) Importer(2089858483,b0f066a214c2f5e87bad3c948f4d605d) (ScriptedImporter) -> (artifact id: '58b1986baea92e619f7ace1599b55753') in 0.0138249 seconds
Number of updated asset objects reloaded before import = 0Number of asset objects unloaded after import = 0

========================================================================
Received Import Request.
  Time since last request: 0.000019 seconds.
  path: Assets/Plugins/Demigiant/DOTween/Editor/DOTweenEditor.dll.mdb
  artifactKey: Guid(8f46310a8b0a8f04a92993c37c713243) Importer(2089858483,b0f066a214c2f5e87bad3c948f4d605d)
Start importing Assets/Plugins/Demigiant/DOTween/Editor/DOTweenEditor.dll.mdb using Guid(8f46310a8b0a8f04a92993c37c713243) Importer(2089858483,b0f066a214c2f5e87bad3c948f4d605d) (ScriptedImporter) -> (artifact id: '08c7441c68ac87f190902eeea0e60e87') in 0.011244 seconds
Number of updated asset objects reloaded before import = 0Number of asset objects unloaded after import = 1

========================================================================
Received Import Request.
  Time since last request: 0.000022 seconds.
  path: Assets/Effect/Cartoon FX Remaster/CFXR Assets/Graphics/cfxr blood dissolve.png
  artifactKey: Guid(0611efd272757c345a8ded5f38dd3f88) Importer(2089858483,b0f066a214c2f5e87bad3c948f4d605d)
Start importing Assets/Effect/Cartoon FX Remaster/CFXR Assets/Graphics/cfxr blood dissolve.png using Guid(0611efd272757c345a8ded5f38dd3f88) Importer(2089858483,b0f066a214c2f5e87bad3c948f4d605d) (ScriptedImporter) -> (artifact id: 'dd9ebb130285ef60509241570c264956') in 0.0152338 seconds
Number of updated asset objects reloaded before import = 0Number of asset objects unloaded after import = 1

========================================================================
Received Import Request.
  Time since last request: 0.000023 seconds.
  path: Assets/Effect/Eric VFX Studio/Resource/Textures/Aura_Flame_000.tga
  artifactKey: Guid(3f9773758558cf94089a3b9cd657b5ea) Importer(2089858483,b0f066a214c2f5e87bad3c948f4d605d)
Start importing Assets/Effect/Eric VFX Studio/Resource/Textures/Aura_Flame_000.tga using Guid(3f9773758558cf94089a3b9cd657b5ea) Importer(2089858483,b0f066a214c2f5e87bad3c948f4d605d) (ScriptedImporter) -> (artifact id: 'f249dfcfb19c69f7b679220c0a94841d') in 0.0145035 seconds
Number of updated asset objects reloaded before import = 0Number of asset objects unloaded after import = 1

========================================================================
Received Import Request.
  Time since last request: 0.000027 seconds.
  path: Assets/Spine Examples/Scripts/Sample Components/SetRigidbodySolverIterations.cs
  artifactKey: Guid(0710ab226a06cfa4689c784fbd9d1753) Importer(2089858483,b0f066a214c2f5e87bad3c948f4d605d)
Start importing Assets/Spine Examples/Scripts/Sample Components/SetRigidbodySolverIterations.cs using Guid(0710ab226a06cfa4689c784fbd9d1753) Importer(2089858483,b0f066a214c2f5e87bad3c948f4d605d) (ScriptedImporter) -> (artifact id: 'a9626dbcc12b98ac470ffe21339eb134') in 0.0101818 seconds
Number of updated asset objects reloaded before import = 0Number of asset objects unloaded after import = 0

========================================================================
Received Import Request.
  Time since last request: 0.000019 seconds.
  path: Assets/Spine Examples/Spine Skeletons/Raptor/raptor_SkeletonData.asset
  artifactKey: Guid(22c4b5e5a0fd9484d83b1aa705b9a54c) Importer(2089858483,b0f066a214c2f5e87bad3c948f4d605d)
Start importing Assets/Spine Examples/Spine Skeletons/Raptor/raptor_SkeletonData.asset using Guid(22c4b5e5a0fd9484d83b1aa705b9a54c) Importer(2089858483,b0f066a214c2f5e87bad3c948f4d605d) (ScriptedImporter) -> (artifact id: '0891509333787d963f3b679efb61ed28') in 0.0146372 seconds
Number of updated asset objects reloaded before import = 0Number of asset objects unloaded after import = 5

========================================================================
Received Import Request.
  Time since last request: 0.000019 seconds.
  path: Assets/Effect/Hit Impact Effects/Materials/Hits/HIE_Hit_03_Flash_2x2_01.mat
  artifactKey: Guid(caa5d03f2c3027148b70f4e303fbfb33) Importer(2089858483,b0f066a214c2f5e87bad3c948f4d605d)
Start importing Assets/Effect/Hit Impact Effects/Materials/Hits/HIE_Hit_03_Flash_2x2_01.mat using Guid(caa5d03f2c3027148b70f4e303fbfb33) Importer(2089858483,b0f066a214c2f5e87bad3c948f4d605d) (ScriptedImporter) -> (artifact id: '793ea5223ebe9a21eab798b7f39844b2') in 0.0128471 seconds
Number of updated asset objects reloaded before import = 0Number of asset objects unloaded after import = 2

========================================================================
Received Import Request.
  Time since last request: 0.000020 seconds.
  path: Assets/Spine Examples/Spine Skeletons/mix-and-match/mix-and-match-pro.json
  artifactKey: Guid(05c17836f4f4fe748b11ad96e9436421) Importer(2089858483,b0f066a214c2f5e87bad3c948f4d605d)
Start importing Assets/Spine Examples/Spine Skeletons/mix-and-match/mix-and-match-pro.json using Guid(05c17836f4f4fe748b11ad96e9436421) Importer(2089858483,b0f066a214c2f5e87bad3c948f4d605d) (ScriptedImporter) -> (artifact id: '26715787928bcf26ec2f2b20400da790') in 0.0114425 seconds
Number of updated asset objects reloaded before import = 0Number of asset objects unloaded after import = 1

========================================================================
Received Import Request.
  Time since last request: 0.000020 seconds.
  path: Assets/Spine Examples/Spine Skeletons/Gauge/Gauge.json
  artifactKey: Guid(af5e86c10d52bad43b0b62542815f199) Importer(2089858483,b0f066a214c2f5e87bad3c948f4d605d)
Start importing Assets/Spine Examples/Spine Skeletons/Gauge/Gauge.json using Guid(af5e86c10d52bad43b0b62542815f199) Importer(2089858483,b0f066a214c2f5e87bad3c948f4d605d) (ScriptedImporter) -> (artifact id: 'c0589f559a4e5fdbc78eee98b833c3a6') in 0.0117066 seconds
Number of updated asset objects reloaded before import = 0Number of asset objects unloaded after import = 1

========================================================================
Received Import Request.
  Time since last request: 0.000028 seconds.
  path: Assets/Effect/Eric VFX Studio/Resource/Textures/Radial Glow.png
  artifactKey: Guid(40307c7169d6da940aa38b86ea8e1d4a) Importer(2089858483,b0f066a214c2f5e87bad3c948f4d605d)
Start importing Assets/Effect/Eric VFX Studio/Resource/Textures/Radial Glow.png using Guid(40307c7169d6da940aa38b86ea8e1d4a) Importer(2089858483,b0f066a214c2f5e87bad3c948f4d605d) (ScriptedImporter) -> (artifact id: '4432fc5d9b438473345ab11e96772254') in 0.0162522 seconds
Number of updated asset objects reloaded before import = 0Number of asset objects unloaded after import = 1

========================================================================
Received Import Request.
  Time since last request: 0.000014 seconds.
  path: Assets/Effect/Cartoon FX Remaster/CFXR Prefabs/Texts/CFXR _SLASH_.prefab
  artifactKey: Guid(019faff12646bd8438ea56e8e7861fd8) Importer(2089858483,b0f066a214c2f5e87bad3c948f4d605d)
Start importing Assets/Effect/Cartoon FX Remaster/CFXR Prefabs/Texts/CFXR _SLASH_.prefab using Guid(019faff12646bd8438ea56e8e7861fd8) Importer(2089858483,b0f066a214c2f5e87bad3c948f4d605d) (ScriptedImporter) -> (artifact id: '6b90423d0748ca1819aaf8e1d16de8c6') in 0.037944 seconds
Number of updated asset objects reloaded before import = 0Number of asset objects unloaded after import = 31

========================================================================
Received Import Request.
  Time since last request: 15.119514 seconds.
  path: Assets/Spine2D Knight Character Animation Pack/Exports/Frame by frame/buff_2/clown_export-buff_2_7.png
  artifactKey: Guid(97f367f23557f464eb2102e0a5dddb44) Importer(2089858483,b0f066a214c2f5e87bad3c948f4d605d)
Start importing Assets/Spine2D Knight Character Animation Pack/Exports/Frame by frame/buff_2/clown_export-buff_2_7.png using Guid(97f367f23557f464eb2102e0a5dddb44) Importer(2089858483,b0f066a214c2f5e87bad3c948f4d605d) (ScriptedImporter) -> (artifact id: '211f17f66729bb37b1cbc82cb45e64a7') in 0.0193438 seconds
Number of updated asset objects reloaded before import = 0Number of asset objects unloaded after import = 3

========================================================================
Received Import Request.
  Time since last request: 0.000030 seconds.
  path: Assets/Spine2D Knight Character Animation Pack/Exports/Frame by frame/buff_3/clown_export-buff_3_51.png
  artifactKey: Guid(6d6070e8258d3594a83f880c697885b7) Importer(2089858483,b0f066a214c2f5e87bad3c948f4d605d)
Start importing Assets/Spine2D Knight Character Animation Pack/Exports/Frame by frame/buff_3/clown_export-buff_3_51.png using Guid(6d6070e8258d3594a83f880c697885b7) Importer(2089858483,b0f066a214c2f5e87bad3c948f4d605d) (ScriptedImporter) -> (artifact id: 'f665a243e0161eb0b40862a3e14ae7d2') in 0.0171697 seconds
Number of updated asset objects reloaded before import = 0Number of asset objects unloaded after import = 3

========================================================================
Received Import Request.
  Time since last request: 0.000019 seconds.
  path: Assets/Spine2D Knight Character Animation Pack/Exports/Frame by frame/buff_3/clown_export-buff_3_29.png
  artifactKey: Guid(7b5bdf4d15f1c5c48a9aa6cb5dcf8161) Importer(2089858483,b0f066a214c2f5e87bad3c948f4d605d)
Start importing Assets/Spine2D Knight Character Animation Pack/Exports/Frame by frame/buff_3/clown_export-buff_3_29.png using Guid(7b5bdf4d15f1c5c48a9aa6cb5dcf8161) Importer(2089858483,b0f066a214c2f5e87bad3c948f4d605d) (ScriptedImporter) -> (artifact id: '46696f5ad6d1441a3c3ebcecf829ea3c') in 0.0174372 seconds
Number of updated asset objects reloaded before import = 0Number of asset objects unloaded after import = 3

========================================================================
Received Import Request.
  Time since last request: 0.000027 seconds.
  path: Assets/Spine2D Knight Character Animation Pack/Exports/Frame by frame/idle_2/clown_export-idle_3_22.png
  artifactKey: Guid(c5b58f5658a443f4487a290547b56761) Importer(2089858483,b0f066a214c2f5e87bad3c948f4d605d)
Start importing Assets/Spine2D Knight Character Animation Pack/Exports/Frame by frame/idle_2/clown_export-idle_3_22.png using Guid(c5b58f5658a443f4487a290547b56761) Importer(2089858483,b0f066a214c2f5e87bad3c948f4d605d) (ScriptedImporter) -> (artifact id: '2f0eba7702f023b6a1942ba862ae1545') in 0.027784 seconds
Number of updated asset objects reloaded before import = 0Number of asset objects unloaded after import = 3

========================================================================
Received Import Request.
  Time since last request: 0.000034 seconds.
  path: Assets/Spine2D Knight Character Animation Pack/Exports/Frame by frame/dead/clown_export-dead_14.png
  artifactKey: Guid(0f41753fd6c3a644f8a777bb4b78c575) Importer(2089858483,b0f066a214c2f5e87bad3c948f4d605d)
Start importing Assets/Spine2D Knight Character Animation Pack/Exports/Frame by frame/dead/clown_export-dead_14.png using Guid(0f41753fd6c3a644f8a777bb4b78c575) Importer(2089858483,b0f066a214c2f5e87bad3c948f4d605d) (ScriptedImporter) -> (artifact id: 'dbb27b0a33a1a0924bd335907e929b2c') in 0.0276788 seconds
Number of updated asset objects reloaded before import = 0Number of asset objects unloaded after import = 3

========================================================================
Received Import Request.
  Time since last request: 0.000023 seconds.
  path: Assets/Spine2D Knight Character Animation Pack/Exports/Frame by frame/hit/clown_export-hit_34.png
  artifactKey: Guid(be4f27fb54b39fa4b947e06f0bcabda1) Importer(2089858483,b0f066a214c2f5e87bad3c948f4d605d)
Start importing Assets/Spine2D Knight Character Animation Pack/Exports/Frame by frame/hit/clown_export-hit_34.png using Guid(be4f27fb54b39fa4b947e06f0bcabda1) Importer(2089858483,b0f066a214c2f5e87bad3c948f4d605d) (ScriptedImporter) -> (artifact id: 'eb1a8885b4bf9d690eed0dfd9d3f1737') in 0.0290298 seconds
Number of updated asset objects reloaded before import = 0Number of asset objects unloaded after import = 3

========================================================================
Received Import Request.
  Time since last request: 0.000022 seconds.
  path: Assets/Spine2D Knight Character Animation Pack/Exports/Frame by frame/idle_2/clown_export-idle_3_13.png
  artifactKey: Guid(afec97a93a585dd40bd8b8fc4dd835de) Importer(2089858483,b0f066a214c2f5e87bad3c948f4d605d)
Start importing Assets/Spine2D Knight Character Animation Pack/Exports/Frame by frame/idle_2/clown_export-idle_3_13.png using Guid(afec97a93a585dd40bd8b8fc4dd835de) Importer(2089858483,b0f066a214c2f5e87bad3c948f4d605d) (ScriptedImporter) -> (artifact id: '7c22df246fad6bb935444a4b3d90229c') in 0.0256533 seconds
Number of updated asset objects reloaded before import = 0Number of asset objects unloaded after import = 3

========================================================================
Received Import Request.
  Time since last request: 0.000024 seconds.
  path: Assets/Spine2D Knight Character Animation Pack/Exports/Frame by frame/idle_2/clown_export-idle_3_19.png
  artifactKey: Guid(52ef8f2f47b0b6d47b007ecc423182d0) Importer(2089858483,b0f066a214c2f5e87bad3c948f4d605d)
Start importing Assets/Spine2D Knight Character Animation Pack/Exports/Frame by frame/idle_2/clown_export-idle_3_19.png using Guid(52ef8f2f47b0b6d47b007ecc423182d0) Importer(2089858483,b0f066a214c2f5e87bad3c948f4d605d) (ScriptedImporter) -> (artifact id: 'b942df748224f1eb5bd254c275075da5') in 0.0236101 seconds
Number of updated asset objects reloaded before import = 0Number of asset objects unloaded after import = 3

========================================================================
Received Import Request.
  Time since last request: 0.000039 seconds.
  path: Assets/Spine2D Knight Character Animation Pack/Exports/Frame by frame/buff_3/clown_export-buff_3_9.png
  artifactKey: Guid(2e5c44b07c1db0940855195fe55678e0) Importer(2089858483,b0f066a214c2f5e87bad3c948f4d605d)
Start importing Assets/Spine2D Knight Character Animation Pack/Exports/Frame by frame/buff_3/clown_export-buff_3_9.png using Guid(2e5c44b07c1db0940855195fe55678e0) Importer(2089858483,b0f066a214c2f5e87bad3c948f4d605d) (ScriptedImporter) -> (artifact id: '3dd6ab36abe791e5a1245243e01b0757') in 0.0191824 seconds
Number of updated asset objects reloaded before import = 0Number of asset objects unloaded after import = 3

========================================================================
Received Import Request.
  Time since last request: 0.000023 seconds.
  path: Assets/Spine2D Knight Character Animation Pack/Exports/Frame by frame/idle_2/clown_export-idle_3_25.png
  artifactKey: Guid(5f4a90ab74f6bfe4f88025e5692360e1) Importer(2089858483,b0f066a214c2f5e87bad3c948f4d605d)
Start importing Assets/Spine2D Knight Character Animation Pack/Exports/Frame by frame/idle_2/clown_export-idle_3_25.png using Guid(5f4a90ab74f6bfe4f88025e5692360e1) Importer(2089858483,b0f066a214c2f5e87bad3c948f4d605d) (ScriptedImporter) -> (artifact id: 'e05defb9e7dc1d045736accf83f61269') in 0.0202582 seconds
Number of updated asset objects reloaded before import = 0Number of asset objects unloaded after import = 3

========================================================================
Received Import Request.
  Time since last request: 0.000021 seconds.
  path: Assets/Spine2D Knight Character Animation Pack/Exports/Frame by frame/buff_3/clown_export-buff_3_47.png
  artifactKey: Guid(802bb117e717b2548b72a1ac8dd0023b) Importer(2089858483,b0f066a214c2f5e87bad3c948f4d605d)
Start importing Assets/Spine2D Knight Character Animation Pack/Exports/Frame by frame/buff_3/clown_export-buff_3_47.png using Guid(802bb117e717b2548b72a1ac8dd0023b) Importer(2089858483,b0f066a214c2f5e87bad3c948f4d605d) (ScriptedImporter) -> (artifact id: '5733a44a1bc8366d7e39aae83430a3a6') in 0.0187967 seconds
Number of updated asset objects reloaded before import = 0Number of asset objects unloaded after import = 3

========================================================================
Received Import Request.
  Time since last request: 0.000024 seconds.
  path: Assets/Spine2D Knight Character Animation Pack/Exports/Frame by frame/idle_1/clown_export-idle_2_0.png
  artifactKey: Guid(3618a83a4e5943544af858792752ae7c) Importer(2089858483,b0f066a214c2f5e87bad3c948f4d605d)
Start importing Assets/Spine2D Knight Character Animation Pack/Exports/Frame by frame/idle_1/clown_export-idle_2_0.png using Guid(3618a83a4e5943544af858792752ae7c) Importer(2089858483,b0f066a214c2f5e87bad3c948f4d605d) (ScriptedImporter) -> (artifact id: '51d31e5f3b6338a35dd69adfb993115a') in 0.027821 seconds
Number of updated asset objects reloaded before import = 0Number of asset objects unloaded after import = 3

========================================================================
Received Import Request.
  Time since last request: 0.000041 seconds.
  path: Assets/Spine2D Knight Character Animation Pack/Exports/Frame by frame/dead/clown_export-dead_34.png
  artifactKey: Guid(7c4ded0331b0c994ea086cc442813c33) Importer(2089858483,b0f066a214c2f5e87bad3c948f4d605d)
Start importing Assets/Spine2D Knight Character Animation Pack/Exports/Frame by frame/dead/clown_export-dead_34.png using Guid(7c4ded0331b0c994ea086cc442813c33) Importer(2089858483,b0f066a214c2f5e87bad3c948f4d605d) (ScriptedImporter) -> (artifact id: '35503d0e52943bdff782f30d6bb9fc14') in 0.0217309 seconds
Number of updated asset objects reloaded before import = 0Number of asset objects unloaded after import = 3

========================================================================
Received Import Request.
  Time since last request: 0.000027 seconds.
  path: Assets/Spine2D Knight Character Animation Pack/Exports/Frame by frame/dead/clown_export-dead_40.png
  artifactKey: Guid(66de9f2c76dcb9e41bdd127e0e6dfe3a) Importer(2089858483,b0f066a214c2f5e87bad3c948f4d605d)
Start importing Assets/Spine2D Knight Character Animation Pack/Exports/Frame by frame/dead/clown_export-dead_40.png using Guid(66de9f2c76dcb9e41bdd127e0e6dfe3a) Importer(2089858483,b0f066a214c2f5e87bad3c948f4d605d) (ScriptedImporter) -> (artifact id: 'd6311e86ccb4794528f3324a7134fc7b') in 0.0201911 seconds
Number of updated asset objects reloaded before import = 0Number of asset objects unloaded after import = 3

========================================================================
Received Import Request.
  Time since last request: 0.000023 seconds.
  path: Assets/Spine2D Knight Character Animation Pack/Exports/Frame by frame/hit/clown_export-hit_13.png
  artifactKey: Guid(1755ffd0630f07e46aad20bc9af79a0d) Importer(2089858483,b0f066a214c2f5e87bad3c948f4d605d)
Start importing Assets/Spine2D Knight Character Animation Pack/Exports/Frame by frame/hit/clown_export-hit_13.png using Guid(1755ffd0630f07e46aad20bc9af79a0d) Importer(2089858483,b0f066a214c2f5e87bad3c948f4d605d) (ScriptedImporter) -> (artifact id: '7009b31cdabb934e323dbe665d23c1fd') in 0.0222588 seconds
Number of updated asset objects reloaded before import = 0Number of asset objects unloaded after import = 3

========================================================================
Received Import Request.
  Time since last request: 0.000024 seconds.
  path: Assets/Spine2D Knight Character Animation Pack/Exports/Frame by frame/dead/clown_export-dead_38.png
  artifactKey: Guid(42ed0160e2f60b54a918368fe466f1b6) Importer(2089858483,b0f066a214c2f5e87bad3c948f4d605d)
Start importing Assets/Spine2D Knight Character Animation Pack/Exports/Frame by frame/dead/clown_export-dead_38.png using Guid(42ed0160e2f60b54a918368fe466f1b6) Importer(2089858483,b0f066a214c2f5e87bad3c948f4d605d) (ScriptedImporter) -> (artifact id: '9cd844205e25325547c361c7e9d24151') in 0.0197374 seconds
Number of updated asset objects reloaded before import = 0Number of asset objects unloaded after import = 3

========================================================================
Received Import Request.
  Time since last request: 0.000035 seconds.
  path: Assets/Spine2D Knight Character Animation Pack/Exports/Frame by frame/idle_2/clown_export-idle_3_28.png
  artifactKey: Guid(c4e2e3f12f422fc4f8e063da0cc62e6d) Importer(2089858483,b0f066a214c2f5e87bad3c948f4d605d)
Start importing Assets/Spine2D Knight Character Animation Pack/Exports/Frame by frame/idle_2/clown_export-idle_3_28.png using Guid(c4e2e3f12f422fc4f8e063da0cc62e6d) Importer(2089858483,b0f066a214c2f5e87bad3c948f4d605d) (ScriptedImporter) -> (artifact id: '5dff59164fde3b5a4927a387ac59e4a8') in 0.0359638 seconds
Number of updated asset objects reloaded before import = 0Number of asset objects unloaded after import = 3

========================================================================
Received Import Request.
  Time since last request: 0.000035 seconds.
  path: Assets/Spine2D Knight Character Animation Pack/Exports/Frame by frame/idle_2/clown_export-idle_3_10.png
  artifactKey: Guid(198510bcb1f9dad44b563f33d5354d21) Importer(2089858483,b0f066a214c2f5e87bad3c948f4d605d)
Start importing Assets/Spine2D Knight Character Animation Pack/Exports/Frame by frame/idle_2/clown_export-idle_3_10.png using Guid(198510bcb1f9dad44b563f33d5354d21) Importer(2089858483,b0f066a214c2f5e87bad3c948f4d605d) (ScriptedImporter) -> (artifact id: '944af2e338c0862772750c36f49e7394') in 0.0230602 seconds
Number of updated asset objects reloaded before import = 0Number of asset objects unloaded after import = 3

========================================================================
Received Import Request.
  Time since last request: 0.000026 seconds.
  path: Assets/Spine2D Knight Character Animation Pack/Exports/Frame by frame/dead/clown_export-dead_39.png
  artifactKey: Guid(bec90f3433dd1824bb3444219adb4063) Importer(2089858483,b0f066a214c2f5e87bad3c948f4d605d)
Start importing Assets/Spine2D Knight Character Animation Pack/Exports/Frame by frame/dead/clown_export-dead_39.png using Guid(bec90f3433dd1824bb3444219adb4063) Importer(2089858483,b0f066a214c2f5e87bad3c948f4d605d) (ScriptedImporter) -> (artifact id: '83afb283c86ab56c96ddfbb3b3e0981b') in 0.0217788 seconds
Number of updated asset objects reloaded before import = 0Number of asset objects unloaded after import = 3

========================================================================
Received Import Request.
  Time since last request: 0.000034 seconds.
  path: Assets/Spine2D Knight Character Animation Pack/Exports/Frame by frame/dead/clown_export-dead_11.png
  artifactKey: Guid(98f3f3bfb1f622f4387a81b6c06dfe36) Importer(2089858483,b0f066a214c2f5e87bad3c948f4d605d)
Start importing Assets/Spine2D Knight Character Animation Pack/Exports/Frame by frame/dead/clown_export-dead_11.png using Guid(98f3f3bfb1f622f4387a81b6c06dfe36) Importer(2089858483,b0f066a214c2f5e87bad3c948f4d605d) (ScriptedImporter) -> (artifact id: 'd29a8e6ff732c320be5fe46caa5c8949') in 0.0288827 seconds
Number of updated asset objects reloaded before import = 0Number of asset objects unloaded after import = 3

========================================================================
Received Import Request.
  Time since last request: 0.000036 seconds.
  path: Assets/Spine2D Knight Character Animation Pack/Exports/Frame by frame/dead/clown_export-dead_5.png
  artifactKey: Guid(1b43c08d76701644e81d92ae0a0d24cf) Importer(2089858483,b0f066a214c2f5e87bad3c948f4d605d)
Start importing Assets/Spine2D Knight Character Animation Pack/Exports/Frame by frame/dead/clown_export-dead_5.png using Guid(1b43c08d76701644e81d92ae0a0d24cf) Importer(2089858483,b0f066a214c2f5e87bad3c948f4d605d) (ScriptedImporter) -> (artifact id: 'c0d4b07e035eeec097a83e2ae963c261') in 0.0240232 seconds
Number of updated asset objects reloaded before import = 0Number of asset objects unloaded after import = 3

========================================================================
Received Import Request.
  Time since last request: 0.000024 seconds.
  path: Assets/Spine2D Knight Character Animation Pack/Exports/Frame by frame/jump/clown_export-jump_28.png
  artifactKey: Guid(c870b5e25ceafa94ab276e7baf4ed294) Importer(2089858483,b0f066a214c2f5e87bad3c948f4d605d)
Start importing Assets/Spine2D Knight Character Animation Pack/Exports/Frame by frame/jump/clown_export-jump_28.png using Guid(c870b5e25ceafa94ab276e7baf4ed294) Importer(2089858483,b0f066a214c2f5e87bad3c948f4d605d) (ScriptedImporter) -> (artifact id: '9528bff63a3209373d4480f215b6f819') in 0.0378707 seconds
Number of updated asset objects reloaded before import = 0Number of asset objects unloaded after import = 3

========================================================================
Received Import Request.
  Time since last request: 0.000026 seconds.
  path: Assets/Spine2D Knight Character Animation Pack/Exports/Frame by frame/buff_3/clown_export-buff_3_14.png
  artifactKey: Guid(fcfb16902ce913e42aa5c98caf9ded5c) Importer(2089858483,b0f066a214c2f5e87bad3c948f4d605d)
Start importing Assets/Spine2D Knight Character Animation Pack/Exports/Frame by frame/buff_3/clown_export-buff_3_14.png using Guid(fcfb16902ce913e42aa5c98caf9ded5c) Importer(2089858483,b0f066a214c2f5e87bad3c948f4d605d) (ScriptedImporter) -> (artifact id: '990f860e995f1719fc1efe8c37302299') in 0.0204966 seconds
Number of updated asset objects reloaded before import = 0Number of asset objects unloaded after import = 3

========================================================================
Received Import Request.
  Time since last request: 0.000034 seconds.
  path: Assets/Spine2D Knight Character Animation Pack/Exports/Frame by frame/buff_3/clown_export-buff_3_10.png
  artifactKey: Guid(4f820b17eee0b124381c6a111aa20541) Importer(2089858483,b0f066a214c2f5e87bad3c948f4d605d)
Start importing Assets/Spine2D Knight Character Animation Pack/Exports/Frame by frame/buff_3/clown_export-buff_3_10.png using Guid(4f820b17eee0b124381c6a111aa20541) Importer(2089858483,b0f066a214c2f5e87bad3c948f4d605d) (ScriptedImporter) -> (artifact id: 'b496a58981d965326ca65a8397354e94') in 0.0183423 seconds
Number of updated asset objects reloaded before import = 0Number of asset objects unloaded after import = 3

========================================================================
Received Import Request.
  Time since last request: 0.000038 seconds.
  path: Assets/Spine2D Knight Character Animation Pack/Exports/Frame by frame/dead/clown_export-dead_12.png
  artifactKey: Guid(b5780ba8af9997549b0184bd824d8035) Importer(2089858483,b0f066a214c2f5e87bad3c948f4d605d)
Start importing Assets/Spine2D Knight Character Animation Pack/Exports/Frame by frame/dead/clown_export-dead_12.png using Guid(b5780ba8af9997549b0184bd824d8035) Importer(2089858483,b0f066a214c2f5e87bad3c948f4d605d) (ScriptedImporter) -> (artifact id: 'c03b0ba130b0705a0081937db96c36eb') in 0.3073666 seconds
Number of updated asset objects reloaded before import = 0Number of asset objects unloaded after import = 3

========================================================================
Received Import Request.
  Time since last request: 0.000023 seconds.
  path: Assets/Spine2D Knight Character Animation Pack/Exports/Frame by frame/run_shield/clown_export-run_shield_20.png
  artifactKey: Guid(2c7cb85a902efca42a295136ddbabb3e) Importer(2089858483,b0f066a214c2f5e87bad3c948f4d605d)
Start importing Assets/Spine2D Knight Character Animation Pack/Exports/Frame by frame/run_shield/clown_export-run_shield_20.png using Guid(2c7cb85a902efca42a295136ddbabb3e) Importer(2089858483,b0f066a214c2f5e87bad3c948f4d605d) (ScriptedImporter) -> (artifact id: 'd8f4f805c3cbb2cc21791fdeea05a69f') in 0.0215394 seconds
Number of updated asset objects reloaded before import = 0Number of asset objects unloaded after import = 3

========================================================================
Received Import Request.
  Time since last request: 0.000029 seconds.
  path: Assets/Spine2D Knight Character Animation Pack/Exports/Frame by frame/stun/clown_export-stun_13.png
  artifactKey: Guid(c4dba90c06f90cb48bfdf8b872fb7c0f) Importer(2089858483,b0f066a214c2f5e87bad3c948f4d605d)
Start importing Assets/Spine2D Knight Character Animation Pack/Exports/Frame by frame/stun/clown_export-stun_13.png using Guid(c4dba90c06f90cb48bfdf8b872fb7c0f) Importer(2089858483,b0f066a214c2f5e87bad3c948f4d605d) (ScriptedImporter) -> (artifact id: '2ddc66fc1054786bff39dd45de83f096') in 0.0194439 seconds
Number of updated asset objects reloaded before import = 0Number of asset objects unloaded after import = 3

========================================================================
Received Import Request.
  Time since last request: 0.000022 seconds.
  path: Assets/Spine2D Knight Character Animation Pack/Exports/Frame by frame/sword_attack/clown_export-sword_attack_5.png
  artifactKey: Guid(3ef8d4249509d724788a1cb13fb3ff9b) Importer(2089858483,b0f066a214c2f5e87bad3c948f4d605d)
Start importing Assets/Spine2D Knight Character Animation Pack/Exports/Frame by frame/sword_attack/clown_export-sword_attack_5.png using Guid(3ef8d4249509d724788a1cb13fb3ff9b) Importer(2089858483,b0f066a214c2f5e87bad3c948f4d605d) (ScriptedImporter) -> (artifact id: 'f1042c3468aa63ed36c80658e1ddf846') in 0.0184778 seconds
Number of updated asset objects reloaded before import = 0Number of asset objects unloaded after import = 3

========================================================================
Received Import Request.
  Time since last request: 0.000028 seconds.
  path: Assets/Spine2D Knight Character Animation Pack/Exports/Frame by frame/run_shield/clown_export-run_shield_22.png
  artifactKey: Guid(468b309291f326c46b5d34fb27a6b43e) Importer(2089858483,b0f066a214c2f5e87bad3c948f4d605d)
Start importing Assets/Spine2D Knight Character Animation Pack/Exports/Frame by frame/run_shield/clown_export-run_shield_22.png using Guid(468b309291f326c46b5d34fb27a6b43e) Importer(2089858483,b0f066a214c2f5e87bad3c948f4d605d) (ScriptedImporter) -> (artifact id: '7927c4aeeb11cca4c86e8870027cc78f') in 0.0190721 seconds
Number of updated asset objects reloaded before import = 0Number of asset objects unloaded after import = 3

========================================================================
Received Import Request.
  Time since last request: 0.000024 seconds.
  path: Assets/Spine2D Knight Character Animation Pack/Exports/Frame by frame/shield_attack/clown_export-shield_attack_34.png
  artifactKey: Guid(bdd678de6c2efc74b9c43d6e271ac27a) Importer(2089858483,b0f066a214c2f5e87bad3c948f4d605d)
Start importing Assets/Spine2D Knight Character Animation Pack/Exports/Frame by frame/shield_attack/clown_export-shield_attack_34.png using Guid(bdd678de6c2efc74b9c43d6e271ac27a) Importer(2089858483,b0f066a214c2f5e87bad3c948f4d605d) (ScriptedImporter) -> (artifact id: 'f272d6f97cb8a54106ceea44f3135f6e') in 0.0257704 seconds
Number of updated asset objects reloaded before import = 0Number of asset objects unloaded after import = 3

========================================================================
Received Import Request.
  Time since last request: 0.000035 seconds.
  path: Assets/Spine2D Knight Character Animation Pack/Exports/Frame by frame/sword_attack/clown_export-sword_attack_34.png
  artifactKey: Guid(a916f0f608169214eb4737a7243912bc) Importer(2089858483,b0f066a214c2f5e87bad3c948f4d605d)
Start importing Assets/Spine2D Knight Character Animation Pack/Exports/Frame by frame/sword_attack/clown_export-sword_attack_34.png using Guid(a916f0f608169214eb4737a7243912bc) Importer(2089858483,b0f066a214c2f5e87bad3c948f4d605d) (ScriptedImporter) -> (artifact id: '58db69df870360e29805bb32a7bb6f83') in 0.0209757 seconds
Number of updated asset objects reloaded before import = 0Number of asset objects unloaded after import = 3

========================================================================
Received Import Request.
  Time since last request: 0.000029 seconds.
  path: Assets/Spine2D Knight Character Animation Pack/Exports/Frame by frame/shield_attack/clown_export-shield_attack_31.png
  artifactKey: Guid(5dcf8f24f82f3c44a818895fc20283d6) Importer(2089858483,b0f066a214c2f5e87bad3c948f4d605d)
Start importing Assets/Spine2D Knight Character Animation Pack/Exports/Frame by frame/shield_attack/clown_export-shield_attack_31.png using Guid(5dcf8f24f82f3c44a818895fc20283d6) Importer(2089858483,b0f066a214c2f5e87bad3c948f4d605d) (ScriptedImporter) -> (artifact id: 'eac9f3018322671593ef4752369962aa') in 0.0253984 seconds
Number of updated asset objects reloaded before import = 0Number of asset objects unloaded after import = 3

========================================================================
Received Import Request.
  Time since last request: 0.000027 seconds.
  path: Assets/Spine2D Knight Character Animation Pack/Exports/Frame by frame/jump/clown_export-jump_33.png
  artifactKey: Guid(691fffc193285cf47963a2b19e558216) Importer(2089858483,b0f066a214c2f5e87bad3c948f4d605d)
Start importing Assets/Spine2D Knight Character Animation Pack/Exports/Frame by frame/jump/clown_export-jump_33.png using Guid(691fffc193285cf47963a2b19e558216) Importer(2089858483,b0f066a214c2f5e87bad3c948f4d605d) (ScriptedImporter) -> (artifact id: '5cc9314e45194f36e85605d5ae0d55af') in 0.0185523 seconds
Number of updated asset objects reloaded before import = 0Number of asset objects unloaded after import = 3

========================================================================
Received Import Request.
  Time since last request: 0.000026 seconds.
  path: Assets/Spine2D Knight Character Animation Pack/Exports/Frame by frame/run/clown_export-run_3.png
  artifactKey: Guid(99d4bb384a7ee9841999677061f603e6) Importer(2089858483,b0f066a214c2f5e87bad3c948f4d605d)
Start importing Assets/Spine2D Knight Character Animation Pack/Exports/Frame by frame/run/clown_export-run_3.png using Guid(99d4bb384a7ee9841999677061f603e6) Importer(2089858483,b0f066a214c2f5e87bad3c948f4d605d) (ScriptedImporter) -> (artifact id: 'd7a837e9a1e7fef9542be7ed35b3fcbb') in 0.0327522 seconds
Number of updated asset objects reloaded before import = 0Number of asset objects unloaded after import = 3

========================================================================
Received Import Request.
  Time since last request: 0.000030 seconds.
  path: Assets/Spine2D Knight Character Animation Pack/Exports/Frame by frame/stun/clown_export-stun_16.png
  artifactKey: Guid(fe9d32acac2f2e044ab81e1909ace144) Importer(2089858483,b0f066a214c2f5e87bad3c948f4d605d)
Start importing Assets/Spine2D Knight Character Animation Pack/Exports/Frame by frame/stun/clown_export-stun_16.png using Guid(fe9d32acac2f2e044ab81e1909ace144) Importer(2089858483,b0f066a214c2f5e87bad3c948f4d605d) (ScriptedImporter) -> (artifact id: '88e9fd5d488b903c3577d4f72665474c') in 0.0187067 seconds
Number of updated asset objects reloaded before import = 0Number of asset objects unloaded after import = 3

========================================================================
Received Import Request.
  Time since last request: 0.000022 seconds.
  path: Assets/Spine2D Knight Character Animation Pack/Exports/Frame by frame/run_shield/clown_export-run_shield_8.png
  artifactKey: Guid(b87ae2e0ebe08cf4faeacb75fa3ed571) Importer(2089858483,b0f066a214c2f5e87bad3c948f4d605d)
Start importing Assets/Spine2D Knight Character Animation Pack/Exports/Frame by frame/run_shield/clown_export-run_shield_8.png using Guid(b87ae2e0ebe08cf4faeacb75fa3ed571) Importer(2089858483,b0f066a214c2f5e87bad3c948f4d605d) (ScriptedImporter) -> (artifact id: '8dd2280eb2904d5029d68e56b78e6193') in 0.0194165 seconds
Number of updated asset objects reloaded before import = 0Number of asset objects unloaded after import = 3

========================================================================
Received Import Request.
  Time since last request: 0.000020 seconds.
  path: Assets/Spine2D Knight Character Animation Pack/Exports/Frame by frame/buff_3/clown_export-buff_3_26.png
  artifactKey: Guid(93439da720c363946a272610fbb64011) Importer(2089858483,b0f066a214c2f5e87bad3c948f4d605d)
Start importing Assets/Spine2D Knight Character Animation Pack/Exports/Frame by frame/buff_3/clown_export-buff_3_26.png using Guid(93439da720c363946a272610fbb64011) Importer(2089858483,b0f066a214c2f5e87bad3c948f4d605d) (ScriptedImporter) -> (artifact id: '3f1afcbc038742ab5c24e3fbcf3fd19b') in 0.0236791 seconds
Number of updated asset objects reloaded before import = 0Number of asset objects unloaded after import = 3

========================================================================
Received Import Request.
  Time since last request: 0.000028 seconds.
  path: Assets/Spine2D Knight Character Animation Pack/Exports/Frame by frame/shield_attack/clown_export-shield_attack_1.png
  artifactKey: Guid(5c328f39823a88d4c84cb1ae69be14b3) Importer(2089858483,b0f066a214c2f5e87bad3c948f4d605d)
Start importing Assets/Spine2D Knight Character Animation Pack/Exports/Frame by frame/shield_attack/clown_export-shield_attack_1.png using Guid(5c328f39823a88d4c84cb1ae69be14b3) Importer(2089858483,b0f066a214c2f5e87bad3c948f4d605d) (ScriptedImporter) -> (artifact id: '516e4a8ca6e8e838b9c638f30ebe3361') in 0.0237528 seconds
Number of updated asset objects reloaded before import = 0Number of asset objects unloaded after import = 3

========================================================================
Received Import Request.
  Time since last request: 0.000030 seconds.
  path: Assets/Spine2D Knight Character Animation Pack/Exports/Frame by frame/dead/clown_export-dead_24.png
  artifactKey: Guid(d90393d2267ded647b773ce16cb42826) Importer(2089858483,b0f066a214c2f5e87bad3c948f4d605d)
Start importing Assets/Spine2D Knight Character Animation Pack/Exports/Frame by frame/dead/clown_export-dead_24.png using Guid(d90393d2267ded647b773ce16cb42826) Importer(2089858483,b0f066a214c2f5e87bad3c948f4d605d) (ScriptedImporter) -> (artifact id: 'b505ec9e39f6b9dba7f669e6a78e9bb2') in 0.0239384 seconds
Number of updated asset objects reloaded before import = 0Number of asset objects unloaded after import = 3

========================================================================
Received Import Request.
  Time since last request: 0.000039 seconds.
  path: Assets/Spine2D Knight Character Animation Pack/Exports/Frame by frame/stun/clown_export-stun_20.png
  artifactKey: Guid(7a64722e5923bf1409b5d58fee1c3d06) Importer(2089858483,b0f066a214c2f5e87bad3c948f4d605d)
Start importing Assets/Spine2D Knight Character Animation Pack/Exports/Frame by frame/stun/clown_export-stun_20.png using Guid(7a64722e5923bf1409b5d58fee1c3d06) Importer(2089858483,b0f066a214c2f5e87bad3c948f4d605d) (ScriptedImporter) -> (artifact id: '028618b285db47439846c6a9a82aa9be') in 0.0248491 seconds
Number of updated asset objects reloaded before import = 0Number of asset objects unloaded after import = 3

========================================================================
Received Import Request.
  Time since last request: 0.000027 seconds.
  path: Assets/Spine2D Knight Character Animation Pack/Exports/Frame by frame/buff_3/clown_export-buff_3_24.png
  artifactKey: Guid(6fa2699142c41354ea65a5d78cbac89f) Importer(2089858483,b0f066a214c2f5e87bad3c948f4d605d)
Start importing Assets/Spine2D Knight Character Animation Pack/Exports/Frame by frame/buff_3/clown_export-buff_3_24.png using Guid(6fa2699142c41354ea65a5d78cbac89f) Importer(2089858483,b0f066a214c2f5e87bad3c948f4d605d) (ScriptedImporter) -> (artifact id: '43799b55a396feb7985516a68c06c677') in 0.0248417 seconds
Number of updated asset objects reloaded before import = 0Number of asset objects unloaded after import = 3

========================================================================
Received Import Request.
  Time since last request: 0.000032 seconds.
  path: Assets/Spine2D Knight Character Animation Pack/Exports/Frame by frame/idle_2/clown_export-idle_3_9.png
  artifactKey: Guid(29a50719fe64fdb4c91fd2d0a1ee3d89) Importer(2089858483,b0f066a214c2f5e87bad3c948f4d605d)
Start importing Assets/Spine2D Knight Character Animation Pack/Exports/Frame by frame/idle_2/clown_export-idle_3_9.png using Guid(29a50719fe64fdb4c91fd2d0a1ee3d89) Importer(2089858483,b0f066a214c2f5e87bad3c948f4d605d) (ScriptedImporter) -> (artifact id: 'daf5e78ef4cecf8f28fcebbc776e39f4') in 0.0240959 seconds
Number of updated asset objects reloaded before import = 0Number of asset objects unloaded after import = 3

========================================================================
Received Import Request.
  Time since last request: 0.000031 seconds.
  path: Assets/Spine2D Knight Character Animation Pack/Exports/Frame by frame/buff_3/clown_export-buff_3_20.png
  artifactKey: Guid(0a3826c89cab3a148ae86516aaf8e9bc) Importer(2089858483,b0f066a214c2f5e87bad3c948f4d605d)
Start importing Assets/Spine2D Knight Character Animation Pack/Exports/Frame by frame/buff_3/clown_export-buff_3_20.png using Guid(0a3826c89cab3a148ae86516aaf8e9bc) Importer(2089858483,b0f066a214c2f5e87bad3c948f4d605d) (ScriptedImporter) -> (artifact id: '91d793a22e5d61dddcdbf01d8c1ad0d2') in 0.0245097 seconds
Number of updated asset objects reloaded before import = 0Number of asset objects unloaded after import = 3

========================================================================
Received Import Request.
  Time since last request: 0.000036 seconds.
  path: Assets/Spine2D Knight Character Animation Pack/Exports/Frame by frame/idle_1/clown_export-idle_2_2.png
  artifactKey: Guid(ec29ff9fe04fc664c8b87a3afe538b9d) Importer(2089858483,b0f066a214c2f5e87bad3c948f4d605d)
Start importing Assets/Spine2D Knight Character Animation Pack/Exports/Frame by frame/idle_1/clown_export-idle_2_2.png using Guid(ec29ff9fe04fc664c8b87a3afe538b9d) Importer(2089858483,b0f066a214c2f5e87bad3c948f4d605d) (ScriptedImporter) -> (artifact id: '3395614afa9b1f3186d7f8eeb1305ac1') in 0.0296243 seconds
Number of updated asset objects reloaded before import = 0Number of asset objects unloaded after import = 3

========================================================================
Received Import Request.
  Time since last request: 0.000029 seconds.
  path: Assets/Spine2D Knight Character Animation Pack/Exports/Frame by frame/idle_1/clown_export-idle_2_14.png
  artifactKey: Guid(4adc07ba109b07341b50e3ba31911265) Importer(2089858483,b0f066a214c2f5e87bad3c948f4d605d)
Start importing Assets/Spine2D Knight Character Animation Pack/Exports/Frame by frame/idle_1/clown_export-idle_2_14.png using Guid(4adc07ba109b07341b50e3ba31911265) Importer(2089858483,b0f066a214c2f5e87bad3c948f4d605d) (ScriptedImporter) -> (artifact id: '411e2c689ffdc043f3be2d0a5731a653') in 0.0282747 seconds
Number of updated asset objects reloaded before import = 0Number of asset objects unloaded after import = 3

========================================================================
Received Import Request.
  Time since last request: 0.000029 seconds.
  path: Assets/Spine2D Knight Character Animation Pack/Exports/Frame by frame/walk_shield/clown_export-walk_shield_34.png
  artifactKey: Guid(d2947a57441a4884fbb8a8463767e532) Importer(2089858483,b0f066a214c2f5e87bad3c948f4d605d)
Start importing Assets/Spine2D Knight Character Animation Pack/Exports/Frame by frame/walk_shield/clown_export-walk_shield_34.png using Guid(d2947a57441a4884fbb8a8463767e532) Importer(2089858483,b0f066a214c2f5e87bad3c948f4d605d) (ScriptedImporter) -> (artifact id: '720e962df2541e418b2551d4139700f8') in 0.0190724 seconds
Number of updated asset objects reloaded before import = 0Number of asset objects unloaded after import = 3

========================================================================
Received Import Request.
  Time since last request: 0.000032 seconds.
  path: Assets/Spine2D Knight Character Animation Pack/Exports/Frame by frame/walk/clown_export-walk_6.png
  artifactKey: Guid(cf7ee76f5f9c3664b91ffe1dfa5b2ddf) Importer(2089858483,b0f066a214c2f5e87bad3c948f4d605d)
Start importing Assets/Spine2D Knight Character Animation Pack/Exports/Frame by frame/walk/clown_export-walk_6.png using Guid(cf7ee76f5f9c3664b91ffe1dfa5b2ddf) Importer(2089858483,b0f066a214c2f5e87bad3c948f4d605d) (ScriptedImporter) -> (artifact id: 'af29fc3d67b067f9ef29480cfa37a9a3') in 0.0237837 seconds
Number of updated asset objects reloaded before import = 0Number of asset objects unloaded after import = 3

========================================================================
Received Import Request.
  Time since last request: 0.000038 seconds.
  path: Assets/Spine2D Knight Character Animation Pack/Exports/Frame by frame/walk/clown_export-walk_20.png
  artifactKey: Guid(a6238294fa54c9d4fb194a6c7ef55ec7) Importer(2089858483,b0f066a214c2f5e87bad3c948f4d605d)
Start importing Assets/Spine2D Knight Character Animation Pack/Exports/Frame by frame/walk/clown_export-walk_20.png using Guid(a6238294fa54c9d4fb194a6c7ef55ec7) Importer(2089858483,b0f066a214c2f5e87bad3c948f4d605d) (ScriptedImporter) -> (artifact id: 'dad9e408ec06dc8df3fd99769b62a228') in 0.0238049 seconds
Number of updated asset objects reloaded before import = 0Number of asset objects unloaded after import = 3

========================================================================
Received Import Request.
  Time since last request: 0.000025 seconds.
  path: Assets/Spine2D Knight Character Animation Pack/Exports/Frame by frame/walk/clown_export-walk_25.png
  artifactKey: Guid(7229845cba3f11245924e2d6a4a90d73) Importer(2089858483,b0f066a214c2f5e87bad3c948f4d605d)
Start importing Assets/Spine2D Knight Character Animation Pack/Exports/Frame by frame/walk/clown_export-walk_25.png using Guid(7229845cba3f11245924e2d6a4a90d73) Importer(2089858483,b0f066a214c2f5e87bad3c948f4d605d) (ScriptedImporter) -> (artifact id: 'e5769fdb449bed3d2a3e0f339b4842f1') in 0.0255348 seconds
Number of updated asset objects reloaded before import = 0Number of asset objects unloaded after import = 3

========================================================================
Received Import Request.
  Time since last request: 0.000033 seconds.
  path: Assets/Spine2D Knight Character Animation Pack/Exports/Frame by frame/dead/clown_export-dead_7.png
  artifactKey: Guid(d072b19756c54434c8c4a9abd1288082) Importer(2089858483,b0f066a214c2f5e87bad3c948f4d605d)
Start importing Assets/Spine2D Knight Character Animation Pack/Exports/Frame by frame/dead/clown_export-dead_7.png using Guid(d072b19756c54434c8c4a9abd1288082) Importer(2089858483,b0f066a214c2f5e87bad3c948f4d605d) (ScriptedImporter) -> (artifact id: '2ee04febf65b1a2888081912459cdd43') in 0.0252964 seconds
Number of updated asset objects reloaded before import = 0Number of asset objects unloaded after import = 3

========================================================================
Received Import Request.
  Time since last request: 0.000034 seconds.
  path: Assets/Spine2D Knight Character Animation Pack/Exports/Frame by frame/run/clown_export-run_17.png
  artifactKey: Guid(75ee19c91ea0929458946cd53e954f51) Importer(2089858483,b0f066a214c2f5e87bad3c948f4d605d)
Start importing Assets/Spine2D Knight Character Animation Pack/Exports/Frame by frame/run/clown_export-run_17.png using Guid(75ee19c91ea0929458946cd53e954f51) Importer(2089858483,b0f066a214c2f5e87bad3c948f4d605d) (ScriptedImporter) -> (artifact id: 'd1043b8f308bf920c7cff65d28e8ff79') in 0.0244597 seconds
Number of updated asset objects reloaded before import = 0Number of asset objects unloaded after import = 3

========================================================================
Received Import Request.
  Time since last request: 0.000043 seconds.
  path: Assets/Spine2D Knight Character Animation Pack/Exports/Frame by frame/sword_attack/clown_export-sword_attack_30.png
  artifactKey: Guid(4a067093547a62449b443bf564d0fb5f) Importer(2089858483,b0f066a214c2f5e87bad3c948f4d605d)
Start importing Assets/Spine2D Knight Character Animation Pack/Exports/Frame by frame/sword_attack/clown_export-sword_attack_30.png using Guid(4a067093547a62449b443bf564d0fb5f) Importer(2089858483,b0f066a214c2f5e87bad3c948f4d605d) (ScriptedImporter) -> (artifact id: '95f8418ceb25c62a1f80d966b256fd65') in 0.0234342 seconds
Number of updated asset objects reloaded before import = 0Number of asset objects unloaded after import = 3

========================================================================
Received Import Request.
  Time since last request: 0.000029 seconds.
  path: Assets/Spine2D Knight Character Animation Pack/Exports/Frame by frame/idle_1/clown_export-idle_2_12.png
  artifactKey: Guid(81f1b4d000b066a4f84a8fe6d0289fb2) Importer(2089858483,b0f066a214c2f5e87bad3c948f4d605d)
Start importing Assets/Spine2D Knight Character Animation Pack/Exports/Frame by frame/idle_1/clown_export-idle_2_12.png using Guid(81f1b4d000b066a4f84a8fe6d0289fb2) Importer(2089858483,b0f066a214c2f5e87bad3c948f4d605d) (ScriptedImporter) -> (artifact id: 'ea64421e3da887830dcaa0fd83ded9e8') in 0.0233347 seconds
Number of updated asset objects reloaded before import = 0Number of asset objects unloaded after import = 3

========================================================================
Received Import Request.
  Time since last request: 0.000027 seconds.
  path: Assets/Spine2D Knight Character Animation Pack/Exports/Frame by frame/buff_3/clown_export-buff_3_49.png
  artifactKey: Guid(19664f3891a39504e8b1c6a8f982874b) Importer(2089858483,b0f066a214c2f5e87bad3c948f4d605d)
Start importing Assets/Spine2D Knight Character Animation Pack/Exports/Frame by frame/buff_3/clown_export-buff_3_49.png using Guid(19664f3891a39504e8b1c6a8f982874b) Importer(2089858483,b0f066a214c2f5e87bad3c948f4d605d) (ScriptedImporter) -> (artifact id: '027bd32569bf7fa521bdd21a5763f120') in 0.0221842 seconds
Number of updated asset objects reloaded before import = 0Number of asset objects unloaded after import = 3

========================================================================
Received Import Request.
  Time since last request: 0.000029 seconds.
  path: Assets/Spine2D Knight Character Animation Pack/Exports/Frame by frame/walk/clown_export-walk_33.png
  artifactKey: Guid(614108fe5837e6449abb5cbdd37c6e38) Importer(2089858483,b0f066a214c2f5e87bad3c948f4d605d)
Start importing Assets/Spine2D Knight Character Animation Pack/Exports/Frame by frame/walk/clown_export-walk_33.png using Guid(614108fe5837e6449abb5cbdd37c6e38) Importer(2089858483,b0f066a214c2f5e87bad3c948f4d605d) (ScriptedImporter) -> (artifact id: '1879ea3dfefd2b7223f5a4db93cec940') in 0.0270985 seconds
Number of updated asset objects reloaded before import = 0Number of asset objects unloaded after import = 3

========================================================================
Received Import Request.
  Time since last request: 0.000044 seconds.
  path: Assets/Spine2D Knight Character Animation Pack/Exports/Frame by frame/shield_attack/clown_export-shield_attack_13.png
  artifactKey: Guid(3bd5865b9d7ce024fbe3c954a27a6ab9) Importer(2089858483,b0f066a214c2f5e87bad3c948f4d605d)
Start importing Assets/Spine2D Knight Character Animation Pack/Exports/Frame by frame/shield_attack/clown_export-shield_attack_13.png using Guid(3bd5865b9d7ce024fbe3c954a27a6ab9) Importer(2089858483,b0f066a214c2f5e87bad3c948f4d605d) (ScriptedImporter) -> (artifact id: 'b05c39359268357d3f58e65753d48a57') in 0.0279977 seconds
Number of updated asset objects reloaded before import = 0Number of asset objects unloaded after import = 3

========================================================================
Received Import Request.
  Time since last request: 0.000028 seconds.
  path: Assets/Spine2D Knight Character Animation Pack/Exports/Frame by frame/jump/clown_export-jump_7.png
  artifactKey: Guid(5375a1e9e93e2fe4faadfb368660d143) Importer(2089858483,b0f066a214c2f5e87bad3c948f4d605d)
Start importing Assets/Spine2D Knight Character Animation Pack/Exports/Frame by frame/jump/clown_export-jump_7.png using Guid(5375a1e9e93e2fe4faadfb368660d143) Importer(2089858483,b0f066a214c2f5e87bad3c948f4d605d) (ScriptedImporter) -> (artifact id: '65bbcd94dae9e62cff798a20d018e3f6') in 0.0281205 seconds
Number of updated asset objects reloaded before import = 0Number of asset objects unloaded after import = 3

========================================================================
Received Import Request.
  Time since last request: 0.000034 seconds.
  path: Assets/Spine2D Knight Character Animation Pack/Exports/Frame by frame/idle_1/clown_export-idle_2_11.png
  artifactKey: Guid(91662debcaf15714899613cf3aefaaa1) Importer(2089858483,b0f066a214c2f5e87bad3c948f4d605d)
Start importing Assets/Spine2D Knight Character Animation Pack/Exports/Frame by frame/idle_1/clown_export-idle_2_11.png using Guid(91662debcaf15714899613cf3aefaaa1) Importer(2089858483,b0f066a214c2f5e87bad3c948f4d605d) (ScriptedImporter) -> (artifact id: '2108bea5a5ff24e8423ce3964741318c') in 0.02319 seconds
Number of updated asset objects reloaded before import = 0Number of asset objects unloaded after import = 3

========================================================================
Received Import Request.
  Time since last request: 0.000026 seconds.
  path: Assets/Spine2D Knight Character Animation Pack/Exports/Frame by frame/buff_3/clown_export-buff_3_46.png
  artifactKey: Guid(bb2ea1b9423dad6489053bd23f77441d) Importer(2089858483,b0f066a214c2f5e87bad3c948f4d605d)
Start importing Assets/Spine2D Knight Character Animation Pack/Exports/Frame by frame/buff_3/clown_export-buff_3_46.png using Guid(bb2ea1b9423dad6489053bd23f77441d) Importer(2089858483,b0f066a214c2f5e87bad3c948f4d605d) (ScriptedImporter) -> (artifact id: 'df7456ba8b248c6fb3d1b48c332afcde') in 0.0194325 seconds
Number of updated asset objects reloaded before import = 0Number of asset objects unloaded after import = 3

========================================================================
Received Import Request.
  Time since last request: 0.000043 seconds.
  path: Assets/Spine2D Knight Character Animation Pack/Exports/Frame by frame/sword_attack/clown_export-sword_attack_7.png
  artifactKey: Guid(8eef60fbfee794f4081e24f6f3371535) Importer(2089858483,b0f066a214c2f5e87bad3c948f4d605d)
Start importing Assets/Spine2D Knight Character Animation Pack/Exports/Frame by frame/sword_attack/clown_export-sword_attack_7.png using Guid(8eef60fbfee794f4081e24f6f3371535) Importer(2089858483,b0f066a214c2f5e87bad3c948f4d605d) (ScriptedImporter) -> (artifact id: 'ca6983e9b2f7e8c404e344817a3ca3d7') in 0.0226746 seconds
Number of updated asset objects reloaded before import = 0Number of asset objects unloaded after import = 3

========================================================================
Received Import Request.
  Time since last request: 0.000030 seconds.
  path: Assets/Spine2D Knight Character Animation Pack/Exports/Frame by frame/stun/clown_export-stun_22.png
  artifactKey: Guid(5f86a28392c071941b0de5f5c7d731b0) Importer(2089858483,b0f066a214c2f5e87bad3c948f4d605d)
Start importing Assets/Spine2D Knight Character Animation Pack/Exports/Frame by frame/stun/clown_export-stun_22.png using Guid(5f86a28392c071941b0de5f5c7d731b0) Importer(2089858483,b0f066a214c2f5e87bad3c948f4d605d) (ScriptedImporter) -> (artifact id: 'ff8b00ef1cfc3e6efb42037b82fedada') in 0.0246935 seconds
Number of updated asset objects reloaded before import = 0Number of asset objects unloaded after import = 3

========================================================================
Received Import Request.
  Time since last request: 0.000021 seconds.
  path: Assets/Spine2D Knight Character Animation Pack/Exports/Frame by frame/jump/clown_export-jump_15.png
  artifactKey: Guid(0d3cb0074a2454e43bf67a16144a431b) Importer(2089858483,b0f066a214c2f5e87bad3c948f4d605d)
Start importing Assets/Spine2D Knight Character Animation Pack/Exports/Frame by frame/jump/clown_export-jump_15.png using Guid(0d3cb0074a2454e43bf67a16144a431b) Importer(2089858483,b0f066a214c2f5e87bad3c948f4d605d) (ScriptedImporter) -> (artifact id: '4e5f5d09b660c98ef9fa86a32378afe7') in 0.0239838 seconds
Number of updated asset objects reloaded before import = 0Number of asset objects unloaded after import = 3

========================================================================
Received Import Request.
  Time since last request: 0.000033 seconds.
  path: Assets/Spine2D Knight Character Animation Pack/Exports/Frame by frame/buff_3/clown_export-buff_3_12.png
  artifactKey: Guid(8ee04a5be4b35d04ebea75e8590d0d84) Importer(2089858483,b0f066a214c2f5e87bad3c948f4d605d)
Start importing Assets/Spine2D Knight Character Animation Pack/Exports/Frame by frame/buff_3/clown_export-buff_3_12.png using Guid(8ee04a5be4b35d04ebea75e8590d0d84) Importer(2089858483,b0f066a214c2f5e87bad3c948f4d605d) (ScriptedImporter) -> (artifact id: 'c8b7aab3eb1893aefce5db6f5b7f64ed') in 0.0246052 seconds
Number of updated asset objects reloaded before import = 0Number of asset objects unloaded after import = 3

========================================================================
Received Import Request.
  Time since last request: 0.000041 seconds.
  path: Assets/Spine2D Knight Character Animation Pack/Exports/Frame by frame/run_shield/clown_export-run_shield_9.png
  artifactKey: Guid(1d4b89e69a926ed48bccb100b2ecc29a) Importer(2089858483,b0f066a214c2f5e87bad3c948f4d605d)
Start importing Assets/Spine2D Knight Character Animation Pack/Exports/Frame by frame/run_shield/clown_export-run_shield_9.png using Guid(1d4b89e69a926ed48bccb100b2ecc29a) Importer(2089858483,b0f066a214c2f5e87bad3c948f4d605d) (ScriptedImporter) -> (artifact id: 'a6754f1375d4bc691111054c25e1fb7f') in 0.0237209 seconds
Number of updated asset objects reloaded before import = 0Number of asset objects unloaded after import = 3

========================================================================
Received Import Request.
  Time since last request: 0.000028 seconds.
  path: Assets/Spine2D Knight Character Animation Pack/Exports/Frame by frame/sword_attack/clown_export-sword_attack_23.png
  artifactKey: Guid(2939c4707b447d24081b94a062f85687) Importer(2089858483,b0f066a214c2f5e87bad3c948f4d605d)
Start importing Assets/Spine2D Knight Character Animation Pack/Exports/Frame by frame/sword_attack/clown_export-sword_attack_23.png using Guid(2939c4707b447d24081b94a062f85687) Importer(2089858483,b0f066a214c2f5e87bad3c948f4d605d) (ScriptedImporter) -> (artifact id: '5d58834bc5b8ecda15d44a8db63bff6d') in 0.0268858 seconds
Number of updated asset objects reloaded before import = 0Number of asset objects unloaded after import = 3

========================================================================
Received Import Request.
  Time since last request: 0.000028 seconds.
  path: Assets/Dungeon Crawler 2D Art Pack/Sprites/Player/CharacterBack/Run/CharacterBack-Run_14.png
  artifactKey: Guid(69f29d2344d7a76478c8c0c5dd74607f) Importer(2089858483,b0f066a214c2f5e87bad3c948f4d605d)
Start importing Assets/Dungeon Crawler 2D Art Pack/Sprites/Player/CharacterBack/Run/CharacterBack-Run_14.png using Guid(69f29d2344d7a76478c8c0c5dd74607f) Importer(2089858483,b0f066a214c2f5e87bad3c948f4d605d) (ScriptedImporter) -> (artifact id: '998aa22629a541a2114465afe194125a') in 0.0225288 seconds
Number of updated asset objects reloaded before import = 0Number of asset objects unloaded after import = 3

========================================================================
Received Import Request.
  Time since last request: 0.000035 seconds.
  path: Assets/Dungeon Crawler 2D Art Pack/Sprites/Player/CharacterBack/Run/CharacterBack-Run_4.png
  artifactKey: Guid(8a7ace67a8aedc944b7bf4c02b6f75bb) Importer(2089858483,b0f066a214c2f5e87bad3c948f4d605d)
Start importing Assets/Dungeon Crawler 2D Art Pack/Sprites/Player/CharacterBack/Run/CharacterBack-Run_4.png using Guid(8a7ace67a8aedc944b7bf4c02b6f75bb) Importer(2089858483,b0f066a214c2f5e87bad3c948f4d605d) (ScriptedImporter) -> (artifact id: '77ecc2b162496293ac29eefd9459eb46') in 0.0260463 seconds
Number of updated asset objects reloaded before import = 0Number of asset objects unloaded after import = 3

========================================================================
Received Import Request.
  Time since last request: 0.000046 seconds.
  path: Assets/Dungeon Crawler 2D Art Pack/Sprites/Player/CharacterBack/Idle/CharacterBack-Idle_2.png
  artifactKey: Guid(3900b61c9ead20941aed14be9b920c6f) Importer(2089858483,b0f066a214c2f5e87bad3c948f4d605d)
Start importing Assets/Dungeon Crawler 2D Art Pack/Sprites/Player/CharacterBack/Idle/CharacterBack-Idle_2.png using Guid(3900b61c9ead20941aed14be9b920c6f) Importer(2089858483,b0f066a214c2f5e87bad3c948f4d605d) (ScriptedImporter) -> (artifact id: '7e74ba043f682cdbc87a9eee50575252') in 0.0301908 seconds
Number of updated asset objects reloaded before import = 0Number of asset objects unloaded after import = 3

========================================================================
Received Import Request.
  Time since last request: 0.000027 seconds.
  path: Assets/Dungeon Crawler 2D Art Pack/Sprites/Player/CharacterBack/Run/CharacterBack-Run_12.png
  artifactKey: Guid(7b78c6fbeaa101b4986235ec3b5a7957) Importer(2089858483,b0f066a214c2f5e87bad3c948f4d605d)
Start importing Assets/Dungeon Crawler 2D Art Pack/Sprites/Player/CharacterBack/Run/CharacterBack-Run_12.png using Guid(7b78c6fbeaa101b4986235ec3b5a7957) Importer(2089858483,b0f066a214c2f5e87bad3c948f4d605d) (ScriptedImporter) -> (artifact id: '84f785ca04825ec5c6296875b867c048') in 0.0232381 seconds
Number of updated asset objects reloaded before import = 0Number of asset objects unloaded after import = 3

========================================================================
Received Import Request.
  Time since last request: 0.000029 seconds.
  path: Assets/Dungeon Crawler 2D Art Pack/Sprites/Player/CharacterBack/Run/CharacterBack-Run_11.png
  artifactKey: Guid(ae621e20e8a4084419e59cd6f510117f) Importer(2089858483,b0f066a214c2f5e87bad3c948f4d605d)
Start importing Assets/Dungeon Crawler 2D Art Pack/Sprites/Player/CharacterBack/Run/CharacterBack-Run_11.png using Guid(ae621e20e8a4084419e59cd6f510117f) Importer(2089858483,b0f066a214c2f5e87bad3c948f4d605d) (ScriptedImporter) -> (artifact id: '0dac6359397e1be11cc5251870dcd6c4') in 0.0304897 seconds
Number of updated asset objects reloaded before import = 0Number of asset objects unloaded after import = 3

========================================================================
Received Import Request.
  Time since last request: 0.000036 seconds.
  path: Assets/Dungeon Crawler 2D Art Pack/Spine Projects/ExportedForUnity/Monster2/Left/Monster2Left_Atlas.asset
  artifactKey: Guid(27a43bcf6bee4c14bb957a5c3f18a256) Importer(2089858483,b0f066a214c2f5e87bad3c948f4d605d)
Start importing Assets/Dungeon Crawler 2D Art Pack/Spine Projects/ExportedForUnity/Monster2/Left/Monster2Left_Atlas.asset using Guid(27a43bcf6bee4c14bb957a5c3f18a256) Importer(2089858483,b0f066a214c2f5e87bad3c948f4d605d) (ScriptedImporter) -> (artifact id: '224fc0f3400036f08ffbd066222fb85f') in 0.0165121 seconds
Number of updated asset objects reloaded before import = 0Number of asset objects unloaded after import = 3

========================================================================
Received Import Request.
  Time since last request: 0.000037 seconds.
  path: Assets/Dungeon Crawler 2D Art Pack/Sprites/Level/Walls/7x7Room/top_wall.png
  artifactKey: Guid(cef4cc48d61f62347a0b84e5ab4bee2a) Importer(2089858483,b0f066a214c2f5e87bad3c948f4d605d)
Start importing Assets/Dungeon Crawler 2D Art Pack/Sprites/Level/Walls/7x7Room/top_wall.png using Guid(cef4cc48d61f62347a0b84e5ab4bee2a) Importer(2089858483,b0f066a214c2f5e87bad3c948f4d605d) (ScriptedImporter) -> (artifact id: '9304cea06a6d34a56815797ac0768ffe') in 0.0216329 seconds
Number of updated asset objects reloaded before import = 0Number of asset objects unloaded after import = 3

========================================================================
Received Import Request.
  Time since last request: 0.000031 seconds.
  path: Assets/Dungeon Crawler 2D Art Pack/Sprites/Player/CharacterBack/Idle/CharacterBack-Idle_23.png
  artifactKey: Guid(b263fbde09aedf34ea4f61c1080aa289) Importer(2089858483,b0f066a214c2f5e87bad3c948f4d605d)
Start importing Assets/Dungeon Crawler 2D Art Pack/Sprites/Player/CharacterBack/Idle/CharacterBack-Idle_23.png using Guid(b263fbde09aedf34ea4f61c1080aa289) Importer(2089858483,b0f066a214c2f5e87bad3c948f4d605d) (ScriptedImporter) -> (artifact id: '76fd2e68b7c14d15c85fbcc0b85e6a39') in 0.0233596 seconds
Number of updated asset objects reloaded before import = 0Number of asset objects unloaded after import = 3

========================================================================
Received Import Request.
  Time since last request: 0.000020 seconds.
  path: Assets/Spine2D Knight Character Animation Pack/Exports/Frame by frame/hit/clown_export-hit_28.png
  artifactKey: Guid(0c958fbc8c36b8a4fb32a59f9f2a8dca) Importer(2089858483,b0f066a214c2f5e87bad3c948f4d605d)
Start importing Assets/Spine2D Knight Character Animation Pack/Exports/Frame by frame/hit/clown_export-hit_28.png using Guid(0c958fbc8c36b8a4fb32a59f9f2a8dca) Importer(2089858483,b0f066a214c2f5e87bad3c948f4d605d) (ScriptedImporter) -> (artifact id: '5cd6a47dcf930115cc1bfd84247e0ae4') in 0.0209076 seconds
Number of updated asset objects reloaded before import = 0Number of asset objects unloaded after import = 3

========================================================================
Received Import Request.
  Time since last request: 0.000023 seconds.
  path: Assets/Spine2D Knight Character Animation Pack/Exports/Frame by frame/stun/clown_export-stun_32.png
  artifactKey: Guid(4446f7a46cb959d41ab313c7fec6c0a8) Importer(2089858483,b0f066a214c2f5e87bad3c948f4d605d)
Start importing Assets/Spine2D Knight Character Animation Pack/Exports/Frame by frame/stun/clown_export-stun_32.png using Guid(4446f7a46cb959d41ab313c7fec6c0a8) Importer(2089858483,b0f066a214c2f5e87bad3c948f4d605d) (ScriptedImporter) -> (artifact id: '3e172cf51a7d80032c4cd36c88cb4eb1') in 0.0210544 seconds
Number of updated asset objects reloaded before import = 0Number of asset objects unloaded after import = 3

========================================================================
Received Import Request.
  Time since last request: 0.000039 seconds.
  path: Assets/Dungeon Crawler 2D Art Pack/Spine Projects/ExportedForUnity/Monster2/Left/Monster2Left.json
  artifactKey: Guid(190612cd15b67f54a9b346365f345db1) Importer(2089858483,b0f066a214c2f5e87bad3c948f4d605d)
Start importing Assets/Dungeon Crawler 2D Art Pack/Spine Projects/ExportedForUnity/Monster2/Left/Monster2Left.json using Guid(190612cd15b67f54a9b346365f345db1) Importer(2089858483,b0f066a214c2f5e87bad3c948f4d605d) (ScriptedImporter) -> (artifact id: '8896ccd69bbb86de0e408d608c4e1373') in 0.0142846 seconds
Number of updated asset objects reloaded before import = 0Number of asset objects unloaded after import = 1

========================================================================
Received Import Request.
  Time since last request: 0.000019 seconds.
  path: Assets/Spine2D Knight Character Animation Pack/Exports/Frame by frame/buff_3/clown_export-buff_3_37.png
  artifactKey: Guid(16bef5edc6a811d4584401f439ecd306) Importer(2089858483,b0f066a214c2f5e87bad3c948f4d605d)
Start importing Assets/Spine2D Knight Character Animation Pack/Exports/Frame by frame/buff_3/clown_export-buff_3_37.png using Guid(16bef5edc6a811d4584401f439ecd306) Importer(2089858483,b0f066a214c2f5e87bad3c948f4d605d) (ScriptedImporter) -> (artifact id: 'c46f7f11755e85d142395312082193e8') in 0.0207132 seconds
Number of updated asset objects reloaded before import = 0Number of asset objects unloaded after import = 3

========================================================================
Received Import Request.
  Time since last request: 0.000021 seconds.
  path: Assets/Spine2D Knight Character Animation Pack/Exports/Frame by frame/buff_3/clown_export-buff_3_13.png
  artifactKey: Guid(743ed8e23be482d44a53ca8442058c4a) Importer(2089858483,b0f066a214c2f5e87bad3c948f4d605d)
Start importing Assets/Spine2D Knight Character Animation Pack/Exports/Frame by frame/buff_3/clown_export-buff_3_13.png using Guid(743ed8e23be482d44a53ca8442058c4a) Importer(2089858483,b0f066a214c2f5e87bad3c948f4d605d) (ScriptedImporter) -> (artifact id: '0d46b5a3107b3071ef0a669fdb0fe5d1') in 0.0194586 seconds
Number of updated asset objects reloaded before import = 0Number of asset objects unloaded after import = 3

========================================================================
Received Import Request.
  Time since last request: 0.000034 seconds.
  path: Assets/Spine2D Knight Character Animation Pack/Exports/Frame by frame/buff_3/clown_export-buff_3_33.png
  artifactKey: Guid(3ca702a5da31de54e91861f9b56ecabd) Importer(2089858483,b0f066a214c2f5e87bad3c948f4d605d)
Start importing Assets/Spine2D Knight Character Animation Pack/Exports/Frame by frame/buff_3/clown_export-buff_3_33.png using Guid(3ca702a5da31de54e91861f9b56ecabd) Importer(2089858483,b0f066a214c2f5e87bad3c948f4d605d) (ScriptedImporter) -> (artifact id: '65913f4173d9c0330185c5920aa9ae2b') in 0.0243183 seconds
Number of updated asset objects reloaded before import = 0Number of asset objects unloaded after import = 3

========================================================================
Received Import Request.
  Time since last request: 0.097589 seconds.
  path: Assets/Spine2D Knight Character Animation Pack/Exports/Frame by frame/run_shield/clown_export-run_shield_10.png
  artifactKey: Guid(0f8324af79fbf8447b6126ea301f5c43) Importer(2089858483,b0f066a214c2f5e87bad3c948f4d605d)
Start importing Assets/Spine2D Knight Character Animation Pack/Exports/Frame by frame/run_shield/clown_export-run_shield_10.png using Guid(0f8324af79fbf8447b6126ea301f5c43) Importer(2089858483,b0f066a214c2f5e87bad3c948f4d605d) (ScriptedImporter) -> (artifact id: '5a2254b0a411338804f86d11795ffc46') in 0.024206 seconds
Number of updated asset objects reloaded before import = 0Number of asset objects unloaded after import = 3

========================================================================
Received Import Request.
  Time since last request: 0.000058 seconds.
  path: Assets/Spine2D Knight Character Animation Pack/Exports/Frame by frame/walk_shield/clown_export-walk_shield_1.png
  artifactKey: Guid(a7a254a1c723e464fb5fef443e716509) Importer(2089858483,b0f066a214c2f5e87bad3c948f4d605d)
Start importing Assets/Spine2D Knight Character Animation Pack/Exports/Frame by frame/walk_shield/clown_export-walk_shield_1.png using Guid(a7a254a1c723e464fb5fef443e716509) Importer(2089858483,b0f066a214c2f5e87bad3c948f4d605d) (ScriptedImporter) -> (artifact id: 'a59cc164ce236406330be445375a93ea') in 0.0564554 seconds
Number of updated asset objects reloaded before import = 0Number of asset objects unloaded after import = 3

========================================================================
Received Import Request.
  Time since last request: 0.000033 seconds.
  path: Assets/Spine2D Knight Character Animation Pack/Exports/Frame by frame/buff_3/clown_export-buff_3_35.png
  artifactKey: Guid(a7b4d8ab820f2544e9c88075c48e7804) Importer(2089858483,b0f066a214c2f5e87bad3c948f4d605d)
Start importing Assets/Spine2D Knight Character Animation Pack/Exports/Frame by frame/buff_3/clown_export-buff_3_35.png using Guid(a7b4d8ab820f2544e9c88075c48e7804) Importer(2089858483,b0f066a214c2f5e87bad3c948f4d605d) (ScriptedImporter) -> (artifact id: '0a9d24d7285454ef39630e001cc0313c') in 0.0249787 seconds
Number of updated asset objects reloaded before import = 0Number of asset objects unloaded after import = 3

========================================================================
Received Import Request.
  Time since last request: 0.000068 seconds.
  path: Assets/Spine2D Knight Character Animation Pack/Exports/Frame by frame/hit/clown_export-hit_19.png
  artifactKey: Guid(d2e16b611de262c49910308e4580872b) Importer(2089858483,b0f066a214c2f5e87bad3c948f4d605d)
Start importing Assets/Spine2D Knight Character Animation Pack/Exports/Frame by frame/hit/clown_export-hit_19.png using Guid(d2e16b611de262c49910308e4580872b) Importer(2089858483,b0f066a214c2f5e87bad3c948f4d605d) (ScriptedImporter) -> (artifact id: '00468dd85a557fa16a321a6053347d4a') in 0.0252126 seconds
Number of updated asset objects reloaded before import = 0Number of asset objects unloaded after import = 3

========================================================================
Received Import Request.
  Time since last request: 0.000030 seconds.
  path: Assets/Dungeon Crawler 2D Art Pack/Sprites/Player/Character_Front/Death/CharacterFront-Death_3.png
  artifactKey: Guid(899d47ed77b185742b0c3b222e6485ee) Importer(2089858483,b0f066a214c2f5e87bad3c948f4d605d)
Start importing Assets/Dungeon Crawler 2D Art Pack/Sprites/Player/Character_Front/Death/CharacterFront-Death_3.png using Guid(899d47ed77b185742b0c3b222e6485ee) Importer(2089858483,b0f066a214c2f5e87bad3c948f4d605d) (ScriptedImporter) -> (artifact id: '189a74db137a6b7861b8712ed5706b5e') in 0.0242203 seconds
Number of updated asset objects reloaded before import = 0Number of asset objects unloaded after import = 3

========================================================================
Received Import Request.
  Time since last request: 0.000023 seconds.
  path: Assets/Dungeon Crawler 2D Art Pack/Sprites/Player/Character_Front/Run/CharacterFront-Run_11.png
  artifactKey: Guid(7869d458e3c2925438024d0d4b06132d) Importer(2089858483,b0f066a214c2f5e87bad3c948f4d605d)
Start importing Assets/Dungeon Crawler 2D Art Pack/Sprites/Player/Character_Front/Run/CharacterFront-Run_11.png using Guid(7869d458e3c2925438024d0d4b06132d) Importer(2089858483,b0f066a214c2f5e87bad3c948f4d605d) (ScriptedImporter) -> (artifact id: '0e7e63cd19207d2070871f0184130876') in 0.0218833 seconds
Number of updated asset objects reloaded before import = 0Number of asset objects unloaded after import = 3

========================================================================
Received Import Request.
  Time since last request: 0.000029 seconds.
  path: Assets/Dungeon Crawler 2D Art Pack/Sprites/Player/Character_Front/Idle/CharacterFront-Idle_21.png
  artifactKey: Guid(d2045410570a5024ead3691521401ff1) Importer(2089858483,b0f066a214c2f5e87bad3c948f4d605d)
Start importing Assets/Dungeon Crawler 2D Art Pack/Sprites/Player/Character_Front/Idle/CharacterFront-Idle_21.png using Guid(d2045410570a5024ead3691521401ff1) Importer(2089858483,b0f066a214c2f5e87bad3c948f4d605d) (ScriptedImporter) -> (artifact id: '5a4eba46bf25f02b889c44d832ec5bd5') in 0.0245069 seconds
Number of updated asset objects reloaded before import = 0Number of asset objects unloaded after import = 3

========================================================================
Received Import Request.
  Time since last request: 0.000045 seconds.
  path: Assets/Dungeon Crawler 2D Art Pack/Sprites/Player/Character_Front/Run/CharacterFront-Run_8.png
  artifactKey: Guid(2f6e08e42faf7a842b4861b3e220f4ff) Importer(2089858483,b0f066a214c2f5e87bad3c948f4d605d)
Start importing Assets/Dungeon Crawler 2D Art Pack/Sprites/Player/Character_Front/Run/CharacterFront-Run_8.png using Guid(2f6e08e42faf7a842b4861b3e220f4ff) Importer(2089858483,b0f066a214c2f5e87bad3c948f4d605d) (ScriptedImporter) -> (artifact id: '1634ac170c0e4b6c2da6fd1a7baea1d4') in 0.0219676 seconds
Number of updated asset objects reloaded before import = 0Number of asset objects unloaded after import = 3

========================================================================
Received Import Request.
  Time since last request: 0.000025 seconds.
  path: Assets/Dungeon Crawler 2D Art Pack/Sprites/Player/Character_Front/Death/CharacterFront-Death_7.png
  artifactKey: Guid(e365c7ba084c36f4eb3b1b89dd3b5399) Importer(2089858483,b0f066a214c2f5e87bad3c948f4d605d)
Start importing Assets/Dungeon Crawler 2D Art Pack/Sprites/Player/Character_Front/Death/CharacterFront-Death_7.png using Guid(e365c7ba084c36f4eb3b1b89dd3b5399) Importer(2089858483,b0f066a214c2f5e87bad3c948f4d605d) (ScriptedImporter) -> (artifact id: '75d21531db7f61f737a9872d1c5df2c0') in 0.0235577 seconds
Number of updated asset objects reloaded before import = 0Number of asset objects unloaded after import = 3

========================================================================
Received Import Request.
  Time since last request: 0.000027 seconds.
  path: Assets/Dungeon Crawler 2D Art Pack/Sprites/Player/Character_Front/Death/CharacterFront-Death_9.png
  artifactKey: Guid(ab175d55a315fd94c8f7adc5f31824b4) Importer(2089858483,b0f066a214c2f5e87bad3c948f4d605d)
Start importing Assets/Dungeon Crawler 2D Art Pack/Sprites/Player/Character_Front/Death/CharacterFront-Death_9.png using Guid(ab175d55a315fd94c8f7adc5f31824b4) Importer(2089858483,b0f066a214c2f5e87bad3c948f4d605d) (ScriptedImporter) -> (artifact id: '49a20ca8ab8a039e01517dd9ff906395') in 0.023716 seconds
Number of updated asset objects reloaded before import = 0Number of asset objects unloaded after import = 3

========================================================================
Received Import Request.
  Time since last request: 0.000033 seconds.
  path: Assets/Dungeon Crawler 2D Art Pack/Sprites/Player/Character_Front/Idle/CharacterFront-Idle_13.png
  artifactKey: Guid(6e7eb5f0f633f9a48be9c7be7b0f5f4d) Importer(2089858483,b0f066a214c2f5e87bad3c948f4d605d)
Start importing Assets/Dungeon Crawler 2D Art Pack/Sprites/Player/Character_Front/Idle/CharacterFront-Idle_13.png using Guid(6e7eb5f0f633f9a48be9c7be7b0f5f4d) Importer(2089858483,b0f066a214c2f5e87bad3c948f4d605d) (ScriptedImporter) -> (artifact id: 'bebbc31197826209a51dd5b7fb5fccb6') in 0.0264876 seconds
Number of updated asset objects reloaded before import = 0Number of asset objects unloaded after import = 3

========================================================================
Received Import Request.
  Time since last request: 0.000039 seconds.
  path: Assets/Dungeon Crawler 2D Art Pack/Sprites/Player/Character_Front/Idle/CharacterFront-Idle_23.png
  artifactKey: Guid(41b10d8f56c5c0141bccf0cd5c98af81) Importer(2089858483,b0f066a214c2f5e87bad3c948f4d605d)
Start importing Assets/Dungeon Crawler 2D Art Pack/Sprites/Player/Character_Front/Idle/CharacterFront-Idle_23.png using Guid(41b10d8f56c5c0141bccf0cd5c98af81) Importer(2089858483,b0f066a214c2f5e87bad3c948f4d605d) (ScriptedImporter) -> (artifact id: '0af428ba11d1642a2e9368d202f7dae5') in 0.0229906 seconds
Number of updated asset objects reloaded before import = 0Number of asset objects unloaded after import = 3

========================================================================
Received Import Request.
  Time since last request: 0.000030 seconds.
  path: Assets/Dungeon Crawler 2D Art Pack/Sprites/Player/Character_Front/Run/CharacterFront-Run_14.png
  artifactKey: Guid(81b9f9bb68c1c41449f419eb49db5345) Importer(2089858483,b0f066a214c2f5e87bad3c948f4d605d)
Start importing Assets/Dungeon Crawler 2D Art Pack/Sprites/Player/Character_Front/Run/CharacterFront-Run_14.png using Guid(81b9f9bb68c1c41449f419eb49db5345) Importer(2089858483,b0f066a214c2f5e87bad3c948f4d605d) (ScriptedImporter) -> (artifact id: '7dbcbc1c99bd6e5ddd52a0953141ac3e') in 0.0234784 seconds
Number of updated asset objects reloaded before import = 0Number of asset objects unloaded after import = 3

========================================================================
Received Import Request.
  Time since last request: 0.000022 seconds.
  path: Assets/Dungeon Crawler 2D Art Pack/Sprites/Player/Character_Front/Run/CharacterFront-Run_4.png
  artifactKey: Guid(64ad910641a4ec743a0254bbc2b219dd) Importer(2089858483,b0f066a214c2f5e87bad3c948f4d605d)
Start importing Assets/Dungeon Crawler 2D Art Pack/Sprites/Player/Character_Front/Run/CharacterFront-Run_4.png using Guid(64ad910641a4ec743a0254bbc2b219dd) Importer(2089858483,b0f066a214c2f5e87bad3c948f4d605d) (ScriptedImporter) -> (artifact id: '5201a8e0b42b08b8ebc47f941e42a7a4') in 0.0271134 seconds
Number of updated asset objects reloaded before import = 0Number of asset objects unloaded after import = 3

========================================================================
Received Import Request.
  Time since last request: 0.000034 seconds.
  path: Assets/Dungeon Crawler 2D Art Pack/Sprites/Player/Character_Front/Idle/CharacterFront-Idle_1.png
  artifactKey: Guid(bee3cd719c7e337428f764ec232db068) Importer(2089858483,b0f066a214c2f5e87bad3c948f4d605d)
Start importing Assets/Dungeon Crawler 2D Art Pack/Sprites/Player/Character_Front/Idle/CharacterFront-Idle_1.png using Guid(bee3cd719c7e337428f764ec232db068) Importer(2089858483,b0f066a214c2f5e87bad3c948f4d605d) (ScriptedImporter) -> (artifact id: 'aee8695721fb19f72956e2a3e248b8c0') in 0.0246417 seconds
Number of updated asset objects reloaded before import = 0Number of asset objects unloaded after import = 3

========================================================================
Received Import Request.
  Time since last request: 0.000039 seconds.
  path: Assets/Spine2D Knight Character Animation Pack/Exports/Frame by frame/hit/clown_export-hit_7.png
  artifactKey: Guid(0796f146127e62748aa460db6d1b8e58) Importer(2089858483,b0f066a214c2f5e87bad3c948f4d605d)
Start importing Assets/Spine2D Knight Character Animation Pack/Exports/Frame by frame/hit/clown_export-hit_7.png using Guid(0796f146127e62748aa460db6d1b8e58) Importer(2089858483,b0f066a214c2f5e87bad3c948f4d605d) (ScriptedImporter) -> (artifact id: '22b9bf592a914de363928f612c27b361') in 0.0222041 seconds
Number of updated asset objects reloaded before import = 0Number of asset objects unloaded after import = 3

========================================================================
Received Import Request.
  Time since last request: 0.000024 seconds.
  path: Assets/Spine2D Knight Character Animation Pack/Exports/Frame by frame/stun/clown_export-stun_10.png
  artifactKey: Guid(82701525af41e8f4db32a030977e4bbf) Importer(2089858483,b0f066a214c2f5e87bad3c948f4d605d)
Start importing Assets/Spine2D Knight Character Animation Pack/Exports/Frame by frame/stun/clown_export-stun_10.png using Guid(82701525af41e8f4db32a030977e4bbf) Importer(2089858483,b0f066a214c2f5e87bad3c948f4d605d) (ScriptedImporter) -> (artifact id: '1637c8bea699193bb3f38ba801ded6cf') in 0.0277081 seconds
Number of updated asset objects reloaded before import = 0Number of asset objects unloaded after import = 3

========================================================================
Received Import Request.
  Time since last request: 0.000027 seconds.
  path: Assets/Spine2D Knight Character Animation Pack/Exports/Frame by frame/hit/clown_export-hit_3.png
  artifactKey: Guid(08a45af450620e84fb08f070a538ecfc) Importer(2089858483,b0f066a214c2f5e87bad3c948f4d605d)
Start importing Assets/Spine2D Knight Character Animation Pack/Exports/Frame by frame/hit/clown_export-hit_3.png using Guid(08a45af450620e84fb08f070a538ecfc) Importer(2089858483,b0f066a214c2f5e87bad3c948f4d605d) (ScriptedImporter) -> (artifact id: 'b691a49461741e66e9784adadd663ce9') in 0.0234317 seconds
Number of updated asset objects reloaded before import = 0Number of asset objects unloaded after import = 3

========================================================================
Received Import Request.
  Time since last request: 0.000032 seconds.
  path: Assets/Spine2D Knight Character Animation Pack/Exports/Frame by frame/buff_3/clown_export-buff_3_50.png
  artifactKey: Guid(9168717ddc9399a4186fead5ed40643c) Importer(2089858483,b0f066a214c2f5e87bad3c948f4d605d)
Start importing Assets/Spine2D Knight Character Animation Pack/Exports/Frame by frame/buff_3/clown_export-buff_3_50.png using Guid(9168717ddc9399a4186fead5ed40643c) Importer(2089858483,b0f066a214c2f5e87bad3c948f4d605d) (ScriptedImporter) -> (artifact id: '0e9a0e6c463bccc196cdbd564c52b67c') in 0.0222472 seconds
Number of updated asset objects reloaded before import = 0Number of asset objects unloaded after import = 3

========================================================================
Received Import Request.
  Time since last request: 0.000041 seconds.
  path: Assets/Spine2D Knight Character Animation Pack/Exports/Frame by frame/shield_attack/clown_export-shield_attack_3.png
  artifactKey: Guid(ee41f1f7f984aea4b8ab1fff6271ba0c) Importer(2089858483,b0f066a214c2f5e87bad3c948f4d605d)
Start importing Assets/Spine2D Knight Character Animation Pack/Exports/Frame by frame/shield_attack/clown_export-shield_attack_3.png using Guid(ee41f1f7f984aea4b8ab1fff6271ba0c) Importer(2089858483,b0f066a214c2f5e87bad3c948f4d605d) (ScriptedImporter) -> (artifact id: 'ebfd94a02a39bf5d9264f21ed9196905') in 0.0233801 seconds
Number of updated asset objects reloaded before import = 0Number of asset objects unloaded after import = 3

========================================================================
Received Import Request.
  Time since last request: 0.000031 seconds.
  path: Assets/Spine2D Knight Character Animation Pack/Exports/Frame by frame/buff_3/clown_export-buff_3_45.png
  artifactKey: Guid(e67b3ce8d844ec345932394c1ebea52d) Importer(2089858483,b0f066a214c2f5e87bad3c948f4d605d)
Start importing Assets/Spine2D Knight Character Animation Pack/Exports/Frame by frame/buff_3/clown_export-buff_3_45.png using Guid(e67b3ce8d844ec345932394c1ebea52d) Importer(2089858483,b0f066a214c2f5e87bad3c948f4d605d) (ScriptedImporter) -> (artifact id: 'dc51faa6eca124adfa4a9a173f8a8897') in 0.0220765 seconds
Number of updated asset objects reloaded before import = 0Number of asset objects unloaded after import = 3

========================================================================
Received Import Request.
  Time since last request: 0.000026 seconds.
  path: Assets/Spine2D Knight Character Animation Pack/Exports/Frame by frame/shield_attack/clown_export-shield_attack_9.png
  artifactKey: Guid(78db426c8bbf5644b91a5097d47db60b) Importer(2089858483,b0f066a214c2f5e87bad3c948f4d605d)
Start importing Assets/Spine2D Knight Character Animation Pack/Exports/Frame by frame/shield_attack/clown_export-shield_attack_9.png using Guid(78db426c8bbf5644b91a5097d47db60b) Importer(2089858483,b0f066a214c2f5e87bad3c948f4d605d) (ScriptedImporter) -> (artifact id: '985f588dfe727c09b9b92eca1e7cc5ce') in 0.0203798 seconds
Number of updated asset objects reloaded before import = 0Number of asset objects unloaded after import = 3

========================================================================
Received Import Request.
  Time since last request: 0.000034 seconds.
  path: Assets/Dungeon Crawler 2D Art Pack/Sprites/Player/Character_Front/Idle/CharacterFront-Idle_22.png
  artifactKey: Guid(d8b10ea7b4ab20e41a8dcaeffaa7e712) Importer(2089858483,b0f066a214c2f5e87bad3c948f4d605d)
Start importing Assets/Dungeon Crawler 2D Art Pack/Sprites/Player/Character_Front/Idle/CharacterFront-Idle_22.png using Guid(d8b10ea7b4ab20e41a8dcaeffaa7e712) Importer(2089858483,b0f066a214c2f5e87bad3c948f4d605d) (ScriptedImporter) -> (artifact id: '743a36ef451976bff25c9b733d7e5834') in 0.0246788 seconds
Number of updated asset objects reloaded before import = 0Number of asset objects unloaded after import = 3

========================================================================
Received Import Request.
  Time since last request: 0.035369 seconds.
  path: Assets/Dungeon Crawler 2D Art Pack/Sprites/Player/Character_Left/Idle/CharacterLeft-Idle_8.png
  artifactKey: Guid(d1ab07e484d025541b0b6e3cfede0366) Importer(2089858483,b0f066a214c2f5e87bad3c948f4d605d)
Start importing Assets/Dungeon Crawler 2D Art Pack/Sprites/Player/Character_Left/Idle/CharacterLeft-Idle_8.png using Guid(d1ab07e484d025541b0b6e3cfede0366) Importer(2089858483,b0f066a214c2f5e87bad3c948f4d605d) (ScriptedImporter) -> (artifact id: 'b15eca0ad4ce9449e236ac69d6a90755') in 0.0266863 seconds
Number of updated asset objects reloaded before import = 0Number of asset objects unloaded after import = 3

========================================================================
Received Import Request.
  Time since last request: 0.000033 seconds.
  path: Assets/Dungeon Crawler 2D Art Pack/Sprites/Player/Character_Left/Run/CharacterLeft-Run_6.png
  artifactKey: Guid(b709f3ac9176f4d468cce080e9dc5934) Importer(2089858483,b0f066a214c2f5e87bad3c948f4d605d)
Start importing Assets/Dungeon Crawler 2D Art Pack/Sprites/Player/Character_Left/Run/CharacterLeft-Run_6.png using Guid(b709f3ac9176f4d468cce080e9dc5934) Importer(2089858483,b0f066a214c2f5e87bad3c948f4d605d) (ScriptedImporter) -> (artifact id: '27761a0d8ee81c2e05e0f37f35552ca1') in 0.0221378 seconds
Number of updated asset objects reloaded before import = 0Number of asset objects unloaded after import = 3

========================================================================
Received Import Request.
  Time since last request: 0.000023 seconds.
  path: Assets/Dungeon Crawler 2D Art Pack/Sprites/Player/Character_Left/Idle/CharacterLeft-Idle_12.png
  artifactKey: Guid(fa70da72813a2404ab8483068d95569e) Importer(2089858483,b0f066a214c2f5e87bad3c948f4d605d)
Start importing Assets/Dungeon Crawler 2D Art Pack/Sprites/Player/Character_Left/Idle/CharacterLeft-Idle_12.png using Guid(fa70da72813a2404ab8483068d95569e) Importer(2089858483,b0f066a214c2f5e87bad3c948f4d605d) (ScriptedImporter) -> (artifact id: 'df72038c0c8b2c6e305ba4577ab64364') in 0.0219598 seconds
Number of updated asset objects reloaded before import = 0Number of asset objects unloaded after import = 3

========================================================================
Received Import Request.
  Time since last request: 0.000030 seconds.
  path: Assets/Dungeon Crawler 2D Art Pack/Sprites/Player/Character_Left/Idle/CharacterLeft-Idle_10.png
  artifactKey: Guid(41cce61ccddb2894eaea4ce76ed009b9) Importer(2089858483,b0f066a214c2f5e87bad3c948f4d605d)
Start importing Assets/Dungeon Crawler 2D Art Pack/Sprites/Player/Character_Left/Idle/CharacterLeft-Idle_10.png using Guid(41cce61ccddb2894eaea4ce76ed009b9) Importer(2089858483,b0f066a214c2f5e87bad3c948f4d605d) (ScriptedImporter) -> (artifact id: 'ed52ec872213adc525e80aaa3b5cd4c5') in 0.0212962 seconds
Number of updated asset objects reloaded before import = 0Number of asset objects unloaded after import = 3

========================================================================
Received Import Request.
  Time since last request: 0.000038 seconds.
  path: Assets/Dungeon Crawler 2D Art Pack/Sprites/Player/Character_Left/Idle/CharacterLeft-Idle_19.png
  artifactKey: Guid(4c91745628c4dd94c9ef94e4190e3562) Importer(2089858483,b0f066a214c2f5e87bad3c948f4d605d)
Start importing Assets/Dungeon Crawler 2D Art Pack/Sprites/Player/Character_Left/Idle/CharacterLeft-Idle_19.png using Guid(4c91745628c4dd94c9ef94e4190e3562) Importer(2089858483,b0f066a214c2f5e87bad3c948f4d605d) (ScriptedImporter) -> (artifact id: 'acf1ac88e5016ef34027558a4075b6fe') in 0.02199 seconds
Number of updated asset objects reloaded before import = 0Number of asset objects unloaded after import = 3

========================================================================
Received Import Request.
  Time since last request: 0.000030 seconds.
  path: Assets/Dungeon Crawler 2D Art Pack/Sprites/Player/Character_Left/Run/CharacterLeft-Run_2.png
  artifactKey: Guid(2f4fc55dcff9434489c48466042bbdd4) Importer(2089858483,b0f066a214c2f5e87bad3c948f4d605d)
Start importing Assets/Dungeon Crawler 2D Art Pack/Sprites/Player/Character_Left/Run/CharacterLeft-Run_2.png using Guid(2f4fc55dcff9434489c48466042bbdd4) Importer(2089858483,b0f066a214c2f5e87bad3c948f4d605d) (ScriptedImporter) -> (artifact id: '508585519a45ce55e64b7124daeb7e4d') in 0.0229859 seconds
Number of updated asset objects reloaded before import = 0Number of asset objects unloaded after import = 3

========================================================================
Received Import Request.
  Time since last request: 0.000032 seconds.
  path: Assets/Dungeon Crawler 2D Art Pack/Sprites/Player/Character_Left/Idle/CharacterLeft-Idle_24.png
  artifactKey: Guid(24876f03fa6550440b1f12ba1f6df678) Importer(2089858483,b0f066a214c2f5e87bad3c948f4d605d)
Start importing Assets/Dungeon Crawler 2D Art Pack/Sprites/Player/Character_Left/Idle/CharacterLeft-Idle_24.png using Guid(24876f03fa6550440b1f12ba1f6df678) Importer(2089858483,b0f066a214c2f5e87bad3c948f4d605d) (ScriptedImporter) -> (artifact id: '304ead0f3d313fb25425fc0467a15585') in 0.061392 seconds
Number of updated asset objects reloaded before import = 0Number of asset objects unloaded after import = 3

========================================================================
Received Import Request.
  Time since last request: 0.000028 seconds.
  path: Assets/Dungeon Crawler 2D Art Pack/Sprites/Player/Character_Left/Idle/CharacterLeft-Idle_20.png
  artifactKey: Guid(babe49999534d824b91d3c7f586d2b40) Importer(2089858483,b0f066a214c2f5e87bad3c948f4d605d)
Start importing Assets/Dungeon Crawler 2D Art Pack/Sprites/Player/Character_Left/Idle/CharacterLeft-Idle_20.png using Guid(babe49999534d824b91d3c7f586d2b40) Importer(2089858483,b0f066a214c2f5e87bad3c948f4d605d) (ScriptedImporter) -> (artifact id: '033d59ed5b1ed9b1208a2a88d8ce0712') in 0.0297823 seconds
Number of updated asset objects reloaded before import = 0Number of asset objects unloaded after import = 3

========================================================================
Received Import Request.
  Time since last request: 0.000040 seconds.
  path: Assets/Dungeon Crawler 2D Art Pack/Sprites/Player/Character_Left/Run/CharacterLeft-Run_4.png
  artifactKey: Guid(7612fd6549cd7fc458a7598cfa29c303) Importer(2089858483,b0f066a214c2f5e87bad3c948f4d605d)
Start importing Assets/Dungeon Crawler 2D Art Pack/Sprites/Player/Character_Left/Run/CharacterLeft-Run_4.png using Guid(7612fd6549cd7fc458a7598cfa29c303) Importer(2089858483,b0f066a214c2f5e87bad3c948f4d605d) (ScriptedImporter) -> (artifact id: '29d33322911483b9b396048d92a982aa') in 0.0226841 seconds
Number of updated asset objects reloaded before import = 0Number of asset objects unloaded after import = 3

========================================================================
Received Import Request.
  Time since last request: 0.000031 seconds.
  path: Assets/Dungeon Crawler 2D Art Pack/Sprites/Player/Character_Left/Idle/CharacterLeft-Idle_14.png
  artifactKey: Guid(4afeed55fef793e439af2bfdfb43bae9) Importer(2089858483,b0f066a214c2f5e87bad3c948f4d605d)
Start importing Assets/Dungeon Crawler 2D Art Pack/Sprites/Player/Character_Left/Idle/CharacterLeft-Idle_14.png using Guid(4afeed55fef793e439af2bfdfb43bae9) Importer(2089858483,b0f066a214c2f5e87bad3c948f4d605d) (ScriptedImporter) -> (artifact id: '6acd4a16e7502685bd1363e3b9563776') in 0.0280547 seconds
Number of updated asset objects reloaded before import = 0Number of asset objects unloaded after import = 3

========================================================================
Received Import Request.
  Time since last request: 0.000031 seconds.
  path: Assets/Spine2D Knight Character Animation Pack/Exports/Frame by frame/dead/clown_export-dead_32.png
  artifactKey: Guid(a33eb08d6aede9445b66e7cfc8908310) Importer(2089858483,b0f066a214c2f5e87bad3c948f4d605d)
Start importing Assets/Spine2D Knight Character Animation Pack/Exports/Frame by frame/dead/clown_export-dead_32.png using Guid(a33eb08d6aede9445b66e7cfc8908310) Importer(2089858483,b0f066a214c2f5e87bad3c948f4d605d) (ScriptedImporter) -> (artifact id: 'a6dce0f3312dee825a3eebef9a4afea1') in 0.025246 seconds
Number of updated asset objects reloaded before import = 0Number of asset objects unloaded after import = 3

========================================================================
Received Import Request.
  Time since last request: 0.000031 seconds.
  path: Assets/Dungeon Crawler 2D Art Pack/Sprites/Player/Character_Front/Idle/CharacterFront-Idle_11.png
  artifactKey: Guid(3db8c0c07f0001e47992bd8f6ebd35c3) Importer(2089858483,b0f066a214c2f5e87bad3c948f4d605d)
Start importing Assets/Dungeon Crawler 2D Art Pack/Sprites/Player/Character_Front/Idle/CharacterFront-Idle_11.png using Guid(3db8c0c07f0001e47992bd8f6ebd35c3) Importer(2089858483,b0f066a214c2f5e87bad3c948f4d605d) (ScriptedImporter) -> (artifact id: '8c56a46a11f3b9199c808b6b70eb3b05') in 0.022495 seconds
Number of updated asset objects reloaded before import = 0Number of asset objects unloaded after import = 3

========================================================================
Received Import Request.
  Time since last request: 0.000035 seconds.
  path: Assets/Dungeon Crawler 2D Art Pack/Sprites/Player/CharacterBack/Idle/CharacterBack-Idle_15.png
  artifactKey: Guid(dfcc0e04fd62ebf4f8eaeffb378e2ed4) Importer(2089858483,b0f066a214c2f5e87bad3c948f4d605d)
Start importing Assets/Dungeon Crawler 2D Art Pack/Sprites/Player/CharacterBack/Idle/CharacterBack-Idle_15.png using Guid(dfcc0e04fd62ebf4f8eaeffb378e2ed4) Importer(2089858483,b0f066a214c2f5e87bad3c948f4d605d) (ScriptedImporter) -> (artifact id: '8945230e81c3c7486fc6f965316673ba') in 0.0224048 seconds
Number of updated asset objects reloaded before import = 0Number of asset objects unloaded after import = 3

========================================================================
Received Import Request.
  Time since last request: 0.000029 seconds.
  path: Assets/Dungeon Crawler 2D Art Pack/Sprites/Player/Character_Front/Idle/CharacterFront-Idle_10.png
  artifactKey: Guid(c796464ddd6fc1b46bf99493232e8f2f) Importer(2089858483,b0f066a214c2f5e87bad3c948f4d605d)
Start importing Assets/Dungeon Crawler 2D Art Pack/Sprites/Player/Character_Front/Idle/CharacterFront-Idle_10.png using Guid(c796464ddd6fc1b46bf99493232e8f2f) Importer(2089858483,b0f066a214c2f5e87bad3c948f4d605d) (ScriptedImporter) -> (artifact id: 'cf2ebe2c6b97bff2b105cb91c4a609fd') in 0.022066 seconds
Number of updated asset objects reloaded before import = 0Number of asset objects unloaded after import = 3

========================================================================
Received Import Request.
  Time since last request: 0.000022 seconds.
  path: Assets/Dungeon Crawler 2D Art Pack/Sprites/Player/Character_Left/Idle/CharacterLeft-Idle_4.png
  artifactKey: Guid(74781dea14735fe479588ed5d17b2994) Importer(2089858483,b0f066a214c2f5e87bad3c948f4d605d)
Start importing Assets/Dungeon Crawler 2D Art Pack/Sprites/Player/Character_Left/Idle/CharacterLeft-Idle_4.png using Guid(74781dea14735fe479588ed5d17b2994) Importer(2089858483,b0f066a214c2f5e87bad3c948f4d605d) (ScriptedImporter) -> (artifact id: '00ddda1a3060ccee151959ccb1967252') in 0.022803 seconds
Number of updated asset objects reloaded before import = 0Number of asset objects unloaded after import = 3

========================================================================
Received Import Request.
  Time since last request: 0.000025 seconds.
  path: Assets/Spine2D Knight Character Animation Pack/Exports/Frame by frame/walk_shield/clown_export-walk_shield_10.png
  artifactKey: Guid(b784daf661ba17344bb317a3d27cf365) Importer(2089858483,b0f066a214c2f5e87bad3c948f4d605d)
Start importing Assets/Spine2D Knight Character Animation Pack/Exports/Frame by frame/walk_shield/clown_export-walk_shield_10.png using Guid(b784daf661ba17344bb317a3d27cf365) Importer(2089858483,b0f066a214c2f5e87bad3c948f4d605d) (ScriptedImporter) -> (artifact id: '3701f4e6f1e6a7703b02d2c8ddcb22eb') in 0.0213048 seconds
Number of updated asset objects reloaded before import = 0Number of asset objects unloaded after import = 3

========================================================================
Received Import Request.
  Time since last request: 0.000040 seconds.
  path: Assets/Spine2D Knight Character Animation Pack/Exports/Frame by frame/walk_shield/clown_export-walk_shield_28.png
  artifactKey: Guid(7894048348f30b94a96c70a1b9f28943) Importer(2089858483,b0f066a214c2f5e87bad3c948f4d605d)
Start importing Assets/Spine2D Knight Character Animation Pack/Exports/Frame by frame/walk_shield/clown_export-walk_shield_28.png using Guid(7894048348f30b94a96c70a1b9f28943) Importer(2089858483,b0f066a214c2f5e87bad3c948f4d605d) (ScriptedImporter) -> (artifact id: '96595b6e59a95779febf5c035f5267fe') in 0.0228016 seconds
Number of updated asset objects reloaded before import = 0Number of asset objects unloaded after import = 3

========================================================================
Received Import Request.
  Time since last request: 0.000037 seconds.
  path: Assets/Dungeon Crawler 2D Art Pack/Sprites/Player/CharacterBack/Idle/CharacterBack-Idle_19.png
  artifactKey: Guid(7beaaeb3052d0be49b69c2e567ff8a46) Importer(2089858483,b0f066a214c2f5e87bad3c948f4d605d)
Start importing Assets/Dungeon Crawler 2D Art Pack/Sprites/Player/CharacterBack/Idle/CharacterBack-Idle_19.png using Guid(7beaaeb3052d0be49b69c2e567ff8a46) Importer(2089858483,b0f066a214c2f5e87bad3c948f4d605d) (ScriptedImporter) -> (artifact id: '8ff4049b29f05c157bb4fe5cc4778165') in 0.0206225 seconds
Number of updated asset objects reloaded before import = 0Number of asset objects unloaded after import = 3

========================================================================
Received Import Request.
  Time since last request: 0.000027 seconds.
  path: Assets/Dungeon Crawler 2D Art Pack/Sprites/Player/CharacterBack/Run/CharacterBack-Run_2.png
  artifactKey: Guid(11bed6aa11e19d64b87dea34c1c303b3) Importer(2089858483,b0f066a214c2f5e87bad3c948f4d605d)
Start importing Assets/Dungeon Crawler 2D Art Pack/Sprites/Player/CharacterBack/Run/CharacterBack-Run_2.png using Guid(11bed6aa11e19d64b87dea34c1c303b3) Importer(2089858483,b0f066a214c2f5e87bad3c948f4d605d) (ScriptedImporter) -> (artifact id: '86606be8297c75cb54df6f9482abf47b') in 0.0181236 seconds
Number of updated asset objects reloaded before import = 0Number of asset objects unloaded after import = 3

========================================================================
Received Import Request.
  Time since last request: 0.000041 seconds.
  path: Assets/GoogleMobileAds/Editor/Resources/PlaceholderAds/AdImages/768x1024.png
  artifactKey: Guid(8a53f9c63a5e94b14a98698a7b07365b) Importer(2089858483,b0f066a214c2f5e87bad3c948f4d605d)
Start importing Assets/GoogleMobileAds/Editor/Resources/PlaceholderAds/AdImages/768x1024.png using Guid(8a53f9c63a5e94b14a98698a7b07365b) Importer(2089858483,b0f066a214c2f5e87bad3c948f4d605d) (ScriptedImporter) -> (artifact id: '421ccee500a295a2a9c217d12b44bf5d') in 0.0237669 seconds
Number of updated asset objects reloaded before import = 0Number of asset objects unloaded after import = 3

========================================================================
Received Import Request.
  Time since last request: 0.000040 seconds.
  path: Assets/GoogleMobileAds/Editor/Resources/PlaceholderAds/Rewarded/1024x768.prefab
  artifactKey: Guid(ac0a546bb4fb349229fc5824b288ec00) Importer(2089858483,b0f066a214c2f5e87bad3c948f4d605d)
Start importing Assets/GoogleMobileAds/Editor/Resources/PlaceholderAds/Rewarded/1024x768.prefab using Guid(ac0a546bb4fb349229fc5824b288ec00) Importer(2089858483,b0f066a214c2f5e87bad3c948f4d605d) (ScriptedImporter) -> (artifact id: 'dc740d1ca441a6af48b265a891e698ab') in 0.0670465 seconds
Number of updated asset objects reloaded before import = 0Number of asset objects unloaded after import = 30

========================================================================
Received Import Request.
  Time since last request: 0.000021 seconds.
  path: Assets/Effect/Eric VFX Studio/Free Game VFX/Prefab/Mesh/pzplane.prefab
  artifactKey: Guid(72bbcbf82aacd574eac76dd67aafc074) Importer(2089858483,b0f066a214c2f5e87bad3c948f4d605d)
Start importing Assets/Effect/Eric VFX Studio/Free Game VFX/Prefab/Mesh/pzplane.prefab using Guid(72bbcbf82aacd574eac76dd67aafc074) Importer(2089858483,b0f066a214c2f5e87bad3c948f4d605d) (ScriptedImporter) -> (artifact id: '88ea5dc643e64b922626b6e08111f6f0') in 0.0304531 seconds
Number of updated asset objects reloaded before import = 0Number of asset objects unloaded after import = 16

========================================================================
Received Import Request.
  Time since last request: 0.000032 seconds.
  path: Assets/Spine/Editor/spine-unity/Editor/Asset Types/AnimationReferenceAssetEditor.cs
  artifactKey: Guid(9511532e80feed24881a5863f5485446) Importer(2089858483,b0f066a214c2f5e87bad3c948f4d605d)
Start importing Assets/Spine/Editor/spine-unity/Editor/Asset Types/AnimationReferenceAssetEditor.cs using Guid(9511532e80feed24881a5863f5485446) Importer(2089858483,b0f066a214c2f5e87bad3c948f4d605d) (ScriptedImporter) -> (artifact id: '97c9f24ae593c5ee595cd7393199f643') in 0.013642 seconds
Number of updated asset objects reloaded before import = 0Number of asset objects unloaded after import = 0

========================================================================
Received Import Request.
  Time since last request: 0.000028 seconds.
  path: Assets/Effect/Eric VFX Studio/Free Game VFX/Prefab/Mesh/sphere_8pl.prefab
  artifactKey: Guid(bfc9269708317e1469c37e9b4ae1c777) Importer(2089858483,b0f066a214c2f5e87bad3c948f4d605d)
Start importing Assets/Effect/Eric VFX Studio/Free Game VFX/Prefab/Mesh/sphere_8pl.prefab using Guid(bfc9269708317e1469c37e9b4ae1c777) Importer(2089858483,b0f066a214c2f5e87bad3c948f4d605d) (ScriptedImporter) -> (artifact id: '8437a3e905878c26a77837c6df09b886') in 0.0153808 seconds
Number of updated asset objects reloaded before import = 0Number of asset objects unloaded after import = 13

========================================================================
Received Import Request.
  Time since last request: 0.000022 seconds.
  path: Assets/GoogleMobileAds/Editor/Resources/PlaceholderAds/AppOpen/768x1024.prefab
  artifactKey: Guid(7d86e5c9e525f4fadbbea7ee54246b94) Importer(2089858483,b0f066a214c2f5e87bad3c948f4d605d)
Start importing Assets/GoogleMobileAds/Editor/Resources/PlaceholderAds/AppOpen/768x1024.prefab using Guid(7d86e5c9e525f4fadbbea7ee54246b94) Importer(2089858483,b0f066a214c2f5e87bad3c948f4d605d) (ScriptedImporter) -> (artifact id: '7dc38f3008f0fe12665b87b77b45a00c') in 0.0172828 seconds
Number of updated asset objects reloaded before import = 0Number of asset objects unloaded after import = 26

========================================================================
Received Import Request.
  Time since last request: 0.000027 seconds.
  path: Assets/Resources/SO/Characters/Attacker/Monster/Monster1.asset
  artifactKey: Guid(15217b1af95740c40889f2bc00049832) Importer(2089858483,b0f066a214c2f5e87bad3c948f4d605d)
Start importing Assets/Resources/SO/Characters/Attacker/Monster/Monster1.asset using Guid(15217b1af95740c40889f2bc00049832) Importer(2089858483,b0f066a214c2f5e87bad3c948f4d605d) (ScriptedImporter) -> (artifact id: 'd463b9d719bf4d8599636a22913f7c08') in 0.0183389 seconds
Number of updated asset objects reloaded before import = 0Number of asset objects unloaded after import = 8

========================================================================
Received Import Request.
  Time since last request: 0.000025 seconds.
  path: Assets/GoogleMobileAds/Editor/Resources/PlaceholderAds/Banners/SMART_BANNER.prefab
  artifactKey: Guid(15069cdc38e2b41f7836116419a9187c) Importer(2089858483,b0f066a214c2f5e87bad3c948f4d605d)
Start importing Assets/GoogleMobileAds/Editor/Resources/PlaceholderAds/Banners/SMART_BANNER.prefab using Guid(15069cdc38e2b41f7836116419a9187c) Importer(2089858483,b0f066a214c2f5e87bad3c948f4d605d) (ScriptedImporter) -> (artifact id: '8153a929a078f727f5ad13800c2524e4') in 0.0194689 seconds
Number of updated asset objects reloaded before import = 0Number of asset objects unloaded after import = 16

========================================================================
Received Import Request.
  Time since last request: 0.000036 seconds.
  path: Assets/Effect/Eric VFX Studio/Free Game VFX/Prefab/Mesh/Summon_Cylinder01.prefab
  artifactKey: Guid(aa0a539294e15c840bd61bbc744a0d8f) Importer(2089858483,b0f066a214c2f5e87bad3c948f4d605d)
Start importing Assets/Effect/Eric VFX Studio/Free Game VFX/Prefab/Mesh/Summon_Cylinder01.prefab using Guid(aa0a539294e15c840bd61bbc744a0d8f) Importer(2089858483,b0f066a214c2f5e87bad3c948f4d605d) (ScriptedImporter) -> (artifact id: '527b966831abfad3b93ea8278d454a11') in 0.0188076 seconds
Number of updated asset objects reloaded before import = 0Number of asset objects unloaded after import = 13

========================================================================
Received Import Request.
  Time since last request: 0.000021 seconds.
  path: Assets/Spine2D Knight Character Animation Pack/Exports/Frame by frame/stun/clown_export-stun_36.png
  artifactKey: Guid(5c8cc0011513c88428dcf532a933634a) Importer(2089858483,b0f066a214c2f5e87bad3c948f4d605d)
Start importing Assets/Spine2D Knight Character Animation Pack/Exports/Frame by frame/stun/clown_export-stun_36.png using Guid(5c8cc0011513c88428dcf532a933634a) Importer(2089858483,b0f066a214c2f5e87bad3c948f4d605d) (ScriptedImporter) -> (artifact id: 'c36d08caf98b4f5b2adb6cb44a30082d') in 0.0223405 seconds
Number of updated asset objects reloaded before import = 0Number of asset objects unloaded after import = 3

========================================================================
Received Import Request.
  Time since last request: 0.000061 seconds.
  path: Assets/Effect/Cartoon FX Remaster/CFXR Prefabs/Sword Trails/Fire/CFXR4 Sword Trail FIRE (360 Thin Spiral).prefab
  artifactKey: Guid(b3416c8b2e3c7804b8c061dc4a36fc43) Importer(2089858483,b0f066a214c2f5e87bad3c948f4d605d)
Start importing Assets/Effect/Cartoon FX Remaster/CFXR Prefabs/Sword Trails/Fire/CFXR4 Sword Trail FIRE (360 Thin Spiral).prefab using Guid(b3416c8b2e3c7804b8c061dc4a36fc43) Importer(2089858483,b0f066a214c2f5e87bad3c948f4d605d) (ScriptedImporter) -> (artifact id: '53e5bbcfb80016e7d3b1a229e25b93a8') in 0.050623 seconds
Number of updated asset objects reloaded before import = 0Number of asset objects unloaded after import = 43

========================================================================
Received Import Request.
  Time since last request: 0.000036 seconds.
  path: Assets/Spine2D Knight Character Animation Pack/Exports/Frame by frame/run_shield/clown_export-run_shield_17.png
  artifactKey: Guid(24ba54da0ad1e534b88f7be835860cbd) Importer(2089858483,b0f066a214c2f5e87bad3c948f4d605d)
Start importing Assets/Spine2D Knight Character Animation Pack/Exports/Frame by frame/run_shield/clown_export-run_shield_17.png using Guid(24ba54da0ad1e534b88f7be835860cbd) Importer(2089858483,b0f066a214c2f5e87bad3c948f4d605d) (ScriptedImporter) -> (artifact id: '3ca856d94da6d234b6fbc09f971e13d0') in 0.0268391 seconds
Number of updated asset objects reloaded before import = 0Number of asset objects unloaded after import = 3

========================================================================
Received Import Request.
  Time since last request: 0.000046 seconds.
  path: Assets/Dungeon Crawler 2D Art Pack/Sprites/Player/Character_Front/Death/CharacterFront-Death_10.png
  artifactKey: Guid(22666647592b14342b38f2ae55574969) Importer(2089858483,b0f066a214c2f5e87bad3c948f4d605d)
Start importing Assets/Dungeon Crawler 2D Art Pack/Sprites/Player/Character_Front/Death/CharacterFront-Death_10.png using Guid(22666647592b14342b38f2ae55574969) Importer(2089858483,b0f066a214c2f5e87bad3c948f4d605d) (ScriptedImporter) -> (artifact id: '2d11d0bad46396077c6f5d0f7e446901') in 0.0851771 seconds
Number of updated asset objects reloaded before import = 0Number of asset objects unloaded after import = 3

========================================================================
Received Import Request.
  Time since last request: 0.000054 seconds.
  path: Assets/Spine2D Knight Character Animation Pack/Exports/Frame by frame/sword_attack/clown_export-sword_attack_13.png
  artifactKey: Guid(37ff753886497794187d370eebd9594b) Importer(2089858483,b0f066a214c2f5e87bad3c948f4d605d)
Start importing Assets/Spine2D Knight Character Animation Pack/Exports/Frame by frame/sword_attack/clown_export-sword_attack_13.png using Guid(37ff753886497794187d370eebd9594b) Importer(2089858483,b0f066a214c2f5e87bad3c948f4d605d) (ScriptedImporter) -> (artifact id: '1f47b0a4a490ee8bb990b4d25cb9030d') in 0.0247685 seconds
Number of updated asset objects reloaded before import = 0Number of asset objects unloaded after import = 3

========================================================================
Received Import Request.
  Time since last request: 0.000037 seconds.
  path: Assets/Spine2D Knight Character Animation Pack/Exports/Frame by frame/stun/clown_export-stun_35.png
  artifactKey: Guid(64be7412396a43e4f84bbae1f517a330) Importer(2089858483,b0f066a214c2f5e87bad3c948f4d605d)
Start importing Assets/Spine2D Knight Character Animation Pack/Exports/Frame by frame/stun/clown_export-stun_35.png using Guid(64be7412396a43e4f84bbae1f517a330) Importer(2089858483,b0f066a214c2f5e87bad3c948f4d605d) (ScriptedImporter) -> (artifact id: '9be8260daaa2c0f982045fc2e195a459') in 0.0312849 seconds
Number of updated asset objects reloaded before import = 0Number of asset objects unloaded after import = 3

========================================================================
Received Import Request.
  Time since last request: 0.000042 seconds.
  path: Assets/Spine2D Knight Character Animation Pack/Exports/Frame by frame/run_shield/clown_export-run_shield_5.png
  artifactKey: Guid(9e9ee6b39b6a4db41a2f9073b9d48ab9) Importer(2089858483,b0f066a214c2f5e87bad3c948f4d605d)
Start importing Assets/Spine2D Knight Character Animation Pack/Exports/Frame by frame/run_shield/clown_export-run_shield_5.png using Guid(9e9ee6b39b6a4db41a2f9073b9d48ab9) Importer(2089858483,b0f066a214c2f5e87bad3c948f4d605d) (ScriptedImporter) -> (artifact id: '99aa302bd0cd9d62ced480d7311d3cd2') in 0.0217113 seconds
Number of updated asset objects reloaded before import = 0Number of asset objects unloaded after import = 3

========================================================================
Received Import Request.
  Time since last request: 0.000028 seconds.
  path: Assets/Dungeon Crawler 2D Art Pack/Sprites/Player/Character_Left/Idle/CharacterLeft-Idle_0.png
  artifactKey: Guid(2d9e447bc14fc064b942a6b8c2ff2587) Importer(2089858483,b0f066a214c2f5e87bad3c948f4d605d)
Start importing Assets/Dungeon Crawler 2D Art Pack/Sprites/Player/Character_Left/Idle/CharacterLeft-Idle_0.png using Guid(2d9e447bc14fc064b942a6b8c2ff2587) Importer(2089858483,b0f066a214c2f5e87bad3c948f4d605d) (ScriptedImporter) -> (artifact id: '2f4a334ec3f68de8443b4610ab2ddab8') in 0.02706 seconds
Number of updated asset objects reloaded before import = 0Number of asset objects unloaded after import = 3

========================================================================
Received Import Request.
  Time since last request: 0.000027 seconds.
  path: Assets/Spine/Editor/spine-unity/Editor/GUI/icon-boneNib.png
  artifactKey: Guid(97a43f11e00735147a9dc3dff6d68191) Importer(2089858483,b0f066a214c2f5e87bad3c948f4d605d)
Start importing Assets/Spine/Editor/spine-unity/Editor/GUI/icon-boneNib.png using Guid(97a43f11e00735147a9dc3dff6d68191) Importer(2089858483,b0f066a214c2f5e87bad3c948f4d605d) (ScriptedImporter) -> (artifact id: '83b180d6d3489a9c7c4ec834fbec19a1') in 0.0187438 seconds
Number of updated asset objects reloaded before import = 0Number of asset objects unloaded after import = 1

========================================================================
Received Import Request.
  Time since last request: 0.000025 seconds.
  path: Assets/Spine/Editor/spine-unity/Editor/GUI/icon-poseBones.png
  artifactKey: Guid(da6f6d414e43aac46a57cc5a87208db4) Importer(2089858483,b0f066a214c2f5e87bad3c948f4d605d)
Start importing Assets/Spine/Editor/spine-unity/Editor/GUI/icon-poseBones.png using Guid(da6f6d414e43aac46a57cc5a87208db4) Importer(2089858483,b0f066a214c2f5e87bad3c948f4d605d) (ScriptedImporter) -> (artifact id: '9fc6fb52a01ed0d9f7d77ef907e2f039') in 0.0164579 seconds
Number of updated asset objects reloaded before import = 0Number of asset objects unloaded after import = 1

========================================================================
Received Import Request.
  Time since last request: 0.000037 seconds.
  path: Assets/Spine/Editor/spine-unity/Editor/Components/SkeletonUtilityInspector.cs
  artifactKey: Guid(a5b90df955eb8c2429ac67c8b2de6c5c) Importer(2089858483,b0f066a214c2f5e87bad3c948f4d605d)
Start importing Assets/Spine/Editor/spine-unity/Editor/Components/SkeletonUtilityInspector.cs using Guid(a5b90df955eb8c2429ac67c8b2de6c5c) Importer(2089858483,b0f066a214c2f5e87bad3c948f4d605d) (ScriptedImporter) -> (artifact id: '81f356a920bed7f71e5f03ce20c22ae5') in 0.0206824 seconds
Number of updated asset objects reloaded before import = 0Number of asset objects unloaded after import = 0

========================================================================
Received Import Request.
  Time since last request: 0.000043 seconds.
  path: Assets/Spine/Editor/spine-unity/Editor/GUI/icon-boundingBox.png
  artifactKey: Guid(955aed20030d0504b8a9c6934a5cb47a) Importer(2089858483,b0f066a214c2f5e87bad3c948f4d605d)
Start importing Assets/Spine/Editor/spine-unity/Editor/GUI/icon-boundingBox.png using Guid(955aed20030d0504b8a9c6934a5cb47a) Importer(2089858483,b0f066a214c2f5e87bad3c948f4d605d) (ScriptedImporter) -> (artifact id: 'a68b9eb0c6ad70f3909a4eed6e4f5f1e') in 0.025909 seconds
Number of updated asset objects reloaded before import = 0Number of asset objects unloaded after import = 1

========================================================================
Received Import Request.
  Time since last request: 0.000022 seconds.
  path: Assets/Spine/Editor/spine-unity/Editor/GUI/AtlasAsset Icon.png
  artifactKey: Guid(3fc714a0dc1cf6b4b959e073fff2844e) Importer(2089858483,b0f066a214c2f5e87bad3c948f4d605d)
Start importing Assets/Spine/Editor/spine-unity/Editor/GUI/AtlasAsset Icon.png using Guid(3fc714a0dc1cf6b4b959e073fff2844e) Importer(2089858483,b0f066a214c2f5e87bad3c948f4d605d) (ScriptedImporter) -> (artifact id: '4467fcca4ddc9559db264d637949373f') in 0.0197644 seconds
Number of updated asset objects reloaded before import = 0Number of asset objects unloaded after import = 1

========================================================================
Received Import Request.
  Time since last request: 0.000028 seconds.
  path: Assets/Spine/Editor/spine-unity/Editor/Components/SkeletonRendererInspector.cs
  artifactKey: Guid(d0fc5db9788bce4418ad3252d43faa8a) Importer(2089858483,b0f066a214c2f5e87bad3c948f4d605d)
Start importing Assets/Spine/Editor/spine-unity/Editor/Components/SkeletonRendererInspector.cs using Guid(d0fc5db9788bce4418ad3252d43faa8a) Importer(2089858483,b0f066a214c2f5e87bad3c948f4d605d) (ScriptedImporter) -> (artifact id: 'b88843f37dce94d77d6ef4035227e481') in 0.0133753 seconds
Number of updated asset objects reloaded before import = 0Number of asset objects unloaded after import = 0

========================================================================
Received Import Request.
  Time since last request: 0.000034 seconds.
  path: Assets/Spine/Editor/spine-unity/Editor/GUI/icon-constraintTransform.png
  artifactKey: Guid(4709175437c21f64bab9b061f98a49fc) Importer(2089858483,b0f066a214c2f5e87bad3c948f4d605d)
Start importing Assets/Spine/Editor/spine-unity/Editor/GUI/icon-constraintTransform.png using Guid(4709175437c21f64bab9b061f98a49fc) Importer(2089858483,b0f066a214c2f5e87bad3c948f4d605d) (ScriptedImporter) -> (artifact id: 'bd3885d5a4e7a7b5b67785475af0b913') in 0.0195799 seconds
Number of updated asset objects reloaded before import = 0Number of asset objects unloaded after import = 1

========================================================================
Received Import Request.
  Time since last request: 0.000037 seconds.
  path: Assets/Spine/Editor/spine-unity/Editor/GUI/icon-slotRoot.png
  artifactKey: Guid(4a1646cf39026224c85ecba92d7d6948) Importer(2089858483,b0f066a214c2f5e87bad3c948f4d605d)
Start importing Assets/Spine/Editor/spine-unity/Editor/GUI/icon-slotRoot.png using Guid(4a1646cf39026224c85ecba92d7d6948) Importer(2089858483,b0f066a214c2f5e87bad3c948f4d605d) (ScriptedImporter) -> (artifact id: '3af9f91c645ed3f9dbdfbc4dc8dd1424') in 0.02435 seconds
Number of updated asset objects reloaded before import = 0Number of asset objects unloaded after import = 1

========================================================================
Received Import Request.
  Time since last request: 0.035001 seconds.
  path: Assets/Spine/Editor/spine-unity/Editor/Components/SkeletonUtilityBoneInspector.cs
  artifactKey: Guid(b3ae20b4bcc31f645afd6f5b64f82473) Importer(2089858483,b0f066a214c2f5e87bad3c948f4d605d)
Start importing Assets/Spine/Editor/spine-unity/Editor/Components/SkeletonUtilityBoneInspector.cs using Guid(b3ae20b4bcc31f645afd6f5b64f82473) Importer(2089858483,b0f066a214c2f5e87bad3c948f4d605d) (ScriptedImporter) -> (artifact id: 'bcb119b84ff3ad1c49be28eac64e6485') in 0.0138853 seconds
Number of updated asset objects reloaded before import = 0Number of asset objects unloaded after import = 0

========================================================================
Received Import Request.
  Time since last request: 0.000029 seconds.
  path: Assets/Spine/Editor/spine-unity/Editor/Components/BoundingBoxFollowerGraphicInspector.cs
  artifactKey: Guid(7c4f5b276299bc048ad00f3cd2d1ea09) Importer(2089858483,b0f066a214c2f5e87bad3c948f4d605d)
Start importing Assets/Spine/Editor/spine-unity/Editor/Components/BoundingBoxFollowerGraphicInspector.cs using Guid(7c4f5b276299bc048ad00f3cd2d1ea09) Importer(2089858483,b0f066a214c2f5e87bad3c948f4d605d) (ScriptedImporter) -> (artifact id: '8fa437c5e9237867d5c665a54fc68150') in 0.0134801 seconds
Number of updated asset objects reloaded before import = 0Number of asset objects unloaded after import = 0

========================================================================
Received Import Request.
  Time since last request: 0.000032 seconds.
  path: Assets/Spine/Editor/spine-unity/Editor/GUI/icon-spine.png
  artifactKey: Guid(4e7c964fa5e07024c8bf1debecc3b7c8) Importer(2089858483,b0f066a214c2f5e87bad3c948f4d605d)
Start importing Assets/Spine/Editor/spine-unity/Editor/GUI/icon-spine.png using Guid(4e7c964fa5e07024c8bf1debecc3b7c8) Importer(2089858483,b0f066a214c2f5e87bad3c948f4d605d) (ScriptedImporter) -> (artifact id: '6b26795541bc7b889501f9ba57c37206') in 0.0187566 seconds
Number of updated asset objects reloaded before import = 0Number of asset objects unloaded after import = 1

========================================================================
Received Import Request.
  Time since last request: 0.000021 seconds.
  path: Assets/Dungeon Crawler 2D Art Pack/Sprites/Player/CharacterBack/Run/CharacterBack-Run_7.png
  artifactKey: Guid(6188c65e3819c964c9ceb1309cc7ccb8) Importer(2089858483,b0f066a214c2f5e87bad3c948f4d605d)
Start importing Assets/Dungeon Crawler 2D Art Pack/Sprites/Player/CharacterBack/Run/CharacterBack-Run_7.png using Guid(6188c65e3819c964c9ceb1309cc7ccb8) Importer(2089858483,b0f066a214c2f5e87bad3c948f4d605d) (ScriptedImporter) -> (artifact id: '236520a748dbae46c507e786a0e889a4') in 0.0200916 seconds
Number of updated asset objects reloaded before import = 0Number of asset objects unloaded after import = 3

========================================================================
Received Import Request.
  Time since last request: 0.000032 seconds.
  path: Assets/Spine2D Knight Character Animation Pack/Exports/Frame by frame/shield_attack/clown_export-shield_attack_10.png
  artifactKey: Guid(7303f9e864861474d9da6045972b07f9) Importer(2089858483,b0f066a214c2f5e87bad3c948f4d605d)
Start importing Assets/Spine2D Knight Character Animation Pack/Exports/Frame by frame/shield_attack/clown_export-shield_attack_10.png using Guid(7303f9e864861474d9da6045972b07f9) Importer(2089858483,b0f066a214c2f5e87bad3c948f4d605d) (ScriptedImporter) -> (artifact id: 'f00d76b96bfe1a9e732cf6650251df60') in 0.0204099 seconds
Number of updated asset objects reloaded before import = 0Number of asset objects unloaded after import = 3

========================================================================
Received Import Request.
  Time since last request: 0.000029 seconds.
  path: Assets/Dungeon Crawler 2D Art Pack/Sprites/Player/Character_Front/Death/CharacterFront-Death_8.png
  artifactKey: Guid(fbfba7b6b194cba45b232281ac728704) Importer(2089858483,b0f066a214c2f5e87bad3c948f4d605d)
Start importing Assets/Dungeon Crawler 2D Art Pack/Sprites/Player/Character_Front/Death/CharacterFront-Death_8.png using Guid(fbfba7b6b194cba45b232281ac728704) Importer(2089858483,b0f066a214c2f5e87bad3c948f4d605d) (ScriptedImporter) -> (artifact id: '79107bf7ffba0b372cebba162929393e') in 0.018687 seconds
Number of updated asset objects reloaded before import = 0Number of asset objects unloaded after import = 3

========================================================================
Received Import Request.
  Time since last request: 0.000037 seconds.
  path: Assets/Effect/Cartoon FX Remaster/CFXR Prefabs/Sword Trails/Ice/CFXR4 Sword Hit ICE (Cross).prefab
  artifactKey: Guid(0c2509361b13505428ce788b7f846686) Importer(2089858483,b0f066a214c2f5e87bad3c948f4d605d)
Start importing Assets/Effect/Cartoon FX Remaster/CFXR Prefabs/Sword Trails/Ice/CFXR4 Sword Hit ICE (Cross).prefab using Guid(0c2509361b13505428ce788b7f846686) Importer(2089858483,b0f066a214c2f5e87bad3c948f4d605d) (ScriptedImporter) -> (artifact id: '1b033eac51ae9d30f4529f09b35b8e5c') in 0.0467499 seconds
Number of updated asset objects reloaded before import = 0Number of asset objects unloaded after import = 38

========================================================================
Received Import Request.
  Time since last request: 0.000019 seconds.
  path: Assets/Spine/Editor/spine-unity/Editor/GUI/icon-image.png
  artifactKey: Guid(2b3a6f35bbaa8414eb51a344743ee641) Importer(2089858483,b0f066a214c2f5e87bad3c948f4d605d)
Start importing Assets/Spine/Editor/spine-unity/Editor/GUI/icon-image.png using Guid(2b3a6f35bbaa8414eb51a344743ee641) Importer(2089858483,b0f066a214c2f5e87bad3c948f4d605d) (ScriptedImporter) -> (artifact id: '242eec69369a479c53a3b759636ce75c') in 0.0191294 seconds
Number of updated asset objects reloaded before import = 0Number of asset objects unloaded after import = 1

========================================================================
Received Import Request.
  Time since last request: 0.000019 seconds.
  path: Assets/Spine2D Knight Character Animation Pack/Exports/Frame by frame/sword_attack/clown_export-sword_attack_3.png
  artifactKey: Guid(7e76ccb70c881b648a7b0fa158e5cb24) Importer(2089858483,b0f066a214c2f5e87bad3c948f4d605d)
Start importing Assets/Spine2D Knight Character Animation Pack/Exports/Frame by frame/sword_attack/clown_export-sword_attack_3.png using Guid(7e76ccb70c881b648a7b0fa158e5cb24) Importer(2089858483,b0f066a214c2f5e87bad3c948f4d605d) (ScriptedImporter) -> (artifact id: 'dd12782b172cfecd4f58472c5b28906b') in 0.0263477 seconds
Number of updated asset objects reloaded before import = 0Number of asset objects unloaded after import = 3

========================================================================
Received Import Request.
  Time since last request: 0.000023 seconds.
  path: Assets/Spine/Runtime/spine-unity/Components/SkeletonRenderSeparator/SkeletonPartsRenderer.cs
  artifactKey: Guid(1c0b968d1e7333b499e347acb644f1c1) Importer(2089858483,b0f066a214c2f5e87bad3c948f4d605d)
Start importing Assets/Spine/Runtime/spine-unity/Components/SkeletonRenderSeparator/SkeletonPartsRenderer.cs using Guid(1c0b968d1e7333b499e347acb644f1c1) Importer(2089858483,b0f066a214c2f5e87bad3c948f4d605d) (ScriptedImporter) -> (artifact id: 'f281acc35b65702cc693093c6b246a50') in 0.0121921 seconds
Number of updated asset objects reloaded before import = 0Number of asset objects unloaded after import = 0

========================================================================
Received Import Request.
  Time since last request: 0.000026 seconds.
  path: Assets/Spine/Runtime/spine-unity/Shaders/Outline/Spine-Skeleton-TintBlack-Outline.shader
  artifactKey: Guid(49cf725a1e40e7742be92917f83946c3) Importer(2089858483,b0f066a214c2f5e87bad3c948f4d605d)
Start importing Assets/Spine/Runtime/spine-unity/Shaders/Outline/Spine-Skeleton-TintBlack-Outline.shader using Guid(49cf725a1e40e7742be92917f83946c3) Importer(2089858483,b0f066a214c2f5e87bad3c948f4d605d) (ScriptedImporter) -> (artifact id: 'c8d3b82cea4c8098974d23e7715f3bb2') in 0.0169987 seconds
Number of updated asset objects reloaded before import = 0Number of asset objects unloaded after import = 2

========================================================================
Received Import Request.
  Time since last request: 0.000020 seconds.
  path: Assets/Spine/Editor/spine-unity/Editor/Windows/SpriteAtlasImportWindow.cs
  artifactKey: Guid(a5b99b091defeef439a0cb8c99fd8a51) Importer(2089858483,b0f066a214c2f5e87bad3c948f4d605d)
Start importing Assets/Spine/Editor/spine-unity/Editor/Windows/SpriteAtlasImportWindow.cs using Guid(a5b99b091defeef439a0cb8c99fd8a51) Importer(2089858483,b0f066a214c2f5e87bad3c948f4d605d) (ScriptedImporter) -> (artifact id: 'd9d5f5cb381ccd9e9eaa447c088da92c') in 0.0109628 seconds
Number of updated asset objects reloaded before import = 0Number of asset objects unloaded after import = 0

========================================================================
Received Import Request.
  Time since last request: 0.000023 seconds.
  path: Assets/Spine/Runtime/spine-unity/Shaders/Outline/Spine-Skeleton-Outline.shader
  artifactKey: Guid(28b5cf4804845fe4b868531fd0bb81d5) Importer(2089858483,b0f066a214c2f5e87bad3c948f4d605d)
Start importing Assets/Spine/Runtime/spine-unity/Shaders/Outline/Spine-Skeleton-Outline.shader using Guid(28b5cf4804845fe4b868531fd0bb81d5) Importer(2089858483,b0f066a214c2f5e87bad3c948f4d605d) (ScriptedImporter) -> (artifact id: '557faaf6b83dc67a2f9815bdd9ae63ed') in 0.0150851 seconds
Number of updated asset objects reloaded before import = 0Number of asset objects unloaded after import = 1

========================================================================
Received Import Request.
  Time since last request: 0.000021 seconds.
  path: Assets/Spine/Editor/spine-unity/Editor/Windows/SkeletonBakingWindow.cs
  artifactKey: Guid(868b0caae5b3e65408ece1ab400c4a99) Importer(2089858483,b0f066a214c2f5e87bad3c948f4d605d)
Start importing Assets/Spine/Editor/spine-unity/Editor/Windows/SkeletonBakingWindow.cs using Guid(868b0caae5b3e65408ece1ab400c4a99) Importer(2089858483,b0f066a214c2f5e87bad3c948f4d605d) (ScriptedImporter) -> (artifact id: '8ed5224d1353b232b61efc5f55a83f08') in 0.0136042 seconds
Number of updated asset objects reloaded before import = 0Number of asset objects unloaded after import = 0

========================================================================
Received Import Request.
  Time since last request: 0.000040 seconds.
  path: Assets/Spine/Runtime/spine-unity/Components/RootMotion/SkeletonRootMotionBase.cs
  artifactKey: Guid(fc23a4f220b20024ab0592719f92587d) Importer(2089858483,b0f066a214c2f5e87bad3c948f4d605d)
Start importing Assets/Spine/Runtime/spine-unity/Components/RootMotion/SkeletonRootMotionBase.cs using Guid(fc23a4f220b20024ab0592719f92587d) Importer(2089858483,b0f066a214c2f5e87bad3c948f4d605d) (ScriptedImporter) -> (artifact id: 'd0da82c22430db970613c00292e80f4d') in 0.0116947 seconds
Number of updated asset objects reloaded before import = 0Number of asset objects unloaded after import = 0

========================================================================
Received Import Request.
  Time since last request: 0.000021 seconds.
  path: Assets/Spine/Runtime/spine-unity/Shaders/CGIncludes/Spine-Skeleton-Lit-Common.cginc
  artifactKey: Guid(70c77c02aabd5e44f94aab48dd0be7b2) Importer(2089858483,b0f066a214c2f5e87bad3c948f4d605d)
Start importing Assets/Spine/Runtime/spine-unity/Shaders/CGIncludes/Spine-Skeleton-Lit-Common.cginc using Guid(70c77c02aabd5e44f94aab48dd0be7b2) Importer(2089858483,b0f066a214c2f5e87bad3c948f4d605d) (ScriptedImporter) -> (artifact id: '30512804e9383fcfcc8b9e90f7b46b52') in 0.0112731 seconds
Number of updated asset objects reloaded before import = 0Number of asset objects unloaded after import = 1

========================================================================
Received Import Request.
  Time since last request: 0.000016 seconds.
  path: Assets/Spine/Runtime/spine-unity/Shaders/BlendModes/Spine-Skeleton-PMA-Additive.shader
  artifactKey: Guid(53efa1d97f5d9f74285d4330cda14e36) Importer(2089858483,b0f066a214c2f5e87bad3c948f4d605d)
Start importing Assets/Spine/Runtime/spine-unity/Shaders/BlendModes/Spine-Skeleton-PMA-Additive.shader using Guid(53efa1d97f5d9f74285d4330cda14e36) Importer(2089858483,b0f066a214c2f5e87bad3c948f4d605d) (ScriptedImporter) -> (artifact id: 'c8bfb95c9dbbfdd4ccdf1f855346d443') in 0.0182729 seconds
Number of updated asset objects reloaded before import = 0Number of asset objects unloaded after import = 1

========================================================================
Received Import Request.
  Time since last request: 0.000026 seconds.
  path: Assets/Spine/Runtime/spine-unity/Components/Following/BoneFollowerGraphic.cs
  artifactKey: Guid(b42a195b47491d34b9bcbc40898bcb29) Importer(2089858483,b0f066a214c2f5e87bad3c948f4d605d)
Start importing Assets/Spine/Runtime/spine-unity/Components/Following/BoneFollowerGraphic.cs using Guid(b42a195b47491d34b9bcbc40898bcb29) Importer(2089858483,b0f066a214c2f5e87bad3c948f4d605d) (ScriptedImporter) -> (artifact id: '44315986520587400ae4a89056b4f541') in 0.0154634 seconds
Number of updated asset objects reloaded before import = 0Number of asset objects unloaded after import = 0

========================================================================
Received Import Request.
  Time since last request: 0.000036 seconds.
  path: Assets/Spine/Runtime/spine-unity/Components/SkeletonRendererCustomMaterials/SkeletonGraphicCustomMaterials.cs
  artifactKey: Guid(6c8717e10b272bf42b05d363ac2679a6) Importer(2089858483,b0f066a214c2f5e87bad3c948f4d605d)
Start importing Assets/Spine/Runtime/spine-unity/Components/SkeletonRendererCustomMaterials/SkeletonGraphicCustomMaterials.cs using Guid(6c8717e10b272bf42b05d363ac2679a6) Importer(2089858483,b0f066a214c2f5e87bad3c948f4d605d) (ScriptedImporter) -> (artifact id: '14bc6ddd0c27c4f78e07280d979be26a') in 0.0140041 seconds
Number of updated asset objects reloaded before import = 0Number of asset objects unloaded after import = 0

========================================================================
Received Import Request.
  Time since last request: 0.000018 seconds.
  path: Assets/Spine/Editor/spine-unity/Editor/Utility/BuildSettings.cs
  artifactKey: Guid(80767dcb23931c645ad70c88670ddeb6) Importer(2089858483,b0f066a214c2f5e87bad3c948f4d605d)
Start importing Assets/Spine/Editor/spine-unity/Editor/Utility/BuildSettings.cs using Guid(80767dcb23931c645ad70c88670ddeb6) Importer(2089858483,b0f066a214c2f5e87bad3c948f4d605d) (ScriptedImporter) -> (artifact id: '767bcfe642edd51cee1f349007511ef2') in 0.0123288 seconds
Number of updated asset objects reloaded before import = 0Number of asset objects unloaded after import = 0

========================================================================
Received Import Request.
  Time since last request: 0.000019 seconds.
  path: Assets/Spine/Editor/spine-unity/Editor/Shaders/SpineShaderWithOutlineGUI.cs
  artifactKey: Guid(efbbf90926e217c40831926fce374905) Importer(2089858483,b0f066a214c2f5e87bad3c948f4d605d)
Start importing Assets/Spine/Editor/spine-unity/Editor/Shaders/SpineShaderWithOutlineGUI.cs using Guid(efbbf90926e217c40831926fce374905) Importer(2089858483,b0f066a214c2f5e87bad3c948f4d605d) (ScriptedImporter) -> (artifact id: 'd25a3ce73003325360643d1a9ee46b67') in 0.0111421 seconds
Number of updated asset objects reloaded before import = 0Number of asset objects unloaded after import = 0

========================================================================
Received Import Request.
  Time since last request: 0.000026 seconds.
  path: Assets/Dungeon Crawler 2D Art Pack/Spine Projects/ExportedForUnity/Monster2/Left/Monster2Left.png
  artifactKey: Guid(7a6ecb2ac19f0a3469713673423136b1) Importer(2089858483,b0f066a214c2f5e87bad3c948f4d605d)
Start importing Assets/Dungeon Crawler 2D Art Pack/Spine Projects/ExportedForUnity/Monster2/Left/Monster2Left.png using Guid(7a6ecb2ac19f0a3469713673423136b1) Importer(2089858483,b0f066a214c2f5e87bad3c948f4d605d) (ScriptedImporter) -> (artifact id: '21290ef9f3198b143f061de8d5b71447') in 0.0167041 seconds
Number of updated asset objects reloaded before import = 0Number of asset objects unloaded after import = 3

========================================================================
Received Import Request.
  Time since last request: 0.000034 seconds.
  path: Assets/Spine2D Knight Character Animation Pack/Exports/Frame by frame/walk/clown_export-walk_26.png
  artifactKey: Guid(cd06981ac0735f7429c695a3a449f74f) Importer(2089858483,b0f066a214c2f5e87bad3c948f4d605d)
Start importing Assets/Spine2D Knight Character Animation Pack/Exports/Frame by frame/walk/clown_export-walk_26.png using Guid(cd06981ac0735f7429c695a3a449f74f) Importer(2089858483,b0f066a214c2f5e87bad3c948f4d605d) (ScriptedImporter) -> (artifact id: '040827c0da0079be104264b7c62111c2') in 0.0312355 seconds
Number of updated asset objects reloaded before import = 0Number of asset objects unloaded after import = 3

========================================================================
Received Import Request.
  Time since last request: 0.000041 seconds.
  path: Assets/Spine2D Knight Character Animation Pack/Exports/Frame by frame/run_shield/clown_export-run_shield_11.png
  artifactKey: Guid(b7a10e147e719b14cba5d6209553529a) Importer(2089858483,b0f066a214c2f5e87bad3c948f4d605d)
Start importing Assets/Spine2D Knight Character Animation Pack/Exports/Frame by frame/run_shield/clown_export-run_shield_11.png using Guid(b7a10e147e719b14cba5d6209553529a) Importer(2089858483,b0f066a214c2f5e87bad3c948f4d605d) (ScriptedImporter) -> (artifact id: 'f68ecbf74f195cb6a472bcd83c830237') in 0.0319104 seconds
Number of updated asset objects reloaded before import = 0Number of asset objects unloaded after import = 3

========================================================================
Received Import Request.
  Time since last request: 0.000034 seconds.
  path: Assets/Spine2D Knight Character Animation Pack/Exports/Frame by frame/sword_attack/clown_export-sword_attack_0.png
  artifactKey: Guid(cae24c311d5f2ee479272120845d9fea) Importer(2089858483,b0f066a214c2f5e87bad3c948f4d605d)
Start importing Assets/Spine2D Knight Character Animation Pack/Exports/Frame by frame/sword_attack/clown_export-sword_attack_0.png using Guid(cae24c311d5f2ee479272120845d9fea) Importer(2089858483,b0f066a214c2f5e87bad3c948f4d605d) (ScriptedImporter) -> (artifact id: 'a6677624ed85e43f949bfc8b215c6813') in 0.0178459 seconds
Number of updated asset objects reloaded before import = 0Number of asset objects unloaded after import = 3

========================================================================
Received Import Request.
  Time since last request: 0.000029 seconds.
  path: Assets/Spine/Runtime/spine-unity/Components/Following/BoundingBoxFollower.cs
  artifactKey: Guid(0317ee9ba6e1b1e49a030268e026d372) Importer(2089858483,b0f066a214c2f5e87bad3c948f4d605d)
Start importing Assets/Spine/Runtime/spine-unity/Components/Following/BoundingBoxFollower.cs using Guid(0317ee9ba6e1b1e49a030268e026d372) Importer(2089858483,b0f066a214c2f5e87bad3c948f4d605d) (ScriptedImporter) -> (artifact id: 'b75f0446b41b51b0bb5f1bd9c05f782a') in 0.0132205 seconds
Number of updated asset objects reloaded before import = 0Number of asset objects unloaded after import = 0

========================================================================
Received Import Request.
  Time since last request: 0.000034 seconds.
  path: Assets/Spine/Editor/spine-unity/Editor/Components/SkeletonRendererCustomMaterialsInspector.cs
  artifactKey: Guid(e70f7f2a241d6d34aafd6a4a52a368d0) Importer(2089858483,b0f066a214c2f5e87bad3c948f4d605d)
Start importing Assets/Spine/Editor/spine-unity/Editor/Components/SkeletonRendererCustomMaterialsInspector.cs using Guid(e70f7f2a241d6d34aafd6a4a52a368d0) Importer(2089858483,b0f066a214c2f5e87bad3c948f4d605d) (ScriptedImporter) -> (artifact id: 'b5ce3aecce61793dfc339fb64d046993') in 0.0134411 seconds
Number of updated asset objects reloaded before import = 0Number of asset objects unloaded after import = 0

========================================================================
Received Import Request.
  Time since last request: 0.000021 seconds.
  path: Assets/Spine2D Knight Character Animation Pack/Exports/Frame by frame/shield_attack/clown_export-shield_attack_16.png
  artifactKey: Guid(cbd895efef8a1914081eb4ba7f399a59) Importer(2089858483,b0f066a214c2f5e87bad3c948f4d605d)
Start importing Assets/Spine2D Knight Character Animation Pack/Exports/Frame by frame/shield_attack/clown_export-shield_attack_16.png using Guid(cbd895efef8a1914081eb4ba7f399a59) Importer(2089858483,b0f066a214c2f5e87bad3c948f4d605d) (ScriptedImporter) -> (artifact id: '1877b88ae9cea4acd899448363bfd168') in 0.0225335 seconds
Number of updated asset objects reloaded before import = 0Number of asset objects unloaded after import = 3

========================================================================
Received Import Request.
  Time since last request: 0.000017 seconds.
  path: Assets/Spine2D Knight Character Animation Pack/Exports/Frame by frame/shield_attack/clown_export-shield_attack_25.png
  artifactKey: Guid(fe91957edbf4ce244bc5e0f842d30ca5) Importer(2089858483,b0f066a214c2f5e87bad3c948f4d605d)
Start importing Assets/Spine2D Knight Character Animation Pack/Exports/Frame by frame/shield_attack/clown_export-shield_attack_25.png using Guid(fe91957edbf4ce244bc5e0f842d30ca5) Importer(2089858483,b0f066a214c2f5e87bad3c948f4d605d) (ScriptedImporter) -> (artifact id: '9852b5753e3e47722862b0fef6d17f48') in 0.0176097 seconds
Number of updated asset objects reloaded before import = 0Number of asset objects unloaded after import = 3

========================================================================
Received Import Request.
  Time since last request: 0.000113 seconds.
  path: Assets/Spine/Runtime/spine-unity/Utility/YieldInstructions/WaitForSpineAnimationEnd.cs
  artifactKey: Guid(3c5a5fe930d1ab24da154d76b24c2747) Importer(2089858483,b0f066a214c2f5e87bad3c948f4d605d)
Start importing Assets/Spine/Runtime/spine-unity/Utility/YieldInstructions/WaitForSpineAnimationEnd.cs using Guid(3c5a5fe930d1ab24da154d76b24c2747) Importer(2089858483,b0f066a214c2f5e87bad3c948f4d605d) (ScriptedImporter) -> (artifact id: '4b428618ecb932be8a564557135e334c') in 0.0119087 seconds
Number of updated asset objects reloaded before import = 0Number of asset objects unloaded after import = 0

========================================================================
Received Import Request.
  Time since last request: 0.000052 seconds.
  path: Assets/Spine/Runtime/spine-unity/SkeletonDataModifierAssets/BlendModeMaterials/SkeletonPMAAdditive.mat
  artifactKey: Guid(4deba332d47209e4780b3c5fcf0e3745) Importer(2089858483,b0f066a214c2f5e87bad3c948f4d605d)
Start importing Assets/Spine/Runtime/spine-unity/SkeletonDataModifierAssets/BlendModeMaterials/SkeletonPMAAdditive.mat using Guid(4deba332d47209e4780b3c5fcf0e3745) Importer(2089858483,b0f066a214c2f5e87bad3c948f4d605d) (ScriptedImporter) -> (artifact id: '72a0800420a20fd63f119012165cdbbd') in 0.0413665 seconds
Number of updated asset objects reloaded before import = 0Number of asset objects unloaded after import = 1

========================================================================
Received Import Request.
  Time since last request: 0.000019 seconds.
  path: Assets/Dungeon Crawler 2D Art Pack/Sprites/Monsters/Boss/BossBack/Hit/Monster3Back-Hit_1.png
  artifactKey: Guid(19fc74a13093b554b9b4c766459e57f9) Importer(2089858483,b0f066a214c2f5e87bad3c948f4d605d)
Start importing Assets/Dungeon Crawler 2D Art Pack/Sprites/Monsters/Boss/BossBack/Hit/Monster3Back-Hit_1.png using Guid(19fc74a13093b554b9b4c766459e57f9) Importer(2089858483,b0f066a214c2f5e87bad3c948f4d605d) (ScriptedImporter) -> (artifact id: '4f16f2d792b3478b9e71b8b559db46be') in 0.0212356 seconds
Number of updated asset objects reloaded before import = 0Number of asset objects unloaded after import = 3

========================================================================
Received Import Request.
  Time since last request: 0.000024 seconds.
  path: Assets/Dungeon Crawler 2D Art Pack/Sprites/Monsters/Boss/BossBack/Hit/Monster3Back-Hit_6.png
  artifactKey: Guid(dee395e6d341608488ab4f968fe2d37b) Importer(2089858483,b0f066a214c2f5e87bad3c948f4d605d)
Start importing Assets/Dungeon Crawler 2D Art Pack/Sprites/Monsters/Boss/BossBack/Hit/Monster3Back-Hit_6.png using Guid(dee395e6d341608488ab4f968fe2d37b) Importer(2089858483,b0f066a214c2f5e87bad3c948f4d605d) (ScriptedImporter) -> (artifact id: '5cf1be58da772f658250a2aee97b2823') in 0.0203357 seconds
Number of updated asset objects reloaded before import = 0Number of asset objects unloaded after import = 3

========================================================================
Received Import Request.
  Time since last request: 0.000023 seconds.
  path: Assets/Dungeon Crawler 2D Art Pack/Sprites/Monsters/Boss/BossBack/Death/Monster3Back-Death_15.png
  artifactKey: Guid(f14e66e92b63ed241b7ecf62129f7de6) Importer(2089858483,b0f066a214c2f5e87bad3c948f4d605d)
Start importing Assets/Dungeon Crawler 2D Art Pack/Sprites/Monsters/Boss/BossBack/Death/Monster3Back-Death_15.png using Guid(f14e66e92b63ed241b7ecf62129f7de6) Importer(2089858483,b0f066a214c2f5e87bad3c948f4d605d) (ScriptedImporter) -> (artifact id: 'e8728c180141ee737df3a575ea5e6970') in 0.0272357 seconds
Number of updated asset objects reloaded before import = 0Number of asset objects unloaded after import = 3

========================================================================
Received Import Request.
  Time since last request: 0.000055 seconds.
  path: Assets/Spine/Runtime/spine-unity/Utility/YieldInstructions/WaitForSpineAnimationComplete.cs
  artifactKey: Guid(a807dd9fb79db3545b6c2859a2bbfc0b) Importer(2089858483,b0f066a214c2f5e87bad3c948f4d605d)
Start importing Assets/Spine/Runtime/spine-unity/Utility/YieldInstructions/WaitForSpineAnimationComplete.cs using Guid(a807dd9fb79db3545b6c2859a2bbfc0b) Importer(2089858483,b0f066a214c2f5e87bad3c948f4d605d) (ScriptedImporter) -> (artifact id: 'da79ffdbd1022615b6270f5689efe7e1') in 0.0213761 seconds
Number of updated asset objects reloaded before import = 0Number of asset objects unloaded after import = 0

========================================================================
Received Import Request.
  Time since last request: 0.000015 seconds.
  path: Assets/Spine/Runtime/spine-unity/Shaders/Sprite/SpritesUnlit.shader
  artifactKey: Guid(64005298b9a80bb4899eabd5140dc4a8) Importer(2089858483,b0f066a214c2f5e87bad3c948f4d605d)
Start importing Assets/Spine/Runtime/spine-unity/Shaders/Sprite/SpritesUnlit.shader using Guid(64005298b9a80bb4899eabd5140dc4a8) Importer(2089858483,b0f066a214c2f5e87bad3c948f4d605d) (ScriptedImporter) -> (artifact id: 'c72ffa3e83ed482e2334562e98c35535') in 0.0117366 seconds
Number of updated asset objects reloaded before import = 0Number of asset objects unloaded after import = 1

========================================================================
Received Import Request.
  Time since last request: 0.000020 seconds.
  path: Assets/Dungeon Crawler 2D Art Pack/Sprites/Monsters/Boss/BossBack/Death/Monster3Back-Death_14.png
  artifactKey: Guid(ee0e487bc1d30174692a78013b077844) Importer(2089858483,b0f066a214c2f5e87bad3c948f4d605d)
Start importing Assets/Dungeon Crawler 2D Art Pack/Sprites/Monsters/Boss/BossBack/Death/Monster3Back-Death_14.png using Guid(ee0e487bc1d30174692a78013b077844) Importer(2089858483,b0f066a214c2f5e87bad3c948f4d605d) (ScriptedImporter) -> (artifact id: '48e69b07aa423025c93558241d7e2bff') in 0.025077 seconds
Number of updated asset objects reloaded before import = 0Number of asset objects unloaded after import = 3

========================================================================
Received Import Request.
  Time since last request: 0.000021 seconds.
  path: Assets/Dungeon Crawler 2D Art Pack/Sprites/Monsters/Boss/BossBack/Hit/Monster3Back-Hit_7.png
  artifactKey: Guid(e005ffc255d03e44cb86738842f55e2c) Importer(2089858483,b0f066a214c2f5e87bad3c948f4d605d)
Start importing Assets/Dungeon Crawler 2D Art Pack/Sprites/Monsters/Boss/BossBack/Hit/Monster3Back-Hit_7.png using Guid(e005ffc255d03e44cb86738842f55e2c) Importer(2089858483,b0f066a214c2f5e87bad3c948f4d605d) (ScriptedImporter) -> (artifact id: '1af1ed050b2a2ac7dd79515e7be63846') in 0.0333539 seconds
Number of updated asset objects reloaded before import = 0Number of asset objects unloaded after import = 3

========================================================================
Received Import Request.
  Time since last request: 0.000042 seconds.
  path: Assets/Dungeon Crawler 2D Art Pack/Sprites/Monsters/Boss/BossBack/Attack/Monster3Back-Attack_12.png
  artifactKey: Guid(bfe26fd86fc2aea4fa81dabccc4ddf0b) Importer(2089858483,b0f066a214c2f5e87bad3c948f4d605d)
Start importing Assets/Dungeon Crawler 2D Art Pack/Sprites/Monsters/Boss/BossBack/Attack/Monster3Back-Attack_12.png using Guid(bfe26fd86fc2aea4fa81dabccc4ddf0b) Importer(2089858483,b0f066a214c2f5e87bad3c948f4d605d) (ScriptedImporter) -> (artifact id: '3a5799ea1457559499e203c60776f79c') in 0.0200379 seconds
Number of updated asset objects reloaded before import = 0Number of asset objects unloaded after import = 3

========================================================================
Received Import Request.
  Time since last request: 0.000028 seconds.
  path: Assets/Dungeon Crawler 2D Art Pack/Sprites/Monsters/Boss/BossBack/Death/Monster3Back-Death_7.png
  artifactKey: Guid(e986a152f0dab6941b98b1b4f734a0cb) Importer(2089858483,b0f066a214c2f5e87bad3c948f4d605d)
Start importing Assets/Dungeon Crawler 2D Art Pack/Sprites/Monsters/Boss/BossBack/Death/Monster3Back-Death_7.png using Guid(e986a152f0dab6941b98b1b4f734a0cb) Importer(2089858483,b0f066a214c2f5e87bad3c948f4d605d) (ScriptedImporter) -> (artifact id: 'c388c053cc738ea2cb92cf0563ee761f') in 0.0200494 seconds
Number of updated asset objects reloaded before import = 0Number of asset objects unloaded after import = 3

========================================================================
Received Import Request.
  Time since last request: 0.000020 seconds.
  path: Assets/Spine/Runtime/spine-unity/SkeletonDataModifierAssets/BlendModeMaterials/BlendModeMaterialsAsset.cs
  artifactKey: Guid(12b0b98acbcda44468a7ae4e35000abe) Importer(2089858483,b0f066a214c2f5e87bad3c948f4d605d)
Start importing Assets/Spine/Runtime/spine-unity/SkeletonDataModifierAssets/BlendModeMaterials/BlendModeMaterialsAsset.cs using Guid(12b0b98acbcda44468a7ae4e35000abe) Importer(2089858483,b0f066a214c2f5e87bad3c948f4d605d) (ScriptedImporter) -> (artifact id: '47ddaa062035a0c0d2d5644577730a8e') in 0.0130923 seconds
Number of updated asset objects reloaded before import = 0Number of asset objects unloaded after import = 0

========================================================================
Received Import Request.
  Time since last request: 0.000024 seconds.
  path: Assets/Spine/Runtime/spine-unity/Utility/YieldInstructions/WaitForSpineAnimation.cs
  artifactKey: Guid(d9be5adcaf0003849a1d181173c19635) Importer(2089858483,b0f066a214c2f5e87bad3c948f4d605d)
Start importing Assets/Spine/Runtime/spine-unity/Utility/YieldInstructions/WaitForSpineAnimation.cs using Guid(d9be5adcaf0003849a1d181173c19635) Importer(2089858483,b0f066a214c2f5e87bad3c948f4d605d) (ScriptedImporter) -> (artifact id: '1be048cb8930f346adcdc06c8c047388') in 0.0132208 seconds
Number of updated asset objects reloaded before import = 0Number of asset objects unloaded after import = 0

========================================================================
Received Import Request.
  Time since last request: 0.000028 seconds.
  path: Assets/Spine/Runtime/spine-unity/Shaders/Sprite/SpritesPixelLit.shader
  artifactKey: Guid(6f7a5a97a82637f478494bc40ea8c8a2) Importer(2089858483,b0f066a214c2f5e87bad3c948f4d605d)
Start importing Assets/Spine/Runtime/spine-unity/Shaders/Sprite/SpritesPixelLit.shader using Guid(6f7a5a97a82637f478494bc40ea8c8a2) Importer(2089858483,b0f066a214c2f5e87bad3c948f4d605d) (ScriptedImporter) -> (artifact id: 'd8400f0ecdb1a39dd37695db5e669e93') in 0.0116875 seconds
Number of updated asset objects reloaded before import = 0Number of asset objects unloaded after import = 1

========================================================================
Received Import Request.
  Time since last request: 0.000018 seconds.
  path: Assets/Dungeon Crawler 2D Art Pack/Sprites/Monsters/Boss/BossBack/Death/Monster3Back-Death_5.png
  artifactKey: Guid(2755f61589fd0eb488ca9164976d13ff) Importer(2089858483,b0f066a214c2f5e87bad3c948f4d605d)
Start importing Assets/Dungeon Crawler 2D Art Pack/Sprites/Monsters/Boss/BossBack/Death/Monster3Back-Death_5.png using Guid(2755f61589fd0eb488ca9164976d13ff) Importer(2089858483,b0f066a214c2f5e87bad3c948f4d605d) (ScriptedImporter) -> (artifact id: '7843b5814591b90fdb056a1a92e81ad8') in 0.0197651 seconds
Number of updated asset objects reloaded before import = 0Number of asset objects unloaded after import = 3

========================================================================
Received Import Request.
  Time since last request: 0.000019 seconds.
  path: Assets/Dungeon Crawler 2D Art Pack/Sprites/Player/CharacterBack/Run/CharacterBack-Run_10.png
  artifactKey: Guid(bdb16933a89d9fc4ebe7d912c7d76bbb) Importer(2089858483,b0f066a214c2f5e87bad3c948f4d605d)
Start importing Assets/Dungeon Crawler 2D Art Pack/Sprites/Player/CharacterBack/Run/CharacterBack-Run_10.png using Guid(bdb16933a89d9fc4ebe7d912c7d76bbb) Importer(2089858483,b0f066a214c2f5e87bad3c948f4d605d) (ScriptedImporter) -> (artifact id: '511976e37e513dde6a7cf47483d21a52') in 0.0235041 seconds
Number of updated asset objects reloaded before import = 0Number of asset objects unloaded after import = 3

========================================================================
Received Import Request.
  Time since last request: 0.000026 seconds.
  path: Assets/Dungeon Crawler 2D Art Pack/Sprites/Player/Character_Front/Death/CharacterFront-Death_2.png
  artifactKey: Guid(c37614731c684a4409c294e2858743c4) Importer(2089858483,b0f066a214c2f5e87bad3c948f4d605d)
Start importing Assets/Dungeon Crawler 2D Art Pack/Sprites/Player/Character_Front/Death/CharacterFront-Death_2.png using Guid(c37614731c684a4409c294e2858743c4) Importer(2089858483,b0f066a214c2f5e87bad3c948f4d605d) (ScriptedImporter) -> (artifact id: '5a20c506b35965817f17afaa23d82c0c') in 0.0223042 seconds
Number of updated asset objects reloaded before import = 0Number of asset objects unloaded after import = 3

========================================================================
Received Import Request.
  Time since last request: 0.000037 seconds.
  path: Assets/Dungeon Crawler 2D Art Pack/Sprites/Monsters/Boss/BossBack/Run/Monster3Back-Run_5.png
  artifactKey: Guid(00473029ea1986c4abc7ea179cde415f) Importer(2089858483,b0f066a214c2f5e87bad3c948f4d605d)
Start importing Assets/Dungeon Crawler 2D Art Pack/Sprites/Monsters/Boss/BossBack/Run/Monster3Back-Run_5.png using Guid(00473029ea1986c4abc7ea179cde415f) Importer(2089858483,b0f066a214c2f5e87bad3c948f4d605d) (ScriptedImporter) -> (artifact id: 'e28ee8dd74a120e0d71b2e23ee672d16') in 0.0221376 seconds
Number of updated asset objects reloaded before import = 0Number of asset objects unloaded after import = 3

========================================================================
Received Import Request.
  Time since last request: 0.000017 seconds.
  path: Assets/Dungeon Crawler 2D Art Pack/Sprites/Monsters/Boss/BossBack/Run/Monster3Back-Run_1.png
  artifactKey: Guid(674bb50ad16d6094b927bd15a68fddc8) Importer(2089858483,b0f066a214c2f5e87bad3c948f4d605d)
Start importing Assets/Dungeon Crawler 2D Art Pack/Sprites/Monsters/Boss/BossBack/Run/Monster3Back-Run_1.png using Guid(674bb50ad16d6094b927bd15a68fddc8) Importer(2089858483,b0f066a214c2f5e87bad3c948f4d605d) (ScriptedImporter) -> (artifact id: '00c52ed24ebfdbe95a64634387ceff6b') in 0.01727 seconds
Number of updated asset objects reloaded before import = 0Number of asset objects unloaded after import = 3

========================================================================
Received Import Request.
  Time since last request: 0.000016 seconds.
  path: Assets/Dungeon Crawler 2D Art Pack/Sprites/Monsters/Boss/BossBack/Idle/Monster3Back-Idle_14.png
  artifactKey: Guid(83cb5f8c16477184284cbaff8410595b) Importer(2089858483,b0f066a214c2f5e87bad3c948f4d605d)
Start importing Assets/Dungeon Crawler 2D Art Pack/Sprites/Monsters/Boss/BossBack/Idle/Monster3Back-Idle_14.png using Guid(83cb5f8c16477184284cbaff8410595b) Importer(2089858483,b0f066a214c2f5e87bad3c948f4d605d) (ScriptedImporter) -> (artifact id: 'ab1b1b18dd09cf25366208d9456848db') in 0.0193327 seconds
Number of updated asset objects reloaded before import = 0Number of asset objects unloaded after import = 3

========================================================================
Received Import Request.
  Time since last request: 0.000026 seconds.
  path: Assets/Dungeon Crawler 2D Art Pack/Sprites/Monsters/Boss/BossBack/Idle/Monster3Back-Idle_20.png
  artifactKey: Guid(1533b54c21c153748bc8a088c899389c) Importer(2089858483,b0f066a214c2f5e87bad3c948f4d605d)
Start importing Assets/Dungeon Crawler 2D Art Pack/Sprites/Monsters/Boss/BossBack/Idle/Monster3Back-Idle_20.png using Guid(1533b54c21c153748bc8a088c899389c) Importer(2089858483,b0f066a214c2f5e87bad3c948f4d605d) (ScriptedImporter) -> (artifact id: 'b57fc839928480bb75b6e9dc047143b0') in 0.020686 seconds
Number of updated asset objects reloaded before import = 0Number of asset objects unloaded after import = 3

========================================================================
Received Import Request.
  Time since last request: 0.000039 seconds.
  path: Assets/Dungeon Crawler 2D Art Pack/Sprites/Monsters/Boss/BossBack/Idle/Monster3Back-Idle_26.png
  artifactKey: Guid(5aa5290e86343704697f1555b6cf1e13) Importer(2089858483,b0f066a214c2f5e87bad3c948f4d605d)
Start importing Assets/Dungeon Crawler 2D Art Pack/Sprites/Monsters/Boss/BossBack/Idle/Monster3Back-Idle_26.png using Guid(5aa5290e86343704697f1555b6cf1e13) Importer(2089858483,b0f066a214c2f5e87bad3c948f4d605d) (ScriptedImporter) -> (artifact id: 'c95ef0ed9b62edb075bd1ff7e4973596') in 0.0194298 seconds
Number of updated asset objects reloaded before import = 0Number of asset objects unloaded after import = 3

========================================================================
Received Import Request.
  Time since last request: 0.000025 seconds.
  path: Assets/Dungeon Crawler 2D Art Pack/Sprites/Monsters/Boss/BossBack/Run/Monster3Back-Run_18.png
  artifactKey: Guid(4e45a6e48696e9c469101bb3b4de153e) Importer(2089858483,b0f066a214c2f5e87bad3c948f4d605d)
Start importing Assets/Dungeon Crawler 2D Art Pack/Sprites/Monsters/Boss/BossBack/Run/Monster3Back-Run_18.png using Guid(4e45a6e48696e9c469101bb3b4de153e) Importer(2089858483,b0f066a214c2f5e87bad3c948f4d605d) (ScriptedImporter) -> (artifact id: '1ae2c78adecb210f87c6f8a43447385e') in 0.0193938 seconds
Number of updated asset objects reloaded before import = 0Number of asset objects unloaded after import = 3

========================================================================
Received Import Request.
  Time since last request: 0.000024 seconds.
  path: Assets/Dungeon Crawler 2D Art Pack/Sprites/Monsters/Boss/BossBack/Idle/Monster3Back-Idle_7.png
  artifactKey: Guid(4a3c91685019fc64b890d1c35109e43a) Importer(2089858483,b0f066a214c2f5e87bad3c948f4d605d)
Start importing Assets/Dungeon Crawler 2D Art Pack/Sprites/Monsters/Boss/BossBack/Idle/Monster3Back-Idle_7.png using Guid(4a3c91685019fc64b890d1c35109e43a) Importer(2089858483,b0f066a214c2f5e87bad3c948f4d605d) (ScriptedImporter) -> (artifact id: '05a2d5971813af62779958cf163a2408') in 0.0178268 seconds
Number of updated asset objects reloaded before import = 0Number of asset objects unloaded after import = 3

========================================================================
Received Import Request.
  Time since last request: 0.000028 seconds.
  path: Assets/Dungeon Crawler 2D Art Pack/Sprites/Monsters/Boss/BossBack/Idle/Monster3Back-Idle_35.png
  artifactKey: Guid(b49abed2ee3b0a343a776eae20d2f076) Importer(2089858483,b0f066a214c2f5e87bad3c948f4d605d)
Start importing Assets/Dungeon Crawler 2D Art Pack/Sprites/Monsters/Boss/BossBack/Idle/Monster3Back-Idle_35.png using Guid(b49abed2ee3b0a343a776eae20d2f076) Importer(2089858483,b0f066a214c2f5e87bad3c948f4d605d) (ScriptedImporter) -> (artifact id: 'f3766d855d4bb042af6f7d0aca88d138') in 0.0221843 seconds
Number of updated asset objects reloaded before import = 0Number of asset objects unloaded after import = 3

========================================================================
Received Import Request.
  Time since last request: 0.000030 seconds.
  path: Assets/Dungeon Crawler 2D Art Pack/Sprites/Monsters/Boss/BossBack/Run/Monster3Back-Run_19.png
  artifactKey: Guid(db4ca013a7a8ac144855197315855144) Importer(2089858483,b0f066a214c2f5e87bad3c948f4d605d)
Start importing Assets/Dungeon Crawler 2D Art Pack/Sprites/Monsters/Boss/BossBack/Run/Monster3Back-Run_19.png using Guid(db4ca013a7a8ac144855197315855144) Importer(2089858483,b0f066a214c2f5e87bad3c948f4d605d) (ScriptedImporter) -> (artifact id: '509a2377c6a8baeaa62c0660967d5a2f') in 0.0248565 seconds
Number of updated asset objects reloaded before import = 0Number of asset objects unloaded after import = 3

========================================================================
Received Import Request.
  Time since last request: 0.000021 seconds.
  path: Assets/Dungeon Crawler 2D Art Pack/Sprites/Monsters/Boss/BossBack/Run/Monster3Back-Run_16.png
  artifactKey: Guid(bb36fb4153cfbd74e9d05606f7c7941e) Importer(2089858483,b0f066a214c2f5e87bad3c948f4d605d)
Start importing Assets/Dungeon Crawler 2D Art Pack/Sprites/Monsters/Boss/BossBack/Run/Monster3Back-Run_16.png using Guid(bb36fb4153cfbd74e9d05606f7c7941e) Importer(2089858483,b0f066a214c2f5e87bad3c948f4d605d) (ScriptedImporter) -> (artifact id: 'e3dfab9e179836ca4f2b7070f6b66bd6') in 0.021839 seconds
Number of updated asset objects reloaded before import = 0Number of asset objects unloaded after import = 3

========================================================================
Received Import Request.
  Time since last request: 0.000021 seconds.
  path: Assets/Dungeon Crawler 2D Art Pack/Sprites/Monsters/Boss/BossBack/Idle/Monster3Back-Idle_13.png
  artifactKey: Guid(8ba4537c9dbf6cf44a9c04957fb7f362) Importer(2089858483,b0f066a214c2f5e87bad3c948f4d605d)
Start importing Assets/Dungeon Crawler 2D Art Pack/Sprites/Monsters/Boss/BossBack/Idle/Monster3Back-Idle_13.png using Guid(8ba4537c9dbf6cf44a9c04957fb7f362) Importer(2089858483,b0f066a214c2f5e87bad3c948f4d605d) (ScriptedImporter) -> (artifact id: '237e273c34bf206961c1b23da3d4990b') in 0.018348 seconds
Number of updated asset objects reloaded before import = 0Number of asset objects unloaded after import = 3

========================================================================
Received Import Request.
  Time since last request: 0.000025 seconds.
  path: Assets/Dungeon Crawler 2D Art Pack/Sprites/Monsters/Boss/BossBack/Run/Monster3Back-Run_6.png
  artifactKey: Guid(f1a6f80de09d3de4ea631e154044e32e) Importer(2089858483,b0f066a214c2f5e87bad3c948f4d605d)
Start importing Assets/Dungeon Crawler 2D Art Pack/Sprites/Monsters/Boss/BossBack/Run/Monster3Back-Run_6.png using Guid(f1a6f80de09d3de4ea631e154044e32e) Importer(2089858483,b0f066a214c2f5e87bad3c948f4d605d) (ScriptedImporter) -> (artifact id: 'd3a6b05a16a6970d5ed206647a1937d3') in 0.0236206 seconds
Number of updated asset objects reloaded before import = 0Number of asset objects unloaded after import = 3

========================================================================
Received Import Request.
  Time since last request: 0.000032 seconds.
  path: Assets/Dungeon Crawler 2D Art Pack/Sprites/Monsters/Boss/BossBack/Idle/Monster3Back-Idle_8.png
  artifactKey: Guid(0b83ad65f17419e45ab5764fd3307144) Importer(2089858483,b0f066a214c2f5e87bad3c948f4d605d)
Start importing Assets/Dungeon Crawler 2D Art Pack/Sprites/Monsters/Boss/BossBack/Idle/Monster3Back-Idle_8.png using Guid(0b83ad65f17419e45ab5764fd3307144) Importer(2089858483,b0f066a214c2f5e87bad3c948f4d605d) (ScriptedImporter) -> (artifact id: '7c82622e0bf3dea84d0604c3a9b14568') in 0.0203863 seconds
Number of updated asset objects reloaded before import = 0Number of asset objects unloaded after import = 3

========================================================================
Received Import Request.
  Time since last request: 0.000023 seconds.
  path: Assets/Spine2D Knight Character Animation Pack/Exports/Frame by frame/walk_shield/clown_export-walk_shield_0.png
  artifactKey: Guid(b88aa00c369709547aa4e9e42528c03a) Importer(2089858483,b0f066a214c2f5e87bad3c948f4d605d)
Start importing Assets/Spine2D Knight Character Animation Pack/Exports/Frame by frame/walk_shield/clown_export-walk_shield_0.png using Guid(b88aa00c369709547aa4e9e42528c03a) Importer(2089858483,b0f066a214c2f5e87bad3c948f4d605d) (ScriptedImporter) -> (artifact id: '2b41c6afc41afd1ed3874264e82fc03e') in 0.0218862 seconds
Number of updated asset objects reloaded before import = 0Number of asset objects unloaded after import = 3

========================================================================
Received Import Request.
  Time since last request: 0.000025 seconds.
  path: Assets/Dungeon Crawler 2D Art Pack/Sprites/Level/Walls/9x11Room/bot_wall.png
  artifactKey: Guid(c4b3d20967c78da41ad15b663fc0844a) Importer(2089858483,b0f066a214c2f5e87bad3c948f4d605d)
Start importing Assets/Dungeon Crawler 2D Art Pack/Sprites/Level/Walls/9x11Room/bot_wall.png using Guid(c4b3d20967c78da41ad15b663fc0844a) Importer(2089858483,b0f066a214c2f5e87bad3c948f4d605d) (ScriptedImporter) -> (artifact id: '77cae39b622925be1e7e696005797afc') in 0.0197417 seconds
Number of updated asset objects reloaded before import = 0Number of asset objects unloaded after import = 3

========================================================================
Received Import Request.
  Time since last request: 0.000027 seconds.
  path: Assets/Effect/Cartoon FX Remaster/CFXR Prefabs/Sword Trails/Ice/CFXR4 Sword Trail ICE (360 Spiral).prefab
  artifactKey: Guid(69d8f05fda8421849a84b27b8c0d773d) Importer(2089858483,b0f066a214c2f5e87bad3c948f4d605d)
Start importing Assets/Effect/Cartoon FX Remaster/CFXR Prefabs/Sword Trails/Ice/CFXR4 Sword Trail ICE (360 Spiral).prefab using Guid(69d8f05fda8421849a84b27b8c0d773d) Importer(2089858483,b0f066a214c2f5e87bad3c948f4d605d) (ScriptedImporter) -> (artifact id: '624248e2c6767c5ca7467f4948eded2c') in 0.0384465 seconds
Number of updated asset objects reloaded before import = 0Number of asset objects unloaded after import = 25

========================================================================
Received Import Request.
  Time since last request: 0.000027 seconds.
  path: Assets/Dungeon Crawler 2D Art Pack/Sprites/Player/Character_Front/Death/CharacterFront-Death_0.png
  artifactKey: Guid(07116a1848e150a468495398b2a0e4cb) Importer(2089858483,b0f066a214c2f5e87bad3c948f4d605d)
Start importing Assets/Dungeon Crawler 2D Art Pack/Sprites/Player/Character_Front/Death/CharacterFront-Death_0.png using Guid(07116a1848e150a468495398b2a0e4cb) Importer(2089858483,b0f066a214c2f5e87bad3c948f4d605d) (ScriptedImporter) -> (artifact id: '5139b20e4ae091560f1d0e4483b9ae2d') in 0.0192161 seconds
Number of updated asset objects reloaded before import = 0Number of asset objects unloaded after import = 3

========================================================================
Received Import Request.
  Time since last request: 0.000021 seconds.
  path: Assets/Spine2D Knight Character Animation Pack/Exports/Frame by frame/walk_shield/clown_export-walk_shield_21.png
  artifactKey: Guid(be4ffe7e96dec64418eae7d620cc266a) Importer(2089858483,b0f066a214c2f5e87bad3c948f4d605d)
Start importing Assets/Spine2D Knight Character Animation Pack/Exports/Frame by frame/walk_shield/clown_export-walk_shield_21.png using Guid(be4ffe7e96dec64418eae7d620cc266a) Importer(2089858483,b0f066a214c2f5e87bad3c948f4d605d) (ScriptedImporter) -> (artifact id: 'b74311746ec59f18072cdbcd6643fcb5') in 0.0195628 seconds
Number of updated asset objects reloaded before import = 0Number of asset objects unloaded after import = 3

========================================================================
Received Import Request.
  Time since last request: 0.000021 seconds.
  path: Assets/Dungeon Crawler 2D Art Pack/Sprites/Monsters/Boss/BossFront/Idle/Monster3Front-Idle_25.png
  artifactKey: Guid(e38d6b5ab2d520d4db25f901fda2bbf6) Importer(2089858483,b0f066a214c2f5e87bad3c948f4d605d)
Start importing Assets/Dungeon Crawler 2D Art Pack/Sprites/Monsters/Boss/BossFront/Idle/Monster3Front-Idle_25.png using Guid(e38d6b5ab2d520d4db25f901fda2bbf6) Importer(2089858483,b0f066a214c2f5e87bad3c948f4d605d) (ScriptedImporter) -> (artifact id: '845e3a7ff916653d76020a2138614e20') in 0.0201866 seconds
Number of updated asset objects reloaded before import = 0Number of asset objects unloaded after import = 3

========================================================================
Received Import Request.
  Time since last request: 0.000023 seconds.
  path: Assets/Dungeon Crawler 2D Art Pack/Sprites/Monsters/Boss/BossFront/Hit/Monster3Front-Hit_1.png
  artifactKey: Guid(63df5e6e0a7819548b6142fee9255f63) Importer(2089858483,b0f066a214c2f5e87bad3c948f4d605d)
Start importing Assets/Dungeon Crawler 2D Art Pack/Sprites/Monsters/Boss/BossFront/Hit/Monster3Front-Hit_1.png using Guid(63df5e6e0a7819548b6142fee9255f63) Importer(2089858483,b0f066a214c2f5e87bad3c948f4d605d) (ScriptedImporter) -> (artifact id: '4d6bf303995ce0b27211d916c885e098') in 0.019756 seconds
Number of updated asset objects reloaded before import = 0Number of asset objects unloaded after import = 3

========================================================================
Received Import Request.
  Time since last request: 0.000029 seconds.
  path: Assets/Dungeon Crawler 2D Art Pack/Sprites/Monsters/Boss/BossFront/Idle/Monster3Front-Idle_2.png
  artifactKey: Guid(034d142403680fb4584315d87a499643) Importer(2089858483,b0f066a214c2f5e87bad3c948f4d605d)
Start importing Assets/Dungeon Crawler 2D Art Pack/Sprites/Monsters/Boss/BossFront/Idle/Monster3Front-Idle_2.png using Guid(034d142403680fb4584315d87a499643) Importer(2089858483,b0f066a214c2f5e87bad3c948f4d605d) (ScriptedImporter) -> (artifact id: 'b64eeeb71f09aa145389b3355a79d775') in 0.02475 seconds
Number of updated asset objects reloaded before import = 0Number of asset objects unloaded after import = 3

========================================================================
Received Import Request.
  Time since last request: 0.000021 seconds.
  path: Assets/Dungeon Crawler 2D Art Pack/Sprites/Monsters/Boss/BossFront/Death/Monster3Front-Death_3.png
  artifactKey: Guid(e393cb471d7e8c344b898f0eb27bb8e1) Importer(2089858483,b0f066a214c2f5e87bad3c948f4d605d)
Start importing Assets/Dungeon Crawler 2D Art Pack/Sprites/Monsters/Boss/BossFront/Death/Monster3Front-Death_3.png using Guid(e393cb471d7e8c344b898f0eb27bb8e1) Importer(2089858483,b0f066a214c2f5e87bad3c948f4d605d) (ScriptedImporter) -> (artifact id: '903b5ad9b6b7d91905128de4c8295c2b') in 0.0274723 seconds
Number of updated asset objects reloaded before import = 0Number of asset objects unloaded after import = 3

========================================================================
Received Import Request.
  Time since last request: 0.000019 seconds.
  path: Assets/Dungeon Crawler 2D Art Pack/Sprites/Monsters/Boss/BossFront/Death/Monster3Front-Death_0.png
  artifactKey: Guid(85a3923b47481f640957bfc8ed84bea8) Importer(2089858483,b0f066a214c2f5e87bad3c948f4d605d)
Start importing Assets/Dungeon Crawler 2D Art Pack/Sprites/Monsters/Boss/BossFront/Death/Monster3Front-Death_0.png using Guid(85a3923b47481f640957bfc8ed84bea8) Importer(2089858483,b0f066a214c2f5e87bad3c948f4d605d) (ScriptedImporter) -> (artifact id: 'ce63cb7aaf40255f65c7c14b5f450762') in 0.0217093 seconds
Number of updated asset objects reloaded before import = 0Number of asset objects unloaded after import = 3

========================================================================
Received Import Request.
  Time since last request: 0.000023 seconds.
  path: Assets/Dungeon Crawler 2D Art Pack/Sprites/Monsters/Boss/BossFront/Attack/Monster3Front-Attack_20.png
  artifactKey: Guid(0e687679126b87a4bafdceb87f082ecf) Importer(2089858483,b0f066a214c2f5e87bad3c948f4d605d)
Start importing Assets/Dungeon Crawler 2D Art Pack/Sprites/Monsters/Boss/BossFront/Attack/Monster3Front-Attack_20.png using Guid(0e687679126b87a4bafdceb87f082ecf) Importer(2089858483,b0f066a214c2f5e87bad3c948f4d605d) (ScriptedImporter) -> (artifact id: 'a90c7fcdaebf3f1b5d3bd697535ce77f') in 0.0218521 seconds
Number of updated asset objects reloaded before import = 0Number of asset objects unloaded after import = 3

========================================================================
Received Import Request.
  Time since last request: 0.000033 seconds.
  path: Assets/Dungeon Crawler 2D Art Pack/Sprites/Monsters/Boss/BossFront/Idle/Monster3Front-Idle_19.png
  artifactKey: Guid(60dedc5468069ea45a2775e768afd975) Importer(2089858483,b0f066a214c2f5e87bad3c948f4d605d)
Start importing Assets/Dungeon Crawler 2D Art Pack/Sprites/Monsters/Boss/BossFront/Idle/Monster3Front-Idle_19.png using Guid(60dedc5468069ea45a2775e768afd975) Importer(2089858483,b0f066a214c2f5e87bad3c948f4d605d) (ScriptedImporter) -> (artifact id: '3a1763d2422d90fbdb0a9e9f27fb83cd') in 0.0195058 seconds
Number of updated asset objects reloaded before import = 0Number of asset objects unloaded after import = 3

========================================================================
Received Import Request.
  Time since last request: 0.000018 seconds.
  path: Assets/Dungeon Crawler 2D Art Pack/Sprites/Monsters/Boss/BossFront/Idle/Monster3Front-Idle_18.png
  artifactKey: Guid(f02483167e18ca24fbdf8106078d79cb) Importer(2089858483,b0f066a214c2f5e87bad3c948f4d605d)
Start importing Assets/Dungeon Crawler 2D Art Pack/Sprites/Monsters/Boss/BossFront/Idle/Monster3Front-Idle_18.png using Guid(f02483167e18ca24fbdf8106078d79cb) Importer(2089858483,b0f066a214c2f5e87bad3c948f4d605d) (ScriptedImporter) -> (artifact id: 'dce0451077f9266301a654ffad9019d8') in 0.0178956 seconds
Number of updated asset objects reloaded before import = 0Number of asset objects unloaded after import = 3

========================================================================
Received Import Request.
  Time since last request: 0.000016 seconds.
  path: Assets/Dungeon Crawler 2D Art Pack/Sprites/Monsters/Boss/BossFront/Death/Monster3Front-Death_4.png
  artifactKey: Guid(8282f66a72602f34bb1e7045c3a3e231) Importer(2089858483,b0f066a214c2f5e87bad3c948f4d605d)
Start importing Assets/Dungeon Crawler 2D Art Pack/Sprites/Monsters/Boss/BossFront/Death/Monster3Front-Death_4.png using Guid(8282f66a72602f34bb1e7045c3a3e231) Importer(2089858483,b0f066a214c2f5e87bad3c948f4d605d) (ScriptedImporter) -> (artifact id: '049365b8928a5e6a0d55eb2f829dbc76') in 0.0203825 seconds
Number of updated asset objects reloaded before import = 0Number of asset objects unloaded after import = 3

========================================================================
Received Import Request.
  Time since last request: 0.000023 seconds.
  path: Assets/Dungeon Crawler 2D Art Pack/Sprites/Monsters/Boss/BossFront/Death/Monster3Front-Death_5.png
  artifactKey: Guid(1603d6483c41fa54face5f94ff886160) Importer(2089858483,b0f066a214c2f5e87bad3c948f4d605d)
Start importing Assets/Dungeon Crawler 2D Art Pack/Sprites/Monsters/Boss/BossFront/Death/Monster3Front-Death_5.png using Guid(1603d6483c41fa54face5f94ff886160) Importer(2089858483,b0f066a214c2f5e87bad3c948f4d605d) (ScriptedImporter) -> (artifact id: '9aa2405d0a949d7f9d49e4dd1b822205') in 0.0184417 seconds
Number of updated asset objects reloaded before import = 0Number of asset objects unloaded after import = 3

========================================================================
Received Import Request.
  Time since last request: 0.000031 seconds.
  path: Assets/Dungeon Crawler 2D Art Pack/Sprites/Monsters/Boss/BossFront/Idle/Monster3Front-Idle_1.png
  artifactKey: Guid(6636a8d179aab5b4e85ab1dbcc37b1ed) Importer(2089858483,b0f066a214c2f5e87bad3c948f4d605d)
Start importing Assets/Dungeon Crawler 2D Art Pack/Sprites/Monsters/Boss/BossFront/Idle/Monster3Front-Idle_1.png using Guid(6636a8d179aab5b4e85ab1dbcc37b1ed) Importer(2089858483,b0f066a214c2f5e87bad3c948f4d605d) (ScriptedImporter) -> (artifact id: '333d2bf27e7dde5932567002430934c2') in 0.0210516 seconds
Number of updated asset objects reloaded before import = 0Number of asset objects unloaded after import = 3

========================================================================
Received Import Request.
  Time since last request: 0.000018 seconds.
  path: Assets/Dungeon Crawler 2D Art Pack/Sprites/Monsters/Boss/BossFront/Attack/Monster3Front-Attack_18.png
  artifactKey: Guid(3bc5fbc90d48e2a47938991a8c75c67b) Importer(2089858483,b0f066a214c2f5e87bad3c948f4d605d)
Start importing Assets/Dungeon Crawler 2D Art Pack/Sprites/Monsters/Boss/BossFront/Attack/Monster3Front-Attack_18.png using Guid(3bc5fbc90d48e2a47938991a8c75c67b) Importer(2089858483,b0f066a214c2f5e87bad3c948f4d605d) (ScriptedImporter) -> (artifact id: 'c8d5ca067f1e60af049f35c75b36ccab') in 0.0203481 seconds
Number of updated asset objects reloaded before import = 0Number of asset objects unloaded after import = 3

========================================================================
Received Import Request.
  Time since last request: 0.000020 seconds.
  path: Assets/Dungeon Crawler 2D Art Pack/Sprites/Monsters/Boss/BossFront/Hit/Monster3Front-Hit_8.png
  artifactKey: Guid(1e4c4aa6ad4c57443950de08a95fed24) Importer(2089858483,b0f066a214c2f5e87bad3c948f4d605d)
Start importing Assets/Dungeon Crawler 2D Art Pack/Sprites/Monsters/Boss/BossFront/Hit/Monster3Front-Hit_8.png using Guid(1e4c4aa6ad4c57443950de08a95fed24) Importer(2089858483,b0f066a214c2f5e87bad3c948f4d605d) (ScriptedImporter) -> (artifact id: 'fdb711a9a281b94c53c1ab93421e449a') in 0.018362 seconds
Number of updated asset objects reloaded before import = 0Number of asset objects unloaded after import = 3

========================================================================
Received Import Request.
  Time since last request: 0.000025 seconds.
  path: Assets/Spine2D Knight Character Animation Pack/Exports/Frame by frame/run_shield/clown_export-run_shield_12.png
  artifactKey: Guid(83385234de15d2f4cb0fd2abadad523f) Importer(2089858483,b0f066a214c2f5e87bad3c948f4d605d)
Start importing Assets/Spine2D Knight Character Animation Pack/Exports/Frame by frame/run_shield/clown_export-run_shield_12.png using Guid(83385234de15d2f4cb0fd2abadad523f) Importer(2089858483,b0f066a214c2f5e87bad3c948f4d605d) (ScriptedImporter) -> (artifact id: '081968cfab76cf1c21fb04e4cb402ee5') in 0.0182495 seconds
Number of updated asset objects reloaded before import = 0Number of asset objects unloaded after import = 3

========================================================================
Received Import Request.
  Time since last request: 0.000034 seconds.
  path: Assets/Spine/Editor/spine-unity/Editor/Windows/SpinePreferences.cs
  artifactKey: Guid(b29e98153ec2fbd44b8f7da1b41194e8) Importer(2089858483,b0f066a214c2f5e87bad3c948f4d605d)
Start importing Assets/Spine/Editor/spine-unity/Editor/Windows/SpinePreferences.cs using Guid(b29e98153ec2fbd44b8f7da1b41194e8) Importer(2089858483,b0f066a214c2f5e87bad3c948f4d605d) (ScriptedImporter) -> (artifact id: 'adf968489f8dd7539e1f8202ec373603') in 0.0127247 seconds
Number of updated asset objects reloaded before import = 0Number of asset objects unloaded after import = 0

========================================================================
Received Import Request.
  Time since last request: 0.000018 seconds.
  path: Assets/Dungeon Crawler 2D Art Pack/Sprites/Monsters/Boss/BossBack/Attack/Monster3Back-Attack_14.png
  artifactKey: Guid(64a1a41c05b8f5d48bba82d90bde7bbc) Importer(2089858483,b0f066a214c2f5e87bad3c948f4d605d)
Start importing Assets/Dungeon Crawler 2D Art Pack/Sprites/Monsters/Boss/BossBack/Attack/Monster3Back-Attack_14.png using Guid(64a1a41c05b8f5d48bba82d90bde7bbc) Importer(2089858483,b0f066a214c2f5e87bad3c948f4d605d) (ScriptedImporter) -> (artifact id: '93595198d78de2d0fc8794df0e0aeab5') in 0.0201244 seconds
Number of updated asset objects reloaded before import = 0Number of asset objects unloaded after import = 3

========================================================================
Received Import Request.
  Time since last request: 0.000020 seconds.
  path: Assets/Spine/Editor/spine-unity/Editor/Asset Types/SpineSpriteAtlasAssetInspector.cs
  artifactKey: Guid(f063dc5ff6881db4a9ee2e059812cba2) Importer(2089858483,b0f066a214c2f5e87bad3c948f4d605d)
Start importing Assets/Spine/Editor/spine-unity/Editor/Asset Types/SpineSpriteAtlasAssetInspector.cs using Guid(f063dc5ff6881db4a9ee2e059812cba2) Importer(2089858483,b0f066a214c2f5e87bad3c948f4d605d) (ScriptedImporter) -> (artifact id: '93d2fd64c22a4b2e3e1cffbe8bd95e47') in 0.0129429 seconds
Number of updated asset objects reloaded before import = 0Number of asset objects unloaded after import = 0

========================================================================
Received Import Request.
  Time since last request: 0.000023 seconds.
  path: Assets/Dungeon Crawler 2D Art Pack/Sprites/Monsters/Boss/BossLeft/Attack/Monster3Left-Attack_22.png
  artifactKey: Guid(ea553d78de6f6924d8bc87003519799d) Importer(2089858483,b0f066a214c2f5e87bad3c948f4d605d)
Start importing Assets/Dungeon Crawler 2D Art Pack/Sprites/Monsters/Boss/BossLeft/Attack/Monster3Left-Attack_22.png using Guid(ea553d78de6f6924d8bc87003519799d) Importer(2089858483,b0f066a214c2f5e87bad3c948f4d605d) (ScriptedImporter) -> (artifact id: 'dfec125f2f3d19b0b0b1995f66808f5e') in 0.0210006 seconds
Number of updated asset objects reloaded before import = 0Number of asset objects unloaded after import = 3

========================================================================
Received Import Request.
  Time since last request: 0.000032 seconds.
  path: Assets/Dungeon Crawler 2D Art Pack/Sprites/Monsters/Boss/BossLeft/Attack/Monster3Left-Attack_12.png
  artifactKey: Guid(65b4b0fcee3ebe8498bc3940e01170b5) Importer(2089858483,b0f066a214c2f5e87bad3c948f4d605d)
Start importing Assets/Dungeon Crawler 2D Art Pack/Sprites/Monsters/Boss/BossLeft/Attack/Monster3Left-Attack_12.png using Guid(65b4b0fcee3ebe8498bc3940e01170b5) Importer(2089858483,b0f066a214c2f5e87bad3c948f4d605d) (ScriptedImporter) -> (artifact id: '8260322978a7f089a1df0790084c827c') in 0.0249576 seconds
Number of updated asset objects reloaded before import = 0Number of asset objects unloaded after import = 3

========================================================================
Received Import Request.
  Time since last request: 0.000021 seconds.
  path: Assets/Dungeon Crawler 2D Art Pack/Sprites/Monsters/Boss/BossLeft/Attack/Monster3Left-Attack_8.png
  artifactKey: Guid(ab52fbc709cb80f42846a27fb55cca54) Importer(2089858483,b0f066a214c2f5e87bad3c948f4d605d)
Start importing Assets/Dungeon Crawler 2D Art Pack/Sprites/Monsters/Boss/BossLeft/Attack/Monster3Left-Attack_8.png using Guid(ab52fbc709cb80f42846a27fb55cca54) Importer(2089858483,b0f066a214c2f5e87bad3c948f4d605d) (ScriptedImporter) -> (artifact id: '6d8991dcd3c0069d9dc7a733a0e97f4e') in 0.0251763 seconds
Number of updated asset objects reloaded before import = 0Number of asset objects unloaded after import = 3

========================================================================
Received Import Request.
  Time since last request: 0.000022 seconds.
  path: Assets/Dungeon Crawler 2D Art Pack/Sprites/Monsters/Boss/BossFront/Run/Monster3Front-Run_0.png
  artifactKey: Guid(51cd92bf08d60e64387509dda5395009) Importer(2089858483,b0f066a214c2f5e87bad3c948f4d605d)
Start importing Assets/Dungeon Crawler 2D Art Pack/Sprites/Monsters/Boss/BossFront/Run/Monster3Front-Run_0.png using Guid(51cd92bf08d60e64387509dda5395009) Importer(2089858483,b0f066a214c2f5e87bad3c948f4d605d) (ScriptedImporter) -> (artifact id: '257a41fa90a2c2fac75860d3e3bc66d0') in 0.020386 seconds
Number of updated asset objects reloaded before import = 0Number of asset objects unloaded after import = 3

========================================================================
Received Import Request.
  Time since last request: 0.000026 seconds.
  path: Assets/Dungeon Crawler 2D Art Pack/Sprites/Monsters/Boss/BossFront/Run/Monster3Front-Run_5.png
  artifactKey: Guid(4c7527295d5c2d545832aa5f791379bb) Importer(2089858483,b0f066a214c2f5e87bad3c948f4d605d)
Start importing Assets/Dungeon Crawler 2D Art Pack/Sprites/Monsters/Boss/BossFront/Run/Monster3Front-Run_5.png using Guid(4c7527295d5c2d545832aa5f791379bb) Importer(2089858483,b0f066a214c2f5e87bad3c948f4d605d) (ScriptedImporter) -> (artifact id: 'b8f12d7b526a9d27472c07975efc73bf') in 0.0198639 seconds
Number of updated asset objects reloaded before import = 0Number of asset objects unloaded after import = 3

========================================================================
Received Import Request.
  Time since last request: 0.000037 seconds.
  path: Assets/Dungeon Crawler 2D Art Pack/Sprites/Monsters/Boss/BossFront/Idle/Monster3Front-Idle_9.png
  artifactKey: Guid(b98d20e266d376e42bbeb0d598d6e4b2) Importer(2089858483,b0f066a214c2f5e87bad3c948f4d605d)
Start importing Assets/Dungeon Crawler 2D Art Pack/Sprites/Monsters/Boss/BossFront/Idle/Monster3Front-Idle_9.png using Guid(b98d20e266d376e42bbeb0d598d6e4b2) Importer(2089858483,b0f066a214c2f5e87bad3c948f4d605d) (ScriptedImporter) -> (artifact id: '2b43321ccc7b6e98da009584502511ab') in 0.0222813 seconds
Number of updated asset objects reloaded before import = 0Number of asset objects unloaded after import = 3

========================================================================
Received Import Request.
  Time since last request: 0.000022 seconds.
  path: Assets/Dungeon Crawler 2D Art Pack/Sprites/Monsters/Boss/BossLeft/Attack/Monster3Left-Attack_7.png
  artifactKey: Guid(5df94337270d093438bdea06ee0fd949) Importer(2089858483,b0f066a214c2f5e87bad3c948f4d605d)
Start importing Assets/Dungeon Crawler 2D Art Pack/Sprites/Monsters/Boss/BossLeft/Attack/Monster3Left-Attack_7.png using Guid(5df94337270d093438bdea06ee0fd949) Importer(2089858483,b0f066a214c2f5e87bad3c948f4d605d) (ScriptedImporter) -> (artifact id: '8298ca926371385ec9588a47c95b7a12') in 0.0218243 seconds
Number of updated asset objects reloaded before import = 0Number of asset objects unloaded after import = 3

========================================================================
Received Import Request.
  Time since last request: 0.000031 seconds.
  path: Assets/Dungeon Crawler 2D Art Pack/Sprites/Monsters/Boss/BossFront/Idle/Monster3Front-Idle_7.png
  artifactKey: Guid(3150a9436d5b01449848cd3f7c7c4e17) Importer(2089858483,b0f066a214c2f5e87bad3c948f4d605d)
Start importing Assets/Dungeon Crawler 2D Art Pack/Sprites/Monsters/Boss/BossFront/Idle/Monster3Front-Idle_7.png using Guid(3150a9436d5b01449848cd3f7c7c4e17) Importer(2089858483,b0f066a214c2f5e87bad3c948f4d605d) (ScriptedImporter) -> (artifact id: 'd339d06701d0b502a1c251fd585fcf58') in 0.0202456 seconds
Number of updated asset objects reloaded before import = 0Number of asset objects unloaded after import = 3

========================================================================
Received Import Request.
  Time since last request: 0.000023 seconds.
  path: Assets/Dungeon Crawler 2D Art Pack/Sprites/Monsters/Boss/BossLeft/Death/Monster3Left-Death_10.png
  artifactKey: Guid(bc34c547cf76ed540b68a6f9bc5f3ca5) Importer(2089858483,b0f066a214c2f5e87bad3c948f4d605d)
Start importing Assets/Dungeon Crawler 2D Art Pack/Sprites/Monsters/Boss/BossLeft/Death/Monster3Left-Death_10.png using Guid(bc34c547cf76ed540b68a6f9bc5f3ca5) Importer(2089858483,b0f066a214c2f5e87bad3c948f4d605d) (ScriptedImporter) -> (artifact id: '9479f84f15aa08b1bd3ab136af808f34') in 0.0192275 seconds
Number of updated asset objects reloaded before import = 0Number of asset objects unloaded after import = 3

========================================================================
Received Import Request.
  Time since last request: 0.000030 seconds.
  path: Assets/Dungeon Crawler 2D Art Pack/Sprites/Monsters/Boss/BossLeft/Attack/Monster3Left-Attack_5.png
  artifactKey: Guid(ae46c8d10407ef648857eb700ccd3acf) Importer(2089858483,b0f066a214c2f5e87bad3c948f4d605d)
Start importing Assets/Dungeon Crawler 2D Art Pack/Sprites/Monsters/Boss/BossLeft/Attack/Monster3Left-Attack_5.png using Guid(ae46c8d10407ef648857eb700ccd3acf) Importer(2089858483,b0f066a214c2f5e87bad3c948f4d605d) (ScriptedImporter) -> (artifact id: 'd007c5a0b3542139377482415563ccbc') in 0.0208409 seconds
Number of updated asset objects reloaded before import = 0Number of asset objects unloaded after import = 3

========================================================================
Received Import Request.
  Time since last request: 0.000025 seconds.
  path: Assets/Dungeon Crawler 2D Art Pack/Sprites/Monsters/Boss/BossFront/Run/Monster3Front-Run_13.png
  artifactKey: Guid(70c9fa32ebc524f488f2972863ce90e8) Importer(2089858483,b0f066a214c2f5e87bad3c948f4d605d)
Start importing Assets/Dungeon Crawler 2D Art Pack/Sprites/Monsters/Boss/BossFront/Run/Monster3Front-Run_13.png using Guid(70c9fa32ebc524f488f2972863ce90e8) Importer(2089858483,b0f066a214c2f5e87bad3c948f4d605d) (ScriptedImporter) -> (artifact id: '968ed39b4c975039c0d7dd8a2d409413') in 0.0180072 seconds
Number of updated asset objects reloaded before import = 0Number of asset objects unloaded after import = 3

========================================================================
Received Import Request.
  Time since last request: 0.000023 seconds.
  path: Assets/Dungeon Crawler 2D Art Pack/Sprites/Monsters/Boss/BossFront/Idle/Monster3Front-Idle_33.png
  artifactKey: Guid(3573076103dec4148a972a9dca86c1f8) Importer(2089858483,b0f066a214c2f5e87bad3c948f4d605d)
Start importing Assets/Dungeon Crawler 2D Art Pack/Sprites/Monsters/Boss/BossFront/Idle/Monster3Front-Idle_33.png using Guid(3573076103dec4148a972a9dca86c1f8) Importer(2089858483,b0f066a214c2f5e87bad3c948f4d605d) (ScriptedImporter) -> (artifact id: 'd71cd40854e6f0d20b403e70c222e913') in 0.021003 seconds
Number of updated asset objects reloaded before import = 0Number of asset objects unloaded after import = 3

========================================================================
Received Import Request.
  Time since last request: 0.000026 seconds.
  path: Assets/Dungeon Crawler 2D Art Pack/Sprites/Monsters/Boss/BossFront/Idle/Monster3Front-Idle_8.png
  artifactKey: Guid(892a6b5fb1371bd49960f7870a4f5ce3) Importer(2089858483,b0f066a214c2f5e87bad3c948f4d605d)
Start importing Assets/Dungeon Crawler 2D Art Pack/Sprites/Monsters/Boss/BossFront/Idle/Monster3Front-Idle_8.png using Guid(892a6b5fb1371bd49960f7870a4f5ce3) Importer(2089858483,b0f066a214c2f5e87bad3c948f4d605d) (ScriptedImporter) -> (artifact id: 'c388b38d2f5a046176d9f5bddb45ebcd') in 0.0202068 seconds
Number of updated asset objects reloaded before import = 0Number of asset objects unloaded after import = 3

========================================================================
Received Import Request.
  Time since last request: 0.000035 seconds.
  path: Assets/Dungeon Crawler 2D Art Pack/Sprites/Monsters/Boss/BossLeft/Attack/Monster3Left-Attack_20.png
  artifactKey: Guid(974944dc85b7b4f418966202503a77a9) Importer(2089858483,b0f066a214c2f5e87bad3c948f4d605d)
Start importing Assets/Dungeon Crawler 2D Art Pack/Sprites/Monsters/Boss/BossLeft/Attack/Monster3Left-Attack_20.png using Guid(974944dc85b7b4f418966202503a77a9) Importer(2089858483,b0f066a214c2f5e87bad3c948f4d605d) (ScriptedImporter) -> (artifact id: '1145530c6f24f719a3eefd59eeb3eb74') in 0.0194299 seconds
Number of updated asset objects reloaded before import = 0Number of asset objects unloaded after import = 3

========================================================================
Received Import Request.
  Time since last request: 0.000017 seconds.
  path: Assets/Dungeon Crawler 2D Art Pack/Sprites/Monsters/Boss/BossFront/Idle/Monster3Front-Idle_6.png
  artifactKey: Guid(7619e3e7646635c48a00e69e18df9133) Importer(2089858483,b0f066a214c2f5e87bad3c948f4d605d)
Start importing Assets/Dungeon Crawler 2D Art Pack/Sprites/Monsters/Boss/BossFront/Idle/Monster3Front-Idle_6.png using Guid(7619e3e7646635c48a00e69e18df9133) Importer(2089858483,b0f066a214c2f5e87bad3c948f4d605d) (ScriptedImporter) -> (artifact id: 'e42034414117bc71f66f985001e139a2') in 0.0192901 seconds
Number of updated asset objects reloaded before import = 0Number of asset objects unloaded after import = 3

========================================================================
Received Import Request.
  Time since last request: 0.000023 seconds.
  path: Assets/Dungeon Crawler 2D Art Pack/Sprites/Monsters/Boss/BossFront/Run/Monster3Front-Run_1.png
  artifactKey: Guid(07cd619f860fecd498c0727eb6188374) Importer(2089858483,b0f066a214c2f5e87bad3c948f4d605d)
Start importing Assets/Dungeon Crawler 2D Art Pack/Sprites/Monsters/Boss/BossFront/Run/Monster3Front-Run_1.png using Guid(07cd619f860fecd498c0727eb6188374) Importer(2089858483,b0f066a214c2f5e87bad3c948f4d605d) (ScriptedImporter) -> (artifact id: '4ab73ac61f04eb740b243c2ddd937f2e') in 0.0233603 seconds
Number of updated asset objects reloaded before import = 0Number of asset objects unloaded after import = 3

========================================================================
Received Import Request.
  Time since last request: 0.000019 seconds.
  path: Assets/Dungeon Crawler 2D Art Pack/Sprites/Monsters/Boss/BossLeft/Idle/Monster3Left-Idle_31.png
  artifactKey: Guid(dc8d7ec0f6b3ba84f96fe5aaaebf1ced) Importer(2089858483,b0f066a214c2f5e87bad3c948f4d605d)
Start importing Assets/Dungeon Crawler 2D Art Pack/Sprites/Monsters/Boss/BossLeft/Idle/Monster3Left-Idle_31.png using Guid(dc8d7ec0f6b3ba84f96fe5aaaebf1ced) Importer(2089858483,b0f066a214c2f5e87bad3c948f4d605d) (ScriptedImporter) -> (artifact id: 'fb5601b97392f5c215b22f52d841c96b') in 0.0249101 seconds
Number of updated asset objects reloaded before import = 0Number of asset objects unloaded after import = 3

========================================================================
Received Import Request.
  Time since last request: 0.000030 seconds.
  path: Assets/Dungeon Crawler 2D Art Pack/Sprites/Monsters/Boss/BossLeft/Idle/Monster3Left-Idle_21.png
  artifactKey: Guid(9848f275911cc13479fdde19717d487e) Importer(2089858483,b0f066a214c2f5e87bad3c948f4d605d)
Start importing Assets/Dungeon Crawler 2D Art Pack/Sprites/Monsters/Boss/BossLeft/Idle/Monster3Left-Idle_21.png using Guid(9848f275911cc13479fdde19717d487e) Importer(2089858483,b0f066a214c2f5e87bad3c948f4d605d) (ScriptedImporter) -> (artifact id: 'be28afc9e506d1b8165fade580910b2c') in 0.0181105 seconds
Number of updated asset objects reloaded before import = 0Number of asset objects unloaded after import = 3

========================================================================
Received Import Request.
  Time since last request: 0.000023 seconds.
  path: Assets/Dungeon Crawler 2D Art Pack/Sprites/Monsters/Boss/BossLeft/Run/Monster3Left-Run_0.png
  artifactKey: Guid(3a036174fc0abfe409fafad6fb0097a2) Importer(2089858483,b0f066a214c2f5e87bad3c948f4d605d)
Start importing Assets/Dungeon Crawler 2D Art Pack/Sprites/Monsters/Boss/BossLeft/Run/Monster3Left-Run_0.png using Guid(3a036174fc0abfe409fafad6fb0097a2) Importer(2089858483,b0f066a214c2f5e87bad3c948f4d605d) (ScriptedImporter) -> (artifact id: '26830d4652dedeae1ee58f3111c839da') in 0.0188644 seconds
Number of updated asset objects reloaded before import = 0Number of asset objects unloaded after import = 3

========================================================================
Received Import Request.
  Time since last request: 0.000022 seconds.
  path: Assets/Dungeon Crawler 2D Art Pack/Sprites/Monsters/Boss/BossLeft/Death/Monster3Left-Death_14.png
  artifactKey: Guid(73c704a60e9435a4ca2c0b4d7e35ce19) Importer(2089858483,b0f066a214c2f5e87bad3c948f4d605d)
Start importing Assets/Dungeon Crawler 2D Art Pack/Sprites/Monsters/Boss/BossLeft/Death/Monster3Left-Death_14.png using Guid(73c704a60e9435a4ca2c0b4d7e35ce19) Importer(2089858483,b0f066a214c2f5e87bad3c948f4d605d) (ScriptedImporter) -> (artifact id: 'abba695093358af1f8fea7b9cdb62f1f') in 0.0187511 seconds
Number of updated asset objects reloaded before import = 0Number of asset objects unloaded after import = 3

========================================================================
Received Import Request.
  Time since last request: 0.000024 seconds.
  path: Assets/Dungeon Crawler 2D Art Pack/Sprites/Monsters/Boss/BossLeft/Idle/Monster3Left-Idle_18.png
  artifactKey: Guid(a6cf5f43b93b153448b3bdaa04736ff1) Importer(2089858483,b0f066a214c2f5e87bad3c948f4d605d)
Start importing Assets/Dungeon Crawler 2D Art Pack/Sprites/Monsters/Boss/BossLeft/Idle/Monster3Left-Idle_18.png using Guid(a6cf5f43b93b153448b3bdaa04736ff1) Importer(2089858483,b0f066a214c2f5e87bad3c948f4d605d) (ScriptedImporter) -> (artifact id: '5b9f18b9bf04e8b737fb4bb5978426ac') in 0.0184459 seconds
Number of updated asset objects reloaded before import = 0Number of asset objects unloaded after import = 3

========================================================================
Received Import Request.
  Time since last request: 0.000034 seconds.
  path: Assets/Dungeon Crawler 2D Art Pack/Sprites/Monsters/Boss/BossLeft/Hit/Monster3Left-Hit_9.png
  artifactKey: Guid(5541c46fd060bec48bd1916f5e0de177) Importer(2089858483,b0f066a214c2f5e87bad3c948f4d605d)
Start importing Assets/Dungeon Crawler 2D Art Pack/Sprites/Monsters/Boss/BossLeft/Hit/Monster3Left-Hit_9.png using Guid(5541c46fd060bec48bd1916f5e0de177) Importer(2089858483,b0f066a214c2f5e87bad3c948f4d605d) (ScriptedImporter) -> (artifact id: 'd9f67d6e76268ef226558b53a7550118') in 0.0189446 seconds
Number of updated asset objects reloaded before import = 0Number of asset objects unloaded after import = 3

========================================================================
Received Import Request.
  Time since last request: 0.000023 seconds.
  path: Assets/Dungeon Crawler 2D Art Pack/Sprites/Monsters/Boss/BossLeft/Idle/Monster3Left-Idle_25.png
  artifactKey: Guid(ecad7d67e8f79834490a651a15a1e9dc) Importer(2089858483,b0f066a214c2f5e87bad3c948f4d605d)
Start importing Assets/Dungeon Crawler 2D Art Pack/Sprites/Monsters/Boss/BossLeft/Idle/Monster3Left-Idle_25.png using Guid(ecad7d67e8f79834490a651a15a1e9dc) Importer(2089858483,b0f066a214c2f5e87bad3c948f4d605d) (ScriptedImporter) -> (artifact id: 'a23755ba67c960a6685ae503c20503af') in 0.0195911 seconds
Number of updated asset objects reloaded before import = 0Number of asset objects unloaded after import = 3

========================================================================
Received Import Request.
  Time since last request: 0.000017 seconds.
  path: Assets/Dungeon Crawler 2D Art Pack/Sprites/Monsters/Boss/BossLeft/Death/Monster3Left-Death_6.png
  artifactKey: Guid(9ac55537f394a5c4fa9b034e8509934f) Importer(2089858483,b0f066a214c2f5e87bad3c948f4d605d)
Start importing Assets/Dungeon Crawler 2D Art Pack/Sprites/Monsters/Boss/BossLeft/Death/Monster3Left-Death_6.png using Guid(9ac55537f394a5c4fa9b034e8509934f) Importer(2089858483,b0f066a214c2f5e87bad3c948f4d605d) (ScriptedImporter) -> (artifact id: '5fd88107880ab35aab42afda13743f17') in 0.017456 seconds
Number of updated asset objects reloaded before import = 0Number of asset objects unloaded after import = 3

========================================================================
Received Import Request.
  Time since last request: 0.000022 seconds.
  path: Assets/Dungeon Crawler 2D Art Pack/Sprites/Monsters/Boss/BossLeft/Death/Monster3Left-Death_7.png
  artifactKey: Guid(ac3ff7d6930581a4b9808c86859e9e11) Importer(2089858483,b0f066a214c2f5e87bad3c948f4d605d)
Start importing Assets/Dungeon Crawler 2D Art Pack/Sprites/Monsters/Boss/BossLeft/Death/Monster3Left-Death_7.png using Guid(ac3ff7d6930581a4b9808c86859e9e11) Importer(2089858483,b0f066a214c2f5e87bad3c948f4d605d) (ScriptedImporter) -> (artifact id: '58bdbb91f942a9149520b7fb8c896af2') in 0.0189643 seconds
Number of updated asset objects reloaded before import = 0Number of asset objects unloaded after import = 3

========================================================================
Received Import Request.
  Time since last request: 0.000032 seconds.
  path: Assets/Dungeon Crawler 2D Art Pack/Sprites/Monsters/Boss/BossLeft/Idle/Monster3Left-Idle_20.png
  artifactKey: Guid(bb98e25028ce6f542868a36da1105067) Importer(2089858483,b0f066a214c2f5e87bad3c948f4d605d)
Start importing Assets/Dungeon Crawler 2D Art Pack/Sprites/Monsters/Boss/BossLeft/Idle/Monster3Left-Idle_20.png using Guid(bb98e25028ce6f542868a36da1105067) Importer(2089858483,b0f066a214c2f5e87bad3c948f4d605d) (ScriptedImporter) -> (artifact id: 'f2ed4c127704d869114e8edd369877b5') in 0.019664 seconds
Number of updated asset objects reloaded before import = 0Number of asset objects unloaded after import = 3

========================================================================
Received Import Request.
  Time since last request: 0.000020 seconds.
  path: Assets/Dungeon Crawler 2D Art Pack/Sprites/Monsters/Boss/BossLeft/Idle/Monster3Left-Idle_27.png
  artifactKey: Guid(942c266a3cc927b4a9b2d2433262c91f) Importer(2089858483,b0f066a214c2f5e87bad3c948f4d605d)
Start importing Assets/Dungeon Crawler 2D Art Pack/Sprites/Monsters/Boss/BossLeft/Idle/Monster3Left-Idle_27.png using Guid(942c266a3cc927b4a9b2d2433262c91f) Importer(2089858483,b0f066a214c2f5e87bad3c948f4d605d) (ScriptedImporter) -> (artifact id: 'db7925589323eb0465c5f0368e6b5c61') in 0.0192012 seconds
Number of updated asset objects reloaded before import = 0Number of asset objects unloaded after import = 3

========================================================================
Received Import Request.
  Time since last request: 0.000021 seconds.
  path: Assets/Dungeon Crawler 2D Art Pack/Sprites/Monsters/Boss/BossLeft/Death/Monster3Left-Death_4.png
  artifactKey: Guid(759b21b321292974080b45875ff9c7e0) Importer(2089858483,b0f066a214c2f5e87bad3c948f4d605d)
Start importing Assets/Dungeon Crawler 2D Art Pack/Sprites/Monsters/Boss/BossLeft/Death/Monster3Left-Death_4.png using Guid(759b21b321292974080b45875ff9c7e0) Importer(2089858483,b0f066a214c2f5e87bad3c948f4d605d) (ScriptedImporter) -> (artifact id: '787f08bc0b22893dcc30ab0835ab39e8') in 0.0200954 seconds
Number of updated asset objects reloaded before import = 0Number of asset objects unloaded after import = 3

========================================================================
Received Import Request.
  Time since last request: 0.000028 seconds.
  path: Assets/Dungeon Crawler 2D Art Pack/Sprites/Monsters/Boss/BossLeft/Hit/Monster3Left-Hit_8.png
  artifactKey: Guid(6743355a7480be54496cc741dc77ac0b) Importer(2089858483,b0f066a214c2f5e87bad3c948f4d605d)
Start importing Assets/Dungeon Crawler 2D Art Pack/Sprites/Monsters/Boss/BossLeft/Hit/Monster3Left-Hit_8.png using Guid(6743355a7480be54496cc741dc77ac0b) Importer(2089858483,b0f066a214c2f5e87bad3c948f4d605d) (ScriptedImporter) -> (artifact id: 'ecc50a97bd8da8d5a7a0969c8deadd9d') in 0.018222 seconds
Number of updated asset objects reloaded before import = 0Number of asset objects unloaded after import = 3

========================================================================
Received Import Request.
  Time since last request: 0.000031 seconds.
  path: Assets/Dungeon Crawler 2D Art Pack/Sprites/Monsters/Boss/BossLeft/Idle/Monster3Left-Idle_15.png
  artifactKey: Guid(b6c4324770de43940b1f021529798d6a) Importer(2089858483,b0f066a214c2f5e87bad3c948f4d605d)
Start importing Assets/Dungeon Crawler 2D Art Pack/Sprites/Monsters/Boss/BossLeft/Idle/Monster3Left-Idle_15.png using Guid(b6c4324770de43940b1f021529798d6a) Importer(2089858483,b0f066a214c2f5e87bad3c948f4d605d) (ScriptedImporter) -> (artifact id: '8bda22a0b137871a5ef52f020c76f909') in 0.0186556 seconds
Number of updated asset objects reloaded before import = 0Number of asset objects unloaded after import = 3

========================================================================
Received Import Request.
  Time since last request: 0.000027 seconds.
  path: Assets/Dungeon Crawler 2D Art Pack/Sprites/Monsters/Boss/BossLeft/Idle/Monster3Left-Idle_19.png
  artifactKey: Guid(cd4aabd13764fa94fae6d93fc7313e9b) Importer(2089858483,b0f066a214c2f5e87bad3c948f4d605d)
Start importing Assets/Dungeon Crawler 2D Art Pack/Sprites/Monsters/Boss/BossLeft/Idle/Monster3Left-Idle_19.png using Guid(cd4aabd13764fa94fae6d93fc7313e9b) Importer(2089858483,b0f066a214c2f5e87bad3c948f4d605d) (ScriptedImporter) -> (artifact id: '2cf06ff80c42bd09cc202054c320e03a') in 0.0278439 seconds
Number of updated asset objects reloaded before import = 0Number of asset objects unloaded after import = 3

========================================================================
Received Import Request.
  Time since last request: 0.000018 seconds.
  path: Assets/Dungeon Crawler 2D Art Pack/Sprites/Monsters/Boss/BossLeft/Run/Monster3Left-Run_4.png
  artifactKey: Guid(8164471d0707a9e4095e0afcaf0f29d1) Importer(2089858483,b0f066a214c2f5e87bad3c948f4d605d)
Start importing Assets/Dungeon Crawler 2D Art Pack/Sprites/Monsters/Boss/BossLeft/Run/Monster3Left-Run_4.png using Guid(8164471d0707a9e4095e0afcaf0f29d1) Importer(2089858483,b0f066a214c2f5e87bad3c948f4d605d) (ScriptedImporter) -> (artifact id: 'fe67da20cffadcbec9a1b9a126838816') in 0.0242394 seconds
Number of updated asset objects reloaded before import = 0Number of asset objects unloaded after import = 3

========================================================================
Received Import Request.
  Time since last request: 0.000024 seconds.
  path: Assets/Dungeon Crawler 2D Art Pack/Sprites/Monsters/Boss/BossLeft/Run/Monster3Left-Run_18.png
  artifactKey: Guid(ded9198dfcfc7ce488cb30d00482e168) Importer(2089858483,b0f066a214c2f5e87bad3c948f4d605d)
Start importing Assets/Dungeon Crawler 2D Art Pack/Sprites/Monsters/Boss/BossLeft/Run/Monster3Left-Run_18.png using Guid(ded9198dfcfc7ce488cb30d00482e168) Importer(2089858483,b0f066a214c2f5e87bad3c948f4d605d) (ScriptedImporter) -> (artifact id: '72ca027d339154420b2c4fe82e01ac86') in 0.0196682 seconds
Number of updated asset objects reloaded before import = 0Number of asset objects unloaded after import = 3

========================================================================
Received Import Request.
  Time since last request: 0.000042 seconds.
  path: Assets/Dungeon Crawler 2D Art Pack/Sprites/Monsters/Boss/BossLeft/Run/Monster3Left-Run_19.png
  artifactKey: Guid(50b7c74e185f9df44838cce84feba74f) Importer(2089858483,b0f066a214c2f5e87bad3c948f4d605d)
Start importing Assets/Dungeon Crawler 2D Art Pack/Sprites/Monsters/Boss/BossLeft/Run/Monster3Left-Run_19.png using Guid(50b7c74e185f9df44838cce84feba74f) Importer(2089858483,b0f066a214c2f5e87bad3c948f4d605d) (ScriptedImporter) -> (artifact id: 'fd86e52583e2335ae747ed5928614646') in 0.0196109 seconds
Number of updated asset objects reloaded before import = 0Number of asset objects unloaded after import = 3

========================================================================
Received Import Request.
  Time since last request: 0.000020 seconds.
  path: Assets/Dungeon Crawler 2D Art Pack/Sprites/Monsters/Flying Monster/Back/Death/Monster1Back-Death_4.png
  artifactKey: Guid(14bb6e5d72dbd40458ac6f438c926b21) Importer(2089858483,b0f066a214c2f5e87bad3c948f4d605d)
Start importing Assets/Dungeon Crawler 2D Art Pack/Sprites/Monsters/Flying Monster/Back/Death/Monster1Back-Death_4.png using Guid(14bb6e5d72dbd40458ac6f438c926b21) Importer(2089858483,b0f066a214c2f5e87bad3c948f4d605d) (ScriptedImporter) -> (artifact id: 'a30eb0eda71bb6c5251dedeb8bcda56c') in 0.0182866 seconds
Number of updated asset objects reloaded before import = 0Number of asset objects unloaded after import = 3

========================================================================
Received Import Request.
  Time since last request: 0.000020 seconds.
  path: Assets/Dungeon Crawler 2D Art Pack/Sprites/Monsters/Boss/BossLeft/Run/Monster3Left-Run_7.png
  artifactKey: Guid(6f245da3ab90f0d459db38b228067340) Importer(2089858483,b0f066a214c2f5e87bad3c948f4d605d)
Start importing Assets/Dungeon Crawler 2D Art Pack/Sprites/Monsters/Boss/BossLeft/Run/Monster3Left-Run_7.png using Guid(6f245da3ab90f0d459db38b228067340) Importer(2089858483,b0f066a214c2f5e87bad3c948f4d605d) (ScriptedImporter) -> (artifact id: '8a463e88810a7c3e7a2f56464b62c939') in 0.015916 seconds
Number of updated asset objects reloaded before import = 0Number of asset objects unloaded after import = 3

========================================================================
Received Import Request.
  Time since last request: 0.000023 seconds.
  path: Assets/Dungeon Crawler 2D Art Pack/Sprites/Monsters/Boss/BossLeft/Run/Monster3Left-Run_13.png
  artifactKey: Guid(85f9808a6ef4bd34885b0848b82ad497) Importer(2089858483,b0f066a214c2f5e87bad3c948f4d605d)
Start importing Assets/Dungeon Crawler 2D Art Pack/Sprites/Monsters/Boss/BossLeft/Run/Monster3Left-Run_13.png using Guid(85f9808a6ef4bd34885b0848b82ad497) Importer(2089858483,b0f066a214c2f5e87bad3c948f4d605d) (ScriptedImporter) -> (artifact id: '2283d98d45a2dbab2912d07a7201a481') in 0.0195792 seconds
Number of updated asset objects reloaded before import = 0Number of asset objects unloaded after import = 3

========================================================================
Received Import Request.
  Time since last request: 0.000031 seconds.
  path: Assets/Dungeon Crawler 2D Art Pack/Sprites/Monsters/Flying Monster/Back/Attack/Monster1Back-Attack_1.png
  artifactKey: Guid(1036581597770264b9fa34d427cb15ec) Importer(2089858483,b0f066a214c2f5e87bad3c948f4d605d)
Start importing Assets/Dungeon Crawler 2D Art Pack/Sprites/Monsters/Flying Monster/Back/Attack/Monster1Back-Attack_1.png using Guid(1036581597770264b9fa34d427cb15ec) Importer(2089858483,b0f066a214c2f5e87bad3c948f4d605d) (ScriptedImporter) -> (artifact id: '173d7c5c8c9bc5a383f1b47a8902fc37') in 0.0175969 seconds
Number of updated asset objects reloaded before import = 0Number of asset objects unloaded after import = 3

========================================================================
Received Import Request.
  Time since last request: 0.000021 seconds.
  path: Assets/Dungeon Crawler 2D Art Pack/Sprites/Monsters/Flying Monster/Back/Death/Monster1Back-Death_12.png
  artifactKey: Guid(157f77663ab8b3846a9a024c07558b0d) Importer(2089858483,b0f066a214c2f5e87bad3c948f4d605d)
Start importing Assets/Dungeon Crawler 2D Art Pack/Sprites/Monsters/Flying Monster/Back/Death/Monster1Back-Death_12.png using Guid(157f77663ab8b3846a9a024c07558b0d) Importer(2089858483,b0f066a214c2f5e87bad3c948f4d605d) (ScriptedImporter) -> (artifact id: '1b494a3b2b19c11e58f2bb493e453ecd') in 0.0281819 seconds
Number of updated asset objects reloaded before import = 0Number of asset objects unloaded after import = 3

========================================================================
Received Import Request.
  Time since last request: 0.000023 seconds.
  path: Assets/Dungeon Crawler 2D Art Pack/Sprites/Monsters/Flying Monster/Back/Death/Monster1Back-Death_2.png
  artifactKey: Guid(ccc18b50d39f25f4a934cfa2c4bfc7f5) Importer(2089858483,b0f066a214c2f5e87bad3c948f4d605d)
Start importing Assets/Dungeon Crawler 2D Art Pack/Sprites/Monsters/Flying Monster/Back/Death/Monster1Back-Death_2.png using Guid(ccc18b50d39f25f4a934cfa2c4bfc7f5) Importer(2089858483,b0f066a214c2f5e87bad3c948f4d605d) (ScriptedImporter) -> (artifact id: '03d0b36f1375071a71e7c071c11080d6') in 0.019448 seconds
Number of updated asset objects reloaded before import = 0Number of asset objects unloaded after import = 3

========================================================================
Received Import Request.
  Time since last request: 0.000022 seconds.
  path: Assets/Dungeon Crawler 2D Art Pack/Sprites/Monsters/Flying Monster/Back/Attack/Monster1Back-Attack_17.png
  artifactKey: Guid(03d9954b74659554b98cd5b321fa5ae3) Importer(2089858483,b0f066a214c2f5e87bad3c948f4d605d)
Start importing Assets/Dungeon Crawler 2D Art Pack/Sprites/Monsters/Flying Monster/Back/Attack/Monster1Back-Attack_17.png using Guid(03d9954b74659554b98cd5b321fa5ae3) Importer(2089858483,b0f066a214c2f5e87bad3c948f4d605d) (ScriptedImporter) -> (artifact id: 'bcceebe2068cf1a58a57d54060a098b1') in 0.0195653 seconds
Number of updated asset objects reloaded before import = 0Number of asset objects unloaded after import = 3

========================================================================
Received Import Request.
  Time since last request: 0.000039 seconds.
  path: Assets/Dungeon Crawler 2D Art Pack/Sprites/Monsters/Flying Monster/Back/Attack/Monster1Back-Attack_18.png
  artifactKey: Guid(1509785ed25fe0042a4545d60a29cca2) Importer(2089858483,b0f066a214c2f5e87bad3c948f4d605d)
Start importing Assets/Dungeon Crawler 2D Art Pack/Sprites/Monsters/Flying Monster/Back/Attack/Monster1Back-Attack_18.png using Guid(1509785ed25fe0042a4545d60a29cca2) Importer(2089858483,b0f066a214c2f5e87bad3c948f4d605d) (ScriptedImporter) -> (artifact id: '577f887dd03301c5e953a09a6f7111f4') in 0.0195631 seconds
Number of updated asset objects reloaded before import = 0Number of asset objects unloaded after import = 3

========================================================================
Received Import Request.
  Time since last request: 0.000024 seconds.
  path: Assets/Dungeon Crawler 2D Art Pack/Sprites/Monsters/Boss/BossLeft/Run/Monster3Left-Run_3.png
  artifactKey: Guid(5eb37ac142b75364fba135d9880bdd6c) Importer(2089858483,b0f066a214c2f5e87bad3c948f4d605d)
Start importing Assets/Dungeon Crawler 2D Art Pack/Sprites/Monsters/Boss/BossLeft/Run/Monster3Left-Run_3.png using Guid(5eb37ac142b75364fba135d9880bdd6c) Importer(2089858483,b0f066a214c2f5e87bad3c948f4d605d) (ScriptedImporter) -> (artifact id: 'ed071df2ba302e458c8fb1fcbca0a07c') in 0.0205613 seconds
Number of updated asset objects reloaded before import = 0Number of asset objects unloaded after import = 3

========================================================================
Received Import Request.
  Time since last request: 0.000026 seconds.
  path: Assets/Dungeon Crawler 2D Art Pack/Sprites/Monsters/Boss/BossLeft/Run/Monster3Left-Run_10.png
  artifactKey: Guid(cdeb40a6032b2dd429cc960737472624) Importer(2089858483,b0f066a214c2f5e87bad3c948f4d605d)
Start importing Assets/Dungeon Crawler 2D Art Pack/Sprites/Monsters/Boss/BossLeft/Run/Monster3Left-Run_10.png using Guid(cdeb40a6032b2dd429cc960737472624) Importer(2089858483,b0f066a214c2f5e87bad3c948f4d605d) (ScriptedImporter) -> (artifact id: 'fc85793b120a91ff85abd2978b1c0f3d') in 0.0311493 seconds
Number of updated asset objects reloaded before import = 0Number of asset objects unloaded after import = 3

========================================================================
Received Import Request.
  Time since last request: 0.000024 seconds.
  path: Assets/Dungeon Crawler 2D Art Pack/Sprites/Monsters/Boss/BossLeft/Run/Monster3Left-Run_2.png
  artifactKey: Guid(49f4c59799691dc48919b9fb3e86dce3) Importer(2089858483,b0f066a214c2f5e87bad3c948f4d605d)
Start importing Assets/Dungeon Crawler 2D Art Pack/Sprites/Monsters/Boss/BossLeft/Run/Monster3Left-Run_2.png using Guid(49f4c59799691dc48919b9fb3e86dce3) Importer(2089858483,b0f066a214c2f5e87bad3c948f4d605d) (ScriptedImporter) -> (artifact id: 'ae864926ea7e51a8064a62fe852a062c') in 0.0206607 seconds
Number of updated asset objects reloaded before import = 0Number of asset objects unloaded after import = 3

========================================================================
Received Import Request.
  Time since last request: 0.000031 seconds.
  path: Assets/Dungeon Crawler 2D Art Pack/Sprites/Monsters/Flying Monster/Back/Hit/Monster1Back-Hit_3.png
  artifactKey: Guid(64821cea78728dd4f88a6b8894cb10c6) Importer(2089858483,b0f066a214c2f5e87bad3c948f4d605d)
Start importing Assets/Dungeon Crawler 2D Art Pack/Sprites/Monsters/Flying Monster/Back/Hit/Monster1Back-Hit_3.png using Guid(64821cea78728dd4f88a6b8894cb10c6) Importer(2089858483,b0f066a214c2f5e87bad3c948f4d605d) (ScriptedImporter) -> (artifact id: 'bddc45edd4678b11d11bf039567b85c4') in 0.0251906 seconds
Number of updated asset objects reloaded before import = 0Number of asset objects unloaded after import = 3

========================================================================
Received Import Request.
  Time since last request: 0.000024 seconds.
  path: Assets/Dungeon Crawler 2D Art Pack/Sprites/Monsters/Flying Monster/Back/Idle/Monster1Back-Idle_6.png
  artifactKey: Guid(51041ec6d698a3b4d9e37ef978abe792) Importer(2089858483,b0f066a214c2f5e87bad3c948f4d605d)
Start importing Assets/Dungeon Crawler 2D Art Pack/Sprites/Monsters/Flying Monster/Back/Idle/Monster1Back-Idle_6.png using Guid(51041ec6d698a3b4d9e37ef978abe792) Importer(2089858483,b0f066a214c2f5e87bad3c948f4d605d) (ScriptedImporter) -> (artifact id: '091ca3e5800a2008da677e35cb402a9e') in 0.0190419 seconds
Number of updated asset objects reloaded before import = 0Number of asset objects unloaded after import = 3

========================================================================
Received Import Request.
  Time since last request: 0.000026 seconds.
  path: Assets/Dungeon Crawler 2D Art Pack/Sprites/Monsters/Flying Monster/Back/Hit/Monster1Back-Hit_2.png
  artifactKey: Guid(16d380a9af33d224ca7c8f13fb1ea7f7) Importer(2089858483,b0f066a214c2f5e87bad3c948f4d605d)
Start importing Assets/Dungeon Crawler 2D Art Pack/Sprites/Monsters/Flying Monster/Back/Hit/Monster1Back-Hit_2.png using Guid(16d380a9af33d224ca7c8f13fb1ea7f7) Importer(2089858483,b0f066a214c2f5e87bad3c948f4d605d) (ScriptedImporter) -> (artifact id: '66a68a4ac862f0b7c3c92bcfb16d1fc6') in 0.0185661 seconds
Number of updated asset objects reloaded before import = 0Number of asset objects unloaded after import = 3

========================================================================
Received Import Request.
  Time since last request: 0.000024 seconds.
  path: Assets/Dungeon Crawler 2D Art Pack/Sprites/Monsters/Flying Monster/Back/Idle/Monster1Back-Idle_0.png
  artifactKey: Guid(9f02a73c2211a954da023d36a3e27a60) Importer(2089858483,b0f066a214c2f5e87bad3c948f4d605d)
Start importing Assets/Dungeon Crawler 2D Art Pack/Sprites/Monsters/Flying Monster/Back/Idle/Monster1Back-Idle_0.png using Guid(9f02a73c2211a954da023d36a3e27a60) Importer(2089858483,b0f066a214c2f5e87bad3c948f4d605d) (ScriptedImporter) -> (artifact id: '03b201565a9d63eb5f913449ebcdbfaf') in 0.0190042 seconds
Number of updated asset objects reloaded before import = 0Number of asset objects unloaded after import = 3

========================================================================
Received Import Request.
  Time since last request: 0.000034 seconds.
  path: Assets/Dungeon Crawler 2D Art Pack/Sprites/Monsters/Flying Monster/Back/Run/Monster1Back-Fly_1.png
  artifactKey: Guid(6b7d13038b49f214d93fff4d39a3ff5b) Importer(2089858483,b0f066a214c2f5e87bad3c948f4d605d)
Start importing Assets/Dungeon Crawler 2D Art Pack/Sprites/Monsters/Flying Monster/Back/Run/Monster1Back-Fly_1.png using Guid(6b7d13038b49f214d93fff4d39a3ff5b) Importer(2089858483,b0f066a214c2f5e87bad3c948f4d605d) (ScriptedImporter) -> (artifact id: '15c5fde4ef5a60a65f22c2d352276e5e') in 0.0182072 seconds
Number of updated asset objects reloaded before import = 0Number of asset objects unloaded after import = 3

========================================================================
Received Import Request.
  Time since last request: 0.000024 seconds.
  path: Assets/Dungeon Crawler 2D Art Pack/Sprites/Monsters/Flying Monster/Back/Hit/Monster1Back-Hit_1.png
  artifactKey: Guid(2835f1edc440a4740a80b321ab98066d) Importer(2089858483,b0f066a214c2f5e87bad3c948f4d605d)
Start importing Assets/Dungeon Crawler 2D Art Pack/Sprites/Monsters/Flying Monster/Back/Hit/Monster1Back-Hit_1.png using Guid(2835f1edc440a4740a80b321ab98066d) Importer(2089858483,b0f066a214c2f5e87bad3c948f4d605d) (ScriptedImporter) -> (artifact id: 'f9f61771b7fd774bd8694fd55e6ba519') in 0.0208411 seconds
Number of updated asset objects reloaded before import = 0Number of asset objects unloaded after import = 3

========================================================================
Received Import Request.
  Time since last request: 0.000028 seconds.
  path: Assets/Dungeon Crawler 2D Art Pack/Sprites/Monsters/Flying Monster/Back/Hit/Monster1Back-Hit_11.png
  artifactKey: Guid(2442d23ecdde7e242915b895d467c3b6) Importer(2089858483,b0f066a214c2f5e87bad3c948f4d605d)
Start importing Assets/Dungeon Crawler 2D Art Pack/Sprites/Monsters/Flying Monster/Back/Hit/Monster1Back-Hit_11.png using Guid(2442d23ecdde7e242915b895d467c3b6) Importer(2089858483,b0f066a214c2f5e87bad3c948f4d605d) (ScriptedImporter) -> (artifact id: '58b32174aa37a19aa908080b8c50dc4c') in 0.0215684 seconds
Number of updated asset objects reloaded before import = 0Number of asset objects unloaded after import = 3

========================================================================
Received Import Request.
  Time since last request: 0.000024 seconds.
  path: Assets/Dungeon Crawler 2D Art Pack/Sprites/Monsters/Flying Monster/Back/Idle/Monster1Back-Idle_1.png
  artifactKey: Guid(8b93edd82b30611409c951b23427eb36) Importer(2089858483,b0f066a214c2f5e87bad3c948f4d605d)
Start importing Assets/Dungeon Crawler 2D Art Pack/Sprites/Monsters/Flying Monster/Back/Idle/Monster1Back-Idle_1.png using Guid(8b93edd82b30611409c951b23427eb36) Importer(2089858483,b0f066a214c2f5e87bad3c948f4d605d) (ScriptedImporter) -> (artifact id: 'f75dab193e04b97191758417c8e29df7') in 0.0219557 seconds
Number of updated asset objects reloaded before import = 0Number of asset objects unloaded after import = 3

========================================================================
Received Import Request.
  Time since last request: 0.000038 seconds.
  path: Assets/Dungeon Crawler 2D Art Pack/Sprites/Monsters/Flying Monster/Back/Hit/Monster1Back-Hit_7.png
  artifactKey: Guid(8d01b1f3df1669244891fafaf5556281) Importer(2089858483,b0f066a214c2f5e87bad3c948f4d605d)
Start importing Assets/Dungeon Crawler 2D Art Pack/Sprites/Monsters/Flying Monster/Back/Hit/Monster1Back-Hit_7.png using Guid(8d01b1f3df1669244891fafaf5556281) Importer(2089858483,b0f066a214c2f5e87bad3c948f4d605d) (ScriptedImporter) -> (artifact id: '98b427539c2d061069457229877ea303') in 0.0238777 seconds
Number of updated asset objects reloaded before import = 0Number of asset objects unloaded after import = 3

========================================================================
Received Import Request.
  Time since last request: 0.000015 seconds.
  path: Assets/Dungeon Crawler 2D Art Pack/Sprites/Monsters/Flying Monster/Back/Idle/Monster1Back-Idle_24.png
  artifactKey: Guid(83ccf352c6960e8409026aac9ea9cf71) Importer(2089858483,b0f066a214c2f5e87bad3c948f4d605d)
Start importing Assets/Dungeon Crawler 2D Art Pack/Sprites/Monsters/Flying Monster/Back/Idle/Monster1Back-Idle_24.png using Guid(83ccf352c6960e8409026aac9ea9cf71) Importer(2089858483,b0f066a214c2f5e87bad3c948f4d605d) (ScriptedImporter) -> (artifact id: '77be081f23ae9df1dbbb748cffdaab6e') in 0.0189263 seconds
Number of updated asset objects reloaded before import = 0Number of asset objects unloaded after import = 3

========================================================================
Received Import Request.
  Time since last request: 0.000019 seconds.
  path: Assets/Dungeon Crawler 2D Art Pack/Sprites/Monsters/Flying Monster/Back/Run/Monster1Back-Fly_10.png
  artifactKey: Guid(af9bb715ab0ad2a45b7e452110d46575) Importer(2089858483,b0f066a214c2f5e87bad3c948f4d605d)
Start importing Assets/Dungeon Crawler 2D Art Pack/Sprites/Monsters/Flying Monster/Back/Run/Monster1Back-Fly_10.png using Guid(af9bb715ab0ad2a45b7e452110d46575) Importer(2089858483,b0f066a214c2f5e87bad3c948f4d605d) (ScriptedImporter) -> (artifact id: '4fb33e18dc0d6f700ae30a1c827c7ab2') in 0.0193733 seconds
Number of updated asset objects reloaded before import = 0Number of asset objects unloaded after import = 3

========================================================================
Received Import Request.
  Time since last request: 0.000023 seconds.
  path: Assets/Dungeon Crawler 2D Art Pack/Sprites/Monsters/Flying Monster/Back/Idle/Monster1Back-Idle_3.png
  artifactKey: Guid(21e150d6472c4da4aa931f6814ef6c31) Importer(2089858483,b0f066a214c2f5e87bad3c948f4d605d)
Start importing Assets/Dungeon Crawler 2D Art Pack/Sprites/Monsters/Flying Monster/Back/Idle/Monster1Back-Idle_3.png using Guid(21e150d6472c4da4aa931f6814ef6c31) Importer(2089858483,b0f066a214c2f5e87bad3c948f4d605d) (ScriptedImporter) -> (artifact id: '5000ffa068c34f1dd1809ad1fa3fe284') in 0.0240731 seconds
Number of updated asset objects reloaded before import = 0Number of asset objects unloaded after import = 3

========================================================================
Received Import Request.
  Time since last request: 0.000036 seconds.
  path: Assets/Dungeon Crawler 2D Art Pack/Sprites/Monsters/Flying Monster/Back/Idle/Monster1Back-Idle_17.png
  artifactKey: Guid(1d71845163a3f9f49a8e6f72af1cbdfe) Importer(2089858483,b0f066a214c2f5e87bad3c948f4d605d)
Start importing Assets/Dungeon Crawler 2D Art Pack/Sprites/Monsters/Flying Monster/Back/Idle/Monster1Back-Idle_17.png using Guid(1d71845163a3f9f49a8e6f72af1cbdfe) Importer(2089858483,b0f066a214c2f5e87bad3c948f4d605d) (ScriptedImporter) -> (artifact id: '3caec584c6bf68bae3c404dd2029e8e6') in 0.0198288 seconds
Number of updated asset objects reloaded before import = 0Number of asset objects unloaded after import = 3

========================================================================
Received Import Request.
  Time since last request: 0.000026 seconds.
  path: Assets/Dungeon Crawler 2D Art Pack/Sprites/Monsters/Flying Monster/Back/Hit/Monster1Back-Hit_10.png
  artifactKey: Guid(c2e9d1f8d7919624dbaa3aca671bd8e6) Importer(2089858483,b0f066a214c2f5e87bad3c948f4d605d)
Start importing Assets/Dungeon Crawler 2D Art Pack/Sprites/Monsters/Flying Monster/Back/Hit/Monster1Back-Hit_10.png using Guid(c2e9d1f8d7919624dbaa3aca671bd8e6) Importer(2089858483,b0f066a214c2f5e87bad3c948f4d605d) (ScriptedImporter) -> (artifact id: '7db1c96c0639383c992f740ae5cb2e6e') in 0.023383 seconds
Number of updated asset objects reloaded before import = 0Number of asset objects unloaded after import = 3

========================================================================
Received Import Request.
  Time since last request: 0.000025 seconds.
  path: Assets/Dungeon Crawler 2D Art Pack/Sprites/Monsters/Flying Monster/Front/Attack/Monster2Right-Attack_9.png
  artifactKey: Guid(eb42532e7c3d44d4f9ec4dd3022cc44a) Importer(2089858483,b0f066a214c2f5e87bad3c948f4d605d)
Start importing Assets/Dungeon Crawler 2D Art Pack/Sprites/Monsters/Flying Monster/Front/Attack/Monster2Right-Attack_9.png using Guid(eb42532e7c3d44d4f9ec4dd3022cc44a) Importer(2089858483,b0f066a214c2f5e87bad3c948f4d605d) (ScriptedImporter) -> (artifact id: '0e99fd9cd7e75f7e27b9e09de9ff3a2e') in 0.021463 seconds
Number of updated asset objects reloaded before import = 0Number of asset objects unloaded after import = 3

========================================================================
Received Import Request.
  Time since last request: 0.000024 seconds.
  path: Assets/Dungeon Crawler 2D Art Pack/Sprites/Monsters/Flying Monster/Front/Attack/Monster2Right-Attack_13.png
  artifactKey: Guid(11f4cff87a0e3644a9c13305bd7a2237) Importer(2089858483,b0f066a214c2f5e87bad3c948f4d605d)
Start importing Assets/Dungeon Crawler 2D Art Pack/Sprites/Monsters/Flying Monster/Front/Attack/Monster2Right-Attack_13.png using Guid(11f4cff87a0e3644a9c13305bd7a2237) Importer(2089858483,b0f066a214c2f5e87bad3c948f4d605d) (ScriptedImporter) -> (artifact id: '57e38eb1fb04845e330c42467731d423') in 0.0261979 seconds
Number of updated asset objects reloaded before import = 0Number of asset objects unloaded after import = 3

========================================================================
Received Import Request.
  Time since last request: 0.000035 seconds.
  path: Assets/Dungeon Crawler 2D Art Pack/Sprites/Monsters/Flying Monster/Front/Death/Monster2Right-Death_1.png
  artifactKey: Guid(3ba85fde835e55c4dab8244279e897c3) Importer(2089858483,b0f066a214c2f5e87bad3c948f4d605d)
Start importing Assets/Dungeon Crawler 2D Art Pack/Sprites/Monsters/Flying Monster/Front/Death/Monster2Right-Death_1.png using Guid(3ba85fde835e55c4dab8244279e897c3) Importer(2089858483,b0f066a214c2f5e87bad3c948f4d605d) (ScriptedImporter) -> (artifact id: 'be428123ae9e66172f3cb1d1f642d0a8') in 0.0213185 seconds
Number of updated asset objects reloaded before import = 0Number of asset objects unloaded after import = 3

========================================================================
Received Import Request.
  Time since last request: 0.000025 seconds.
  path: Assets/Dungeon Crawler 2D Art Pack/Sprites/Monsters/Flying Monster/Front/Attack/Monster2Right-Attack_5.png
  artifactKey: Guid(fbc9e1cd1bf8493428b66358bab2f597) Importer(2089858483,b0f066a214c2f5e87bad3c948f4d605d)
Start importing Assets/Dungeon Crawler 2D Art Pack/Sprites/Monsters/Flying Monster/Front/Attack/Monster2Right-Attack_5.png using Guid(fbc9e1cd1bf8493428b66358bab2f597) Importer(2089858483,b0f066a214c2f5e87bad3c948f4d605d) (ScriptedImporter) -> (artifact id: 'edc4b55b1c5405f5e298ce596932239f') in 0.017995 seconds
Number of updated asset objects reloaded before import = 0Number of asset objects unloaded after import = 3

========================================================================
Received Import Request.
  Time since last request: 0.000024 seconds.
  path: Assets/Dungeon Crawler 2D Art Pack/Sprites/Monsters/Flying Monster/Front/Attack/Monster2Right-Attack_18.png
  artifactKey: Guid(a39174120634e2b4cbcab7cdace78b53) Importer(2089858483,b0f066a214c2f5e87bad3c948f4d605d)
Start importing Assets/Dungeon Crawler 2D Art Pack/Sprites/Monsters/Flying Monster/Front/Attack/Monster2Right-Attack_18.png using Guid(a39174120634e2b4cbcab7cdace78b53) Importer(2089858483,b0f066a214c2f5e87bad3c948f4d605d) (ScriptedImporter) -> (artifact id: '93345988fd80ec2ca5f03bf87c24b9e6') in 0.0192907 seconds
Number of updated asset objects reloaded before import = 0Number of asset objects unloaded after import = 3

========================================================================
Received Import Request.
  Time since last request: 0.000027 seconds.
  path: Assets/Dungeon Crawler 2D Art Pack/Sprites/Monsters/Flying Monster/Front/Attack/Monster2Right-Attack_11.png
  artifactKey: Guid(180f1ce80c61df24fac9057681b1ca7a) Importer(2089858483,b0f066a214c2f5e87bad3c948f4d605d)
Start importing Assets/Dungeon Crawler 2D Art Pack/Sprites/Monsters/Flying Monster/Front/Attack/Monster2Right-Attack_11.png using Guid(180f1ce80c61df24fac9057681b1ca7a) Importer(2089858483,b0f066a214c2f5e87bad3c948f4d605d) (ScriptedImporter) -> (artifact id: 'e7e1002e43755da1bdf3008e232e6cc7') in 0.0200007 seconds
Number of updated asset objects reloaded before import = 0Number of asset objects unloaded after import = 3

========================================================================
Received Import Request.
  Time since last request: 0.000045 seconds.
  path: Assets/Dungeon Crawler 2D Art Pack/Sprites/Monsters/Flying Monster/Front/Attack/Monster2Right-Attack_21.png
  artifactKey: Guid(b3ee1feabe778d84995e25e0d5c08bff) Importer(2089858483,b0f066a214c2f5e87bad3c948f4d605d)
Start importing Assets/Dungeon Crawler 2D Art Pack/Sprites/Monsters/Flying Monster/Front/Attack/Monster2Right-Attack_21.png using Guid(b3ee1feabe778d84995e25e0d5c08bff) Importer(2089858483,b0f066a214c2f5e87bad3c948f4d605d) (ScriptedImporter) -> (artifact id: 'bb0fd26a2f3f9fed2f63376db666b162') in 0.0199885 seconds
Number of updated asset objects reloaded before import = 0Number of asset objects unloaded after import = 3

========================================================================
Received Import Request.
  Time since last request: 0.000022 seconds.
  path: Assets/Dungeon Crawler 2D Art Pack/Sprites/Monsters/Flying Monster/Front/Attack/Monster2Right-Attack_24.png
  artifactKey: Guid(1e6fcdc271bbb9c4aba9b17b78649dab) Importer(2089858483,b0f066a214c2f5e87bad3c948f4d605d)
Start importing Assets/Dungeon Crawler 2D Art Pack/Sprites/Monsters/Flying Monster/Front/Attack/Monster2Right-Attack_24.png using Guid(1e6fcdc271bbb9c4aba9b17b78649dab) Importer(2089858483,b0f066a214c2f5e87bad3c948f4d605d) (ScriptedImporter) -> (artifact id: '5148016e5930f9d914743e5c4c4da1d6') in 0.0194699 seconds
Number of updated asset objects reloaded before import = 0Number of asset objects unloaded after import = 3

========================================================================
Received Import Request.
  Time since last request: 0.000021 seconds.
  path: Assets/Dungeon Crawler 2D Art Pack/Sprites/Monsters/Flying Monster/Front/Death/Monster2Right-Death_4.png
  artifactKey: Guid(ccdd5837eb9c9f9418cd85091523136f) Importer(2089858483,b0f066a214c2f5e87bad3c948f4d605d)
Start importing Assets/Dungeon Crawler 2D Art Pack/Sprites/Monsters/Flying Monster/Front/Death/Monster2Right-Death_4.png using Guid(ccdd5837eb9c9f9418cd85091523136f) Importer(2089858483,b0f066a214c2f5e87bad3c948f4d605d) (ScriptedImporter) -> (artifact id: '6004b023a8d37566994d5d5865dda9aa') in 0.0198971 seconds
Number of updated asset objects reloaded before import = 0Number of asset objects unloaded after import = 3

========================================================================
Received Import Request.
  Time since last request: 0.000024 seconds.
  path: Assets/Dungeon Crawler 2D Art Pack/Sprites/Monsters/Flying Monster/Front/Death/Monster2Right-Death_9.png
  artifactKey: Guid(99d1dcdbb0a1ded43a7e4b51090d8f34) Importer(2089858483,b0f066a214c2f5e87bad3c948f4d605d)
Start importing Assets/Dungeon Crawler 2D Art Pack/Sprites/Monsters/Flying Monster/Front/Death/Monster2Right-Death_9.png using Guid(99d1dcdbb0a1ded43a7e4b51090d8f34) Importer(2089858483,b0f066a214c2f5e87bad3c948f4d605d) (ScriptedImporter) -> (artifact id: '2f4eedbbaaa623d450a04b1f38d3bea6') in 0.0235776 seconds
Number of updated asset objects reloaded before import = 0Number of asset objects unloaded after import = 3

========================================================================
Received Import Request.
  Time since last request: 0.000037 seconds.
  path: Assets/Dungeon Crawler 2D Art Pack/Sprites/Monsters/Flying Monster/Front/Attack/Monster2Right-Attack_7.png
  artifactKey: Guid(bd11ec4a9c5573b40a2ccf7051f89915) Importer(2089858483,b0f066a214c2f5e87bad3c948f4d605d)
Start importing Assets/Dungeon Crawler 2D Art Pack/Sprites/Monsters/Flying Monster/Front/Attack/Monster2Right-Attack_7.png using Guid(bd11ec4a9c5573b40a2ccf7051f89915) Importer(2089858483,b0f066a214c2f5e87bad3c948f4d605d) (ScriptedImporter) -> (artifact id: '2229831a90e8fef256e5b33ef9ce8748') in 0.0201804 seconds
Number of updated asset objects reloaded before import = 0Number of asset objects unloaded after import = 3

========================================================================
Received Import Request.
  Time since last request: 0.000025 seconds.
  path: Assets/Dungeon Crawler 2D Art Pack/Sprites/Monsters/Flying Monster/Front/Death/Monster2Right-Death_12.png
  artifactKey: Guid(393da2eced154f44fb443a25d8e3f560) Importer(2089858483,b0f066a214c2f5e87bad3c948f4d605d)
Start importing Assets/Dungeon Crawler 2D Art Pack/Sprites/Monsters/Flying Monster/Front/Death/Monster2Right-Death_12.png using Guid(393da2eced154f44fb443a25d8e3f560) Importer(2089858483,b0f066a214c2f5e87bad3c948f4d605d) (ScriptedImporter) -> (artifact id: '1795b9230caa00447139a03ba753b508') in 0.0226918 seconds
Number of updated asset objects reloaded before import = 0Number of asset objects unloaded after import = 3

========================================================================
Received Import Request.
  Time since last request: 0.000025 seconds.
  path: Assets/Dungeon Crawler 2D Art Pack/Sprites/Monsters/Flying Monster/Front/Idle/Monster2Right-Idle_16.png
  artifactKey: Guid(c86c99640d494da428b14ff25d0b47cf) Importer(2089858483,b0f066a214c2f5e87bad3c948f4d605d)
Start importing Assets/Dungeon Crawler 2D Art Pack/Sprites/Monsters/Flying Monster/Front/Idle/Monster2Right-Idle_16.png using Guid(c86c99640d494da428b14ff25d0b47cf) Importer(2089858483,b0f066a214c2f5e87bad3c948f4d605d) (ScriptedImporter) -> (artifact id: '8b93e2af60baedf43aa41d3e566ed97b') in 0.0284137 seconds
Number of updated asset objects reloaded before import = 0Number of asset objects unloaded after import = 3

========================================================================
Received Import Request.
  Time since last request: 0.000027 seconds.
  path: Assets/Dungeon Crawler 2D Art Pack/Sprites/Monsters/Flying Monster/Front/Hit/Monster2Right-Hit_12.png
  artifactKey: Guid(cb17b06911ad1e144a1fadd8af06456c) Importer(2089858483,b0f066a214c2f5e87bad3c948f4d605d)
Start importing Assets/Dungeon Crawler 2D Art Pack/Sprites/Monsters/Flying Monster/Front/Hit/Monster2Right-Hit_12.png using Guid(cb17b06911ad1e144a1fadd8af06456c) Importer(2089858483,b0f066a214c2f5e87bad3c948f4d605d) (ScriptedImporter) -> (artifact id: '7b24a2cfed9748db88c3796166d2f9ce') in 0.019212 seconds
Number of updated asset objects reloaded before import = 0Number of asset objects unloaded after import = 3

========================================================================
Received Import Request.
  Time since last request: 0.000040 seconds.
  path: Assets/Dungeon Crawler 2D Art Pack/Sprites/Monsters/Flying Monster/Front/Run/Monster2Right-Fly_3.png
  artifactKey: Guid(ba4c2ff055892dc428b29fd84af11675) Importer(2089858483,b0f066a214c2f5e87bad3c948f4d605d)
Start importing Assets/Dungeon Crawler 2D Art Pack/Sprites/Monsters/Flying Monster/Front/Run/Monster2Right-Fly_3.png using Guid(ba4c2ff055892dc428b29fd84af11675) Importer(2089858483,b0f066a214c2f5e87bad3c948f4d605d) (ScriptedImporter) -> (artifact id: '30a6bb21558a2f6811bedd3ce904065d') in 0.0276445 seconds
Number of updated asset objects reloaded before import = 0Number of asset objects unloaded after import = 3

========================================================================
Received Import Request.
  Time since last request: 0.000025 seconds.
  path: Assets/Dungeon Crawler 2D Art Pack/Sprites/Monsters/Flying Monster/Front/Idle/Monster2Right-Idle_7.png
  artifactKey: Guid(7bacd666d8d12214583fb87d873deddf) Importer(2089858483,b0f066a214c2f5e87bad3c948f4d605d)
Start importing Assets/Dungeon Crawler 2D Art Pack/Sprites/Monsters/Flying Monster/Front/Idle/Monster2Right-Idle_7.png using Guid(7bacd666d8d12214583fb87d873deddf) Importer(2089858483,b0f066a214c2f5e87bad3c948f4d605d) (ScriptedImporter) -> (artifact id: '95d565108ff35206f32ef57f530b365a') in 0.0321005 seconds
Number of updated asset objects reloaded before import = 0Number of asset objects unloaded after import = 3

========================================================================
Received Import Request.
  Time since last request: 0.000026 seconds.
  path: Assets/Dungeon Crawler 2D Art Pack/Sprites/Monsters/Flying Monster/Front/Idle/Monster2Right-Idle_9.png
  artifactKey: Guid(92bac97ecc4b23242affbf96654b4451) Importer(2089858483,b0f066a214c2f5e87bad3c948f4d605d)
Start importing Assets/Dungeon Crawler 2D Art Pack/Sprites/Monsters/Flying Monster/Front/Idle/Monster2Right-Idle_9.png using Guid(92bac97ecc4b23242affbf96654b4451) Importer(2089858483,b0f066a214c2f5e87bad3c948f4d605d) (ScriptedImporter) -> (artifact id: '65c3e122e23dc7277dcef5c105ad679b') in 0.0340556 seconds
Number of updated asset objects reloaded before import = 0Number of asset objects unloaded after import = 3

========================================================================
Received Import Request.
  Time since last request: 0.000031 seconds.
  path: Assets/Dungeon Crawler 2D Art Pack/Sprites/Monsters/Flying Monster/Front/Idle/Monster2Right-Idle_4.png
  artifactKey: Guid(9e4908c929e701a4987c92136f9927bb) Importer(2089858483,b0f066a214c2f5e87bad3c948f4d605d)
Start importing Assets/Dungeon Crawler 2D Art Pack/Sprites/Monsters/Flying Monster/Front/Idle/Monster2Right-Idle_4.png using Guid(9e4908c929e701a4987c92136f9927bb) Importer(2089858483,b0f066a214c2f5e87bad3c948f4d605d) (ScriptedImporter) -> (artifact id: 'bdb2d201f886a0b7e41904125001bf45') in 0.0294632 seconds
Number of updated asset objects reloaded before import = 0Number of asset objects unloaded after import = 3

========================================================================
Received Import Request.
  Time since last request: 0.000043 seconds.
  path: Assets/Dungeon Crawler 2D Art Pack/Sprites/Monsters/Flying Monster/Front/Idle/Monster2Right-Idle_11.png
  artifactKey: Guid(696ddba7a70e4cb4a8c4ec259ad6686d) Importer(2089858483,b0f066a214c2f5e87bad3c948f4d605d)
Start importing Assets/Dungeon Crawler 2D Art Pack/Sprites/Monsters/Flying Monster/Front/Idle/Monster2Right-Idle_11.png using Guid(696ddba7a70e4cb4a8c4ec259ad6686d) Importer(2089858483,b0f066a214c2f5e87bad3c948f4d605d) (ScriptedImporter) -> (artifact id: '5c1a2efbd5d1e5e563d7b7a09fc1e535') in 0.0265964 seconds
Number of updated asset objects reloaded before import = 0Number of asset objects unloaded after import = 3

========================================================================
Received Import Request.
  Time since last request: 0.000023 seconds.
  path: Assets/Dungeon Crawler 2D Art Pack/Sprites/Monsters/Flying Monster/Front/Hit/Monster2Right-Hit_7.png
  artifactKey: Guid(71e323f6a2eda874a9b7dd31785f8067) Importer(2089858483,b0f066a214c2f5e87bad3c948f4d605d)
Start importing Assets/Dungeon Crawler 2D Art Pack/Sprites/Monsters/Flying Monster/Front/Hit/Monster2Right-Hit_7.png using Guid(71e323f6a2eda874a9b7dd31785f8067) Importer(2089858483,b0f066a214c2f5e87bad3c948f4d605d) (ScriptedImporter) -> (artifact id: 'b8fdd1dbb91ce0dfe060f4a37aefba23') in 0.023528 seconds
Number of updated asset objects reloaded before import = 0Number of asset objects unloaded after import = 3

========================================================================
Received Import Request.
  Time since last request: 0.000019 seconds.
  path: Assets/Dungeon Crawler 2D Art Pack/Sprites/Monsters/Flying Monster/Front/Idle/Monster2Right-Idle_5.png
  artifactKey: Guid(a868ed2418609c7429c6bdb7acfb334e) Importer(2089858483,b0f066a214c2f5e87bad3c948f4d605d)
Start importing Assets/Dungeon Crawler 2D Art Pack/Sprites/Monsters/Flying Monster/Front/Idle/Monster2Right-Idle_5.png using Guid(a868ed2418609c7429c6bdb7acfb334e) Importer(2089858483,b0f066a214c2f5e87bad3c948f4d605d) (ScriptedImporter) -> (artifact id: '9fb4eed882c7220a030ee6fd50ea05b1') in 0.0204464 seconds
Number of updated asset objects reloaded before import = 0Number of asset objects unloaded after import = 3

========================================================================
Received Import Request.
  Time since last request: 0.000034 seconds.
  path: Assets/Dungeon Crawler 2D Art Pack/Sprites/Monsters/Flying Monster/Front/Idle/Monster2Right-Idle_22.png
  artifactKey: Guid(472aa1810d0823d47a54371a74297194) Importer(2089858483,b0f066a214c2f5e87bad3c948f4d605d)
Start importing Assets/Dungeon Crawler 2D Art Pack/Sprites/Monsters/Flying Monster/Front/Idle/Monster2Right-Idle_22.png using Guid(472aa1810d0823d47a54371a74297194) Importer(2089858483,b0f066a214c2f5e87bad3c948f4d605d) (ScriptedImporter) -> (artifact id: '267e4f091441dfa2dd68dda7491a7c9a') in 0.0168582 seconds
Number of updated asset objects reloaded before import = 0Number of asset objects unloaded after import = 3

========================================================================
Received Import Request.
  Time since last request: 0.000041 seconds.
  path: Assets/Dungeon Crawler 2D Art Pack/Sprites/Monsters/Flying Monster/Front/Run/Monster2Right-Fly_1.png
  artifactKey: Guid(2ba98237f3724b648b7e721a0d12c495) Importer(2089858483,b0f066a214c2f5e87bad3c948f4d605d)
Start importing Assets/Dungeon Crawler 2D Art Pack/Sprites/Monsters/Flying Monster/Front/Run/Monster2Right-Fly_1.png using Guid(2ba98237f3724b648b7e721a0d12c495) Importer(2089858483,b0f066a214c2f5e87bad3c948f4d605d) (ScriptedImporter) -> (artifact id: '918fb1d0251c11996e965342ae95fcd2') in 0.0220956 seconds
Number of updated asset objects reloaded before import = 0Number of asset objects unloaded after import = 3

========================================================================
Received Import Request.
  Time since last request: 0.000026 seconds.
  path: Assets/Dungeon Crawler 2D Art Pack/Sprites/Monsters/Flying Monster/Left/Attack/Monster2Left-Attack_12.png
  artifactKey: Guid(5a7386092c6c1484a8da9ba8c36b19e8) Importer(2089858483,b0f066a214c2f5e87bad3c948f4d605d)
Start importing Assets/Dungeon Crawler 2D Art Pack/Sprites/Monsters/Flying Monster/Left/Attack/Monster2Left-Attack_12.png using Guid(5a7386092c6c1484a8da9ba8c36b19e8) Importer(2089858483,b0f066a214c2f5e87bad3c948f4d605d) (ScriptedImporter) -> (artifact id: '53a560735bf4ffdc0644290569c0a88c') in 0.0221741 seconds
Number of updated asset objects reloaded before import = 0Number of asset objects unloaded after import = 3

========================================================================
Received Import Request.
  Time since last request: 0.000029 seconds.
  path: Assets/Dungeon Crawler 2D Art Pack/Sprites/Monsters/Flying Monster/Front/Run/Monster2Right-Fly_6.png
  artifactKey: Guid(5d96a550f07bd5c4f9814c2d877a9377) Importer(2089858483,b0f066a214c2f5e87bad3c948f4d605d)
Start importing Assets/Dungeon Crawler 2D Art Pack/Sprites/Monsters/Flying Monster/Front/Run/Monster2Right-Fly_6.png using Guid(5d96a550f07bd5c4f9814c2d877a9377) Importer(2089858483,b0f066a214c2f5e87bad3c948f4d605d) (ScriptedImporter) -> (artifact id: 'b4f30326c3b0efecc85d2a38c088e46d') in 0.023276 seconds
Number of updated asset objects reloaded before import = 0Number of asset objects unloaded after import = 3

========================================================================
Received Import Request.
  Time since last request: 0.000031 seconds.
  path: Assets/Dungeon Crawler 2D Art Pack/Sprites/Monsters/Flying Monster/Left/Attack/Monster2Left-Attack_6.png
  artifactKey: Guid(dbcc4bc5deb4cb645850da5fb877fc92) Importer(2089858483,b0f066a214c2f5e87bad3c948f4d605d)
Start importing Assets/Dungeon Crawler 2D Art Pack/Sprites/Monsters/Flying Monster/Left/Attack/Monster2Left-Attack_6.png using Guid(dbcc4bc5deb4cb645850da5fb877fc92) Importer(2089858483,b0f066a214c2f5e87bad3c948f4d605d) (ScriptedImporter) -> (artifact id: 'e89d960a77e6447d7131b9c6ecbecd95') in 0.0217272 seconds
Number of updated asset objects reloaded before import = 0Number of asset objects unloaded after import = 3

========================================================================
Received Import Request.
  Time since last request: 0.000053 seconds.
  path: Assets/Dungeon Crawler 2D Art Pack/Sprites/Monsters/Flying Monster/Front/Run/Monster2Right-Fly_7.png
  artifactKey: Guid(c07b3141cc46d0e40bc7c824a34f713f) Importer(2089858483,b0f066a214c2f5e87bad3c948f4d605d)
Start importing Assets/Dungeon Crawler 2D Art Pack/Sprites/Monsters/Flying Monster/Front/Run/Monster2Right-Fly_7.png using Guid(c07b3141cc46d0e40bc7c824a34f713f) Importer(2089858483,b0f066a214c2f5e87bad3c948f4d605d) (ScriptedImporter) -> (artifact id: '974a835e152f38ef42057e58a3b48bd0') in 0.0208584 seconds
Number of updated asset objects reloaded before import = 0Number of asset objects unloaded after import = 3

========================================================================
Received Import Request.
  Time since last request: 0.000023 seconds.
  path: Assets/Dungeon Crawler 2D Art Pack/Sprites/Monsters/Flying Monster/Left/Death/Monster2Left-Death_18.png
  artifactKey: Guid(f88eee45046821b46b9d033d35c9f316) Importer(2089858483,b0f066a214c2f5e87bad3c948f4d605d)
Start importing Assets/Dungeon Crawler 2D Art Pack/Sprites/Monsters/Flying Monster/Left/Death/Monster2Left-Death_18.png using Guid(f88eee45046821b46b9d033d35c9f316) Importer(2089858483,b0f066a214c2f5e87bad3c948f4d605d) (ScriptedImporter) -> (artifact id: '5e87f57a2e3924733aeab08e00ea0888') in 0.0207366 seconds
Number of updated asset objects reloaded before import = 0Number of asset objects unloaded after import = 3

========================================================================
Received Import Request.
  Time since last request: 0.000028 seconds.
  path: Assets/Dungeon Crawler 2D Art Pack/Sprites/Monsters/Flying Monster/Left/Death/Monster2Left-Death_15.png
  artifactKey: Guid(442783d524f01a14c873f3f5d2404a35) Importer(2089858483,b0f066a214c2f5e87bad3c948f4d605d)
Start importing Assets/Dungeon Crawler 2D Art Pack/Sprites/Monsters/Flying Monster/Left/Death/Monster2Left-Death_15.png using Guid(442783d524f01a14c873f3f5d2404a35) Importer(2089858483,b0f066a214c2f5e87bad3c948f4d605d) (ScriptedImporter) -> (artifact id: 'f940d5d8929c72d2b9b32bd9711ddf0a') in 0.02297 seconds
Number of updated asset objects reloaded before import = 0Number of asset objects unloaded after import = 3

========================================================================
Received Import Request.
  Time since last request: 0.000027 seconds.
  path: Assets/Dungeon Crawler 2D Art Pack/Sprites/Monsters/Flying Monster/Left/Attack/Monster2Left-Attack_13.png
  artifactKey: Guid(5d9ed4c5b2b62144f954668869d45475) Importer(2089858483,b0f066a214c2f5e87bad3c948f4d605d)
Start importing Assets/Dungeon Crawler 2D Art Pack/Sprites/Monsters/Flying Monster/Left/Attack/Monster2Left-Attack_13.png using Guid(5d9ed4c5b2b62144f954668869d45475) Importer(2089858483,b0f066a214c2f5e87bad3c948f4d605d) (ScriptedImporter) -> (artifact id: '79b4594f6ebcd87009f39dc5e54794e2') in 0.0191499 seconds
Number of updated asset objects reloaded before import = 0Number of asset objects unloaded after import = 3

========================================================================
Received Import Request.
  Time since last request: 0.000041 seconds.
  path: Assets/Dungeon Crawler 2D Art Pack/Sprites/Monsters/Flying Monster/Left/Attack/Monster2Left-Attack_11.png
  artifactKey: Guid(439aed227b8a32d4687f4b3c95a48fa8) Importer(2089858483,b0f066a214c2f5e87bad3c948f4d605d)
Start importing Assets/Dungeon Crawler 2D Art Pack/Sprites/Monsters/Flying Monster/Left/Attack/Monster2Left-Attack_11.png using Guid(439aed227b8a32d4687f4b3c95a48fa8) Importer(2089858483,b0f066a214c2f5e87bad3c948f4d605d) (ScriptedImporter) -> (artifact id: '353a5e38fc9d608adf342e22f9600ae8') in 0.0214935 seconds
Number of updated asset objects reloaded before import = 0Number of asset objects unloaded after import = 3

========================================================================
Received Import Request.
  Time since last request: 0.000020 seconds.
  path: Assets/Dungeon Crawler 2D Art Pack/Sprites/Monsters/Flying Monster/Left/Attack/Monster2Left-Attack_17.png
  artifactKey: Guid(b22cb71282fdff44da854f670f52b99f) Importer(2089858483,b0f066a214c2f5e87bad3c948f4d605d)
Start importing Assets/Dungeon Crawler 2D Art Pack/Sprites/Monsters/Flying Monster/Left/Attack/Monster2Left-Attack_17.png using Guid(b22cb71282fdff44da854f670f52b99f) Importer(2089858483,b0f066a214c2f5e87bad3c948f4d605d) (ScriptedImporter) -> (artifact id: '7d9ede2758153d0edf766fe91d6b15dc') in 0.0218018 seconds
Number of updated asset objects reloaded before import = 0Number of asset objects unloaded after import = 3

========================================================================
Received Import Request.
  Time since last request: 0.000023 seconds.
  path: Assets/Dungeon Crawler 2D Art Pack/Sprites/Monsters/Flying Monster/Left/Death/Monster2Left-Death_14.png
  artifactKey: Guid(7c348b09de0d8cb4e840578fbc8a25ac) Importer(2089858483,b0f066a214c2f5e87bad3c948f4d605d)
Start importing Assets/Dungeon Crawler 2D Art Pack/Sprites/Monsters/Flying Monster/Left/Death/Monster2Left-Death_14.png using Guid(7c348b09de0d8cb4e840578fbc8a25ac) Importer(2089858483,b0f066a214c2f5e87bad3c948f4d605d) (ScriptedImporter) -> (artifact id: '3d3c829611f11ac1f74ffbd171157d16') in 0.0242605 seconds
Number of updated asset objects reloaded before import = 0Number of asset objects unloaded after import = 3

========================================================================
Received Import Request.
  Time since last request: 0.000024 seconds.
  path: Assets/Dungeon Crawler 2D Art Pack/Sprites/Monsters/Flying Monster/Left/Attack/Monster2Left-Attack_10.png
  artifactKey: Guid(4ede5626f7bbb524c9cbb6a17c2a8996) Importer(2089858483,b0f066a214c2f5e87bad3c948f4d605d)
Start importing Assets/Dungeon Crawler 2D Art Pack/Sprites/Monsters/Flying Monster/Left/Attack/Monster2Left-Attack_10.png using Guid(4ede5626f7bbb524c9cbb6a17c2a8996) Importer(2089858483,b0f066a214c2f5e87bad3c948f4d605d) (ScriptedImporter) -> (artifact id: 'fe4f82995c0ac8d142abce2b0ce7b187') in 0.0193771 seconds
Number of updated asset objects reloaded before import = 0Number of asset objects unloaded after import = 3

========================================================================
Received Import Request.
  Time since last request: 0.000030 seconds.
  path: Assets/Dungeon Crawler 2D Art Pack/Sprites/Monsters/Flying Monster/Left/Idle/Monster2Left-Idle_1.png
  artifactKey: Guid(b3397b6410ee47747b19e822bdcc1a73) Importer(2089858483,b0f066a214c2f5e87bad3c948f4d605d)
Start importing Assets/Dungeon Crawler 2D Art Pack/Sprites/Monsters/Flying Monster/Left/Idle/Monster2Left-Idle_1.png using Guid(b3397b6410ee47747b19e822bdcc1a73) Importer(2089858483,b0f066a214c2f5e87bad3c948f4d605d) (ScriptedImporter) -> (artifact id: '4374eb0e06c897b1742d58f5d853df3b') in 0.0205981 seconds
Number of updated asset objects reloaded before import = 0Number of asset objects unloaded after import = 3

========================================================================
Received Import Request.
  Time since last request: 0.000025 seconds.
  path: Assets/Dungeon Crawler 2D Art Pack/Sprites/Monsters/Flying Monster/Left/Idle/Monster2Left-Idle_22.png
  artifactKey: Guid(d39d09de85c8de54d9ca82c23b90b1c9) Importer(2089858483,b0f066a214c2f5e87bad3c948f4d605d)
Start importing Assets/Dungeon Crawler 2D Art Pack/Sprites/Monsters/Flying Monster/Left/Idle/Monster2Left-Idle_22.png using Guid(d39d09de85c8de54d9ca82c23b90b1c9) Importer(2089858483,b0f066a214c2f5e87bad3c948f4d605d) (ScriptedImporter) -> (artifact id: '60b7582cef7761fbccbd43e680352820') in 0.0213389 seconds
Number of updated asset objects reloaded before import = 0Number of asset objects unloaded after import = 3

========================================================================
Received Import Request.
  Time since last request: 0.000020 seconds.
  path: Assets/Dungeon Crawler 2D Art Pack/Sprites/Monsters/Flying Monster/Left/Hit/Monster2Left-Hit_4.png
  artifactKey: Guid(ebea64627045f95428cb86f7fc4d66d7) Importer(2089858483,b0f066a214c2f5e87bad3c948f4d605d)
Start importing Assets/Dungeon Crawler 2D Art Pack/Sprites/Monsters/Flying Monster/Left/Hit/Monster2Left-Hit_4.png using Guid(ebea64627045f95428cb86f7fc4d66d7) Importer(2089858483,b0f066a214c2f5e87bad3c948f4d605d) (ScriptedImporter) -> (artifact id: '077b469efeb87e029a752c65410ec669') in 0.023336 seconds
Number of updated asset objects reloaded before import = 0Number of asset objects unloaded after import = 3

========================================================================
Received Import Request.
  Time since last request: 0.000029 seconds.
  path: Assets/Dungeon Crawler 2D Art Pack/Sprites/Monsters/Flying Monster/Left/Idle/Monster2Left-Idle_15.png
  artifactKey: Guid(c590f0e162965d24c840e9ad6c3ae1ce) Importer(2089858483,b0f066a214c2f5e87bad3c948f4d605d)
Start importing Assets/Dungeon Crawler 2D Art Pack/Sprites/Monsters/Flying Monster/Left/Idle/Monster2Left-Idle_15.png using Guid(c590f0e162965d24c840e9ad6c3ae1ce) Importer(2089858483,b0f066a214c2f5e87bad3c948f4d605d) (ScriptedImporter) -> (artifact id: 'd002706341a1f4599085d0cfcf04e84a') in 0.0216808 seconds
Number of updated asset objects reloaded before import = 0Number of asset objects unloaded after import = 3

========================================================================
Received Import Request.
  Time since last request: 0.000039 seconds.
  path: Assets/Dungeon Crawler 2D Art Pack/Sprites/Monsters/Flying Monster/Left/Hit/Monster2Left-Hit_11.png
  artifactKey: Guid(35620bd5ec17a1443972c72c4581dc56) Importer(2089858483,b0f066a214c2f5e87bad3c948f4d605d)
Start importing Assets/Dungeon Crawler 2D Art Pack/Sprites/Monsters/Flying Monster/Left/Hit/Monster2Left-Hit_11.png using Guid(35620bd5ec17a1443972c72c4581dc56) Importer(2089858483,b0f066a214c2f5e87bad3c948f4d605d) (ScriptedImporter) -> (artifact id: '8df8a1ad9760da884359c4e2401ca22f') in 0.022084 seconds
Number of updated asset objects reloaded before import = 0Number of asset objects unloaded after import = 3

========================================================================
Received Import Request.
  Time since last request: 0.000025 seconds.
  path: Assets/Dungeon Crawler 2D Art Pack/Sprites/Monsters/Flying Monster/Left/Death/Monster2Left-Death_6.png
  artifactKey: Guid(3b9d30a460ea31a42be4e88cd98e7a3e) Importer(2089858483,b0f066a214c2f5e87bad3c948f4d605d)
Start importing Assets/Dungeon Crawler 2D Art Pack/Sprites/Monsters/Flying Monster/Left/Death/Monster2Left-Death_6.png using Guid(3b9d30a460ea31a42be4e88cd98e7a3e) Importer(2089858483,b0f066a214c2f5e87bad3c948f4d605d) (ScriptedImporter) -> (artifact id: '413fa4fd4f4f21ea917a3c2be6e28f58') in 0.0209564 seconds
Number of updated asset objects reloaded before import = 0Number of asset objects unloaded after import = 3

========================================================================
Received Import Request.
  Time since last request: 0.000020 seconds.
  path: Assets/Dungeon Crawler 2D Art Pack/Sprites/Monsters/Flying Monster/Left/Idle/Monster2Left-Idle_20.png
  artifactKey: Guid(9160ab734042f6e449125085d674175f) Importer(2089858483,b0f066a214c2f5e87bad3c948f4d605d)
Start importing Assets/Dungeon Crawler 2D Art Pack/Sprites/Monsters/Flying Monster/Left/Idle/Monster2Left-Idle_20.png using Guid(9160ab734042f6e449125085d674175f) Importer(2089858483,b0f066a214c2f5e87bad3c948f4d605d) (ScriptedImporter) -> (artifact id: '702f210ad2e521509e670780a33ba5d2') in 0.0183631 seconds
Number of updated asset objects reloaded before import = 0Number of asset objects unloaded after import = 3

========================================================================
Received Import Request.
  Time since last request: 0.000022 seconds.
  path: Assets/Dungeon Crawler 2D Art Pack/Sprites/Monsters/Flying Monster/Left/Idle/Monster2Left-Idle_18.png
  artifactKey: Guid(3d6ce60aa8f0d134e8145d0037ca2646) Importer(2089858483,b0f066a214c2f5e87bad3c948f4d605d)
Start importing Assets/Dungeon Crawler 2D Art Pack/Sprites/Monsters/Flying Monster/Left/Idle/Monster2Left-Idle_18.png using Guid(3d6ce60aa8f0d134e8145d0037ca2646) Importer(2089858483,b0f066a214c2f5e87bad3c948f4d605d) (ScriptedImporter) -> (artifact id: '3ceb1f7afab1d732bf47e0866bb7be6d') in 0.0190217 seconds
Number of updated asset objects reloaded before import = 0Number of asset objects unloaded after import = 3

========================================================================
Received Import Request.
  Time since last request: 0.000032 seconds.
  path: Assets/Dungeon Crawler 2D Art Pack/Sprites/Monsters/Flying Monster/Left/Hit/Monster2Left-Hit_0.png
  artifactKey: Guid(e9023169004002344b07024c5417b7a9) Importer(2089858483,b0f066a214c2f5e87bad3c948f4d605d)
Start importing Assets/Dungeon Crawler 2D Art Pack/Sprites/Monsters/Flying Monster/Left/Hit/Monster2Left-Hit_0.png using Guid(e9023169004002344b07024c5417b7a9) Importer(2089858483,b0f066a214c2f5e87bad3c948f4d605d) (ScriptedImporter) -> (artifact id: 'be05abc96e754116bab1410985de2652') in 0.0190137 seconds
Number of updated asset objects reloaded before import = 0Number of asset objects unloaded after import = 3

========================================================================
Received Import Request.
  Time since last request: 0.000030 seconds.
  path: Assets/Dungeon Crawler 2D Art Pack/Sprites/Monsters/Flying Monster/Left/Idle/Monster2Left-Idle_16.png
  artifactKey: Guid(ac012a35a189fd04e819defb62b04648) Importer(2089858483,b0f066a214c2f5e87bad3c948f4d605d)
Start importing Assets/Dungeon Crawler 2D Art Pack/Sprites/Monsters/Flying Monster/Left/Idle/Monster2Left-Idle_16.png using Guid(ac012a35a189fd04e819defb62b04648) Importer(2089858483,b0f066a214c2f5e87bad3c948f4d605d) (ScriptedImporter) -> (artifact id: '2afffd1e1f8b47fb26787321a082aba3') in 0.0217017 seconds
Number of updated asset objects reloaded before import = 0Number of asset objects unloaded after import = 3

========================================================================
Received Import Request.
  Time since last request: 0.000024 seconds.
  path: Assets/Dungeon Crawler 2D Art Pack/Sprites/Monsters/Flying Monster/Left/Idle/Monster2Left-Idle_13.png
  artifactKey: Guid(739a1497dda4bc046bb2b21a1642fe96) Importer(2089858483,b0f066a214c2f5e87bad3c948f4d605d)
Start importing Assets/Dungeon Crawler 2D Art Pack/Sprites/Monsters/Flying Monster/Left/Idle/Monster2Left-Idle_13.png using Guid(739a1497dda4bc046bb2b21a1642fe96) Importer(2089858483,b0f066a214c2f5e87bad3c948f4d605d) (ScriptedImporter) -> (artifact id: '3a6a5ca152750ab39c9aef0c80cdefdf') in 0.0202342 seconds
Number of updated asset objects reloaded before import = 0Number of asset objects unloaded after import = 3

========================================================================
Received Import Request.
  Time since last request: 0.000028 seconds.
  path: Assets/Spine2D Knight Character Animation Pack/Exports/Frame by frame/run_shield/clown_export-run_shield_1.png
  artifactKey: Guid(21261351643eaab41b4a87031486b84b) Importer(2089858483,b0f066a214c2f5e87bad3c948f4d605d)
Start importing Assets/Spine2D Knight Character Animation Pack/Exports/Frame by frame/run_shield/clown_export-run_shield_1.png using Guid(21261351643eaab41b4a87031486b84b) Importer(2089858483,b0f066a214c2f5e87bad3c948f4d605d) (ScriptedImporter) -> (artifact id: '9c310061024cb7d75b2bc0b16f2a909b') in 0.0271533 seconds
Number of updated asset objects reloaded before import = 0Number of asset objects unloaded after import = 3

========================================================================
Received Import Request.
  Time since last request: 0.000034 seconds.
  path: Assets/Dungeon Crawler 2D Art Pack/Sprites/Monsters/Boss/BossBack/Attack/Monster3Back-Attack_7.png
  artifactKey: Guid(4fcedec98d9ac984391c9026ad03b1e2) Importer(2089858483,b0f066a214c2f5e87bad3c948f4d605d)
Start importing Assets/Dungeon Crawler 2D Art Pack/Sprites/Monsters/Boss/BossBack/Attack/Monster3Back-Attack_7.png using Guid(4fcedec98d9ac984391c9026ad03b1e2) Importer(2089858483,b0f066a214c2f5e87bad3c948f4d605d) (ScriptedImporter) -> (artifact id: 'c3def6475116dc4851bd348bbb0711da') in 0.0207171 seconds
Number of updated asset objects reloaded before import = 0Number of asset objects unloaded after import = 3

========================================================================
Received Import Request.
  Time since last request: 0.000019 seconds.
  path: Assets/Dungeon Crawler 2D Art Pack/Sprites/Monsters/Green Monster/M1_Back/Attack/Monster1Back-Attack_22.png
  artifactKey: Guid(03958f1a5d7e94e46b3d80bf5f447821) Importer(2089858483,b0f066a214c2f5e87bad3c948f4d605d)
Start importing Assets/Dungeon Crawler 2D Art Pack/Sprites/Monsters/Green Monster/M1_Back/Attack/Monster1Back-Attack_22.png using Guid(03958f1a5d7e94e46b3d80bf5f447821) Importer(2089858483,b0f066a214c2f5e87bad3c948f4d605d) (ScriptedImporter) -> (artifact id: 'f1c95e62bc2e360f98af6c1d2a7e6ce3') in 0.017943 seconds
Number of updated asset objects reloaded before import = 0Number of asset objects unloaded after import = 3

========================================================================
Received Import Request.
  Time since last request: 0.000024 seconds.
  path: Assets/Dungeon Crawler 2D Art Pack/Sprites/Monsters/Flying Monster/Left/Run/Monster2Left-Fly_3.png
  artifactKey: Guid(c65005b7d2654a945bfd6214c10c57d9) Importer(2089858483,b0f066a214c2f5e87bad3c948f4d605d)
Start importing Assets/Dungeon Crawler 2D Art Pack/Sprites/Monsters/Flying Monster/Left/Run/Monster2Left-Fly_3.png using Guid(c65005b7d2654a945bfd6214c10c57d9) Importer(2089858483,b0f066a214c2f5e87bad3c948f4d605d) (ScriptedImporter) -> (artifact id: '6f1e64186da7ad9c576fed76aeacffd6') in 0.0180637 seconds
Number of updated asset objects reloaded before import = 0Number of asset objects unloaded after import = 3

========================================================================
Received Import Request.
  Time since last request: 0.000029 seconds.
  path: Assets/Dungeon Crawler 2D Art Pack/Sprites/Monsters/Green Monster/M1_Back/Attack/Monster1Back-Attack_25.png
  artifactKey: Guid(0f73b2e94f35da6409d123691cf7428f) Importer(2089858483,b0f066a214c2f5e87bad3c948f4d605d)
Start importing Assets/Dungeon Crawler 2D Art Pack/Sprites/Monsters/Green Monster/M1_Back/Attack/Monster1Back-Attack_25.png using Guid(0f73b2e94f35da6409d123691cf7428f) Importer(2089858483,b0f066a214c2f5e87bad3c948f4d605d) (ScriptedImporter) -> (artifact id: 'a97cea4a4c3089e06546370796017a44') in 0.0185784 seconds
Number of updated asset objects reloaded before import = 0Number of asset objects unloaded after import = 3

========================================================================
Received Import Request.
  Time since last request: 0.000039 seconds.
  path: Assets/Dungeon Crawler 2D Art Pack/Sprites/Monsters/Flying Monster/Left/Run/Monster2Left-Fly_8.png
  artifactKey: Guid(8a90626f458d0bf4cb62693e0d5f1482) Importer(2089858483,b0f066a214c2f5e87bad3c948f4d605d)
Start importing Assets/Dungeon Crawler 2D Art Pack/Sprites/Monsters/Flying Monster/Left/Run/Monster2Left-Fly_8.png using Guid(8a90626f458d0bf4cb62693e0d5f1482) Importer(2089858483,b0f066a214c2f5e87bad3c948f4d605d) (ScriptedImporter) -> (artifact id: 'a96408c861e5746e83fe2740669fd795') in 0.0188164 seconds
Number of updated asset objects reloaded before import = 0Number of asset objects unloaded after import = 3

========================================================================
Received Import Request.
  Time since last request: 0.000023 seconds.
  path: Assets/Dungeon Crawler 2D Art Pack/Sprites/Monsters/Flying Monster/Left/Run/Monster2Left-Fly_2.png
  artifactKey: Guid(fc16b0f2249cc96409f7ad2bf1a1b0b4) Importer(2089858483,b0f066a214c2f5e87bad3c948f4d605d)
Start importing Assets/Dungeon Crawler 2D Art Pack/Sprites/Monsters/Flying Monster/Left/Run/Monster2Left-Fly_2.png using Guid(fc16b0f2249cc96409f7ad2bf1a1b0b4) Importer(2089858483,b0f066a214c2f5e87bad3c948f4d605d) (ScriptedImporter) -> (artifact id: '92ad08b7759666ea0dbde9a5e8b4c85c') in 0.021711 seconds
Number of updated asset objects reloaded before import = 0Number of asset objects unloaded after import = 3

========================================================================
Received Import Request.
  Time since last request: 0.000024 seconds.
  path: Assets/Dungeon Crawler 2D Art Pack/Sprites/Monsters/Flying Monster/Left/Idle/Monster2Left-Idle_8.png
  artifactKey: Guid(afdb5c2c467f5a949ac31649dfc85fc1) Importer(2089858483,b0f066a214c2f5e87bad3c948f4d605d)
Start importing Assets/Dungeon Crawler 2D Art Pack/Sprites/Monsters/Flying Monster/Left/Idle/Monster2Left-Idle_8.png using Guid(afdb5c2c467f5a949ac31649dfc85fc1) Importer(2089858483,b0f066a214c2f5e87bad3c948f4d605d) (ScriptedImporter) -> (artifact id: '6885977960461959c1b0629f21a6e053') in 0.0188335 seconds
Number of updated asset objects reloaded before import = 0Number of asset objects unloaded after import = 3

========================================================================
Received Import Request.
  Time since last request: 0.000025 seconds.
  path: Assets/Dungeon Crawler 2D Art Pack/Sprites/Monsters/Green Monster/M1_Back/Attack/Monster1Back-Attack_13.png
  artifactKey: Guid(c72e8efdbe74c6045ae3d1f6201034e3) Importer(2089858483,b0f066a214c2f5e87bad3c948f4d605d)
Start importing Assets/Dungeon Crawler 2D Art Pack/Sprites/Monsters/Green Monster/M1_Back/Attack/Monster1Back-Attack_13.png using Guid(c72e8efdbe74c6045ae3d1f6201034e3) Importer(2089858483,b0f066a214c2f5e87bad3c948f4d605d) (ScriptedImporter) -> (artifact id: '45dc99d9bb0aa65f5557b6eb9b0285e7') in 0.0184259 seconds
Number of updated asset objects reloaded before import = 0Number of asset objects unloaded after import = 3

========================================================================
Received Import Request.
  Time since last request: 0.000030 seconds.
  path: Assets/Dungeon Crawler 2D Art Pack/Sprites/Monsters/Flying Monster/Left/Attack/Monster2Left-Attack_15.png
  artifactKey: Guid(f3759934e67091d4399c209b94903557) Importer(2089858483,b0f066a214c2f5e87bad3c948f4d605d)
Start importing Assets/Dungeon Crawler 2D Art Pack/Sprites/Monsters/Flying Monster/Left/Attack/Monster2Left-Attack_15.png using Guid(f3759934e67091d4399c209b94903557) Importer(2089858483,b0f066a214c2f5e87bad3c948f4d605d) (ScriptedImporter) -> (artifact id: 'ec33a965fe07f4b6a92767b48cb9fbdf') in 0.0228888 seconds
Number of updated asset objects reloaded before import = 0Number of asset objects unloaded after import = 3

========================================================================
Received Import Request.
  Time since last request: 0.000024 seconds.
  path: Assets/Dungeon Crawler 2D Art Pack/Sprites/Monsters/Green Monster/M1_Back/Hit/Monster1Back-Hit_11.png
  artifactKey: Guid(46dd6ecbe050c0a4aa1a21e80af71a64) Importer(2089858483,b0f066a214c2f5e87bad3c948f4d605d)
Start importing Assets/Dungeon Crawler 2D Art Pack/Sprites/Monsters/Green Monster/M1_Back/Hit/Monster1Back-Hit_11.png using Guid(46dd6ecbe050c0a4aa1a21e80af71a64) Importer(2089858483,b0f066a214c2f5e87bad3c948f4d605d) (ScriptedImporter) -> (artifact id: '3b12e16b107d455ad27a36ca11c32119') in 0.0201299 seconds
Number of updated asset objects reloaded before import = 0Number of asset objects unloaded after import = 3

========================================================================
Received Import Request.
  Time since last request: 0.000022 seconds.
  path: Assets/Dungeon Crawler 2D Art Pack/Sprites/Monsters/Green Monster/M1_Back/Attack/Monster1Back-Attack_7.png
  artifactKey: Guid(bdc938c82308e6f44ab9a0c9dee781e5) Importer(2089858483,b0f066a214c2f5e87bad3c948f4d605d)
Start importing Assets/Dungeon Crawler 2D Art Pack/Sprites/Monsters/Green Monster/M1_Back/Attack/Monster1Back-Attack_7.png using Guid(bdc938c82308e6f44ab9a0c9dee781e5) Importer(2089858483,b0f066a214c2f5e87bad3c948f4d605d) (ScriptedImporter) -> (artifact id: 'e1de3adc64e615bc2ff0f78c7f96ff86') in 0.0171284 seconds
Number of updated asset objects reloaded before import = 0Number of asset objects unloaded after import = 3

========================================================================
Received Import Request.
  Time since last request: 0.000024 seconds.
  path: Assets/Dungeon Crawler 2D Art Pack/Sprites/Monsters/Green Monster/M1_Back/Hit/Monster1Back-Hit_12.png
  artifactKey: Guid(914f9a4dcf4109c4aad7a334d7259bf6) Importer(2089858483,b0f066a214c2f5e87bad3c948f4d605d)
Start importing Assets/Dungeon Crawler 2D Art Pack/Sprites/Monsters/Green Monster/M1_Back/Hit/Monster1Back-Hit_12.png using Guid(914f9a4dcf4109c4aad7a334d7259bf6) Importer(2089858483,b0f066a214c2f5e87bad3c948f4d605d) (ScriptedImporter) -> (artifact id: '3c7f1ba5a40112c68ce7681963c9bb18') in 0.0189126 seconds
Number of updated asset objects reloaded before import = 0Number of asset objects unloaded after import = 3

========================================================================
Received Import Request.
  Time since last request: 0.000037 seconds.
  path: Assets/Dungeon Crawler 2D Art Pack/Sprites/Monsters/Green Monster/M1_Back/Idle/Monster1Back-Idle_15.png
  artifactKey: Guid(a921d8d823029cf40a30ac5bb97c159c) Importer(2089858483,b0f066a214c2f5e87bad3c948f4d605d)
Start importing Assets/Dungeon Crawler 2D Art Pack/Sprites/Monsters/Green Monster/M1_Back/Idle/Monster1Back-Idle_15.png using Guid(a921d8d823029cf40a30ac5bb97c159c) Importer(2089858483,b0f066a214c2f5e87bad3c948f4d605d) (ScriptedImporter) -> (artifact id: '6976d714c7bd3fc9cae6ab1a5b1bd949') in 0.0245788 seconds
Number of updated asset objects reloaded before import = 0Number of asset objects unloaded after import = 3

========================================================================
Received Import Request.
  Time since last request: 0.000021 seconds.
  path: Assets/Dungeon Crawler 2D Art Pack/Sprites/Monsters/Green Monster/M1_Back/Death/Monster1Back-Death_1.png
  artifactKey: Guid(01b069bca586492479d9f3d2aeca8189) Importer(2089858483,b0f066a214c2f5e87bad3c948f4d605d)
Start importing Assets/Dungeon Crawler 2D Art Pack/Sprites/Monsters/Green Monster/M1_Back/Death/Monster1Back-Death_1.png using Guid(01b069bca586492479d9f3d2aeca8189) Importer(2089858483,b0f066a214c2f5e87bad3c948f4d605d) (ScriptedImporter) -> (artifact id: '9c8147caf6927b39f8971b1eb52fbe79') in 0.0230197 seconds
Number of updated asset objects reloaded before import = 0Number of asset objects unloaded after import = 3

========================================================================
Received Import Request.
  Time since last request: 0.000016 seconds.
  path: Assets/Dungeon Crawler 2D Art Pack/Sprites/Monsters/Green Monster/M1_Back/Death/Monster1Back-Death_4.png
  artifactKey: Guid(519aaba3fb59fd64089603a8235251ff) Importer(2089858483,b0f066a214c2f5e87bad3c948f4d605d)
Start importing Assets/Dungeon Crawler 2D Art Pack/Sprites/Monsters/Green Monster/M1_Back/Death/Monster1Back-Death_4.png using Guid(519aaba3fb59fd64089603a8235251ff) Importer(2089858483,b0f066a214c2f5e87bad3c948f4d605d) (ScriptedImporter) -> (artifact id: 'a65972823ae0bca84c08361042498e4c') in 0.0168058 seconds
Number of updated asset objects reloaded before import = 0Number of asset objects unloaded after import = 3

========================================================================
Received Import Request.
  Time since last request: 0.000023 seconds.
  path: Assets/Dungeon Crawler 2D Art Pack/Sprites/Monsters/Green Monster/M1_Back/Attack/Monster1Back-Attack_6.png
  artifactKey: Guid(7bfc1edaa499423419987fe2a1272566) Importer(2089858483,b0f066a214c2f5e87bad3c948f4d605d)
Start importing Assets/Dungeon Crawler 2D Art Pack/Sprites/Monsters/Green Monster/M1_Back/Attack/Monster1Back-Attack_6.png using Guid(7bfc1edaa499423419987fe2a1272566) Importer(2089858483,b0f066a214c2f5e87bad3c948f4d605d) (ScriptedImporter) -> (artifact id: 'e5be6ad70f94dda4133530499363506a') in 0.0183619 seconds
Number of updated asset objects reloaded before import = 0Number of asset objects unloaded after import = 3

========================================================================
Received Import Request.
  Time since last request: 0.000032 seconds.
  path: Assets/Dungeon Crawler 2D Art Pack/Sprites/Monsters/Green Monster/M1_Back/Hit/Monster1Back-Hit_0.png
  artifactKey: Guid(5575fe99ee9ec4e49aba14a7c0728f00) Importer(2089858483,b0f066a214c2f5e87bad3c948f4d605d)
Start importing Assets/Dungeon Crawler 2D Art Pack/Sprites/Monsters/Green Monster/M1_Back/Hit/Monster1Back-Hit_0.png using Guid(5575fe99ee9ec4e49aba14a7c0728f00) Importer(2089858483,b0f066a214c2f5e87bad3c948f4d605d) (ScriptedImporter) -> (artifact id: '8c1a37528b352c15a583f6f95305157e') in 0.0186188 seconds
Number of updated asset objects reloaded before import = 0Number of asset objects unloaded after import = 3

========================================================================
Received Import Request.
  Time since last request: 0.000017 seconds.
  path: Assets/Dungeon Crawler 2D Art Pack/Sprites/Monsters/Green Monster/M1_Back/Death/Monster1Back-Death_5.png
  artifactKey: Guid(be7496fe8de16224bae22ce7f90e7f66) Importer(2089858483,b0f066a214c2f5e87bad3c948f4d605d)
Start importing Assets/Dungeon Crawler 2D Art Pack/Sprites/Monsters/Green Monster/M1_Back/Death/Monster1Back-Death_5.png using Guid(be7496fe8de16224bae22ce7f90e7f66) Importer(2089858483,b0f066a214c2f5e87bad3c948f4d605d) (ScriptedImporter) -> (artifact id: '5bb1ac62eec3c14a28b5bca66b920341') in 0.0180006 seconds
Number of updated asset objects reloaded before import = 0Number of asset objects unloaded after import = 3

========================================================================
Received Import Request.
  Time since last request: 0.000018 seconds.
  path: Assets/Dungeon Crawler 2D Art Pack/Sprites/Monsters/Green Monster/M1_Back/Idle/Monster1Back-Idle_10.png
  artifactKey: Guid(aa58809ffa9c68149a625382b35c35c8) Importer(2089858483,b0f066a214c2f5e87bad3c948f4d605d)
Start importing Assets/Dungeon Crawler 2D Art Pack/Sprites/Monsters/Green Monster/M1_Back/Idle/Monster1Back-Idle_10.png using Guid(aa58809ffa9c68149a625382b35c35c8) Importer(2089858483,b0f066a214c2f5e87bad3c948f4d605d) (ScriptedImporter) -> (artifact id: 'a5436d0e55b6f6921c3cd7e6e3f4b73d') in 0.0174211 seconds
Number of updated asset objects reloaded before import = 0Number of asset objects unloaded after import = 3

========================================================================
Received Import Request.
  Time since last request: 0.000023 seconds.
  path: Assets/Dungeon Crawler 2D Art Pack/Sprites/Monsters/Flying Monster/Front/Idle/Monster2Right-Idle_20.png
  artifactKey: Guid(9617c33cf0f51894c866d77fc6cb4d67) Importer(2089858483,b0f066a214c2f5e87bad3c948f4d605d)
Start importing Assets/Dungeon Crawler 2D Art Pack/Sprites/Monsters/Flying Monster/Front/Idle/Monster2Right-Idle_20.png using Guid(9617c33cf0f51894c866d77fc6cb4d67) Importer(2089858483,b0f066a214c2f5e87bad3c948f4d605d) (ScriptedImporter) -> (artifact id: '598a621df440e5e972e4f71331972757') in 0.023341 seconds
Number of updated asset objects reloaded before import = 0Number of asset objects unloaded after import = 3

========================================================================
Received Import Request.
  Time since last request: 0.000028 seconds.
  path: Assets/Dungeon Crawler 2D Art Pack/Sprites/Monsters/Green Monster/M1_Back/Idle/Monster1Back-Idle_35.png
  artifactKey: Guid(1689f2c57bc1e6041b7f1c6234e8b49a) Importer(2089858483,b0f066a214c2f5e87bad3c948f4d605d)
Start importing Assets/Dungeon Crawler 2D Art Pack/Sprites/Monsters/Green Monster/M1_Back/Idle/Monster1Back-Idle_35.png using Guid(1689f2c57bc1e6041b7f1c6234e8b49a) Importer(2089858483,b0f066a214c2f5e87bad3c948f4d605d) (ScriptedImporter) -> (artifact id: 'ba686eb45b366a60b2f2849902ab1b01') in 0.0166171 seconds
Number of updated asset objects reloaded before import = 0Number of asset objects unloaded after import = 3

========================================================================
Received Import Request.
  Time since last request: 0.000020 seconds.
  path: Assets/Dungeon Crawler 2D Art Pack/Sprites/Monsters/Green Monster/M1_Back/Idle/Monster1Back-Idle_33.png
  artifactKey: Guid(10dfc362f7f1aaa4e8163412652374bd) Importer(2089858483,b0f066a214c2f5e87bad3c948f4d605d)
Start importing Assets/Dungeon Crawler 2D Art Pack/Sprites/Monsters/Green Monster/M1_Back/Idle/Monster1Back-Idle_33.png using Guid(10dfc362f7f1aaa4e8163412652374bd) Importer(2089858483,b0f066a214c2f5e87bad3c948f4d605d) (ScriptedImporter) -> (artifact id: '841c8fdcf513e673da9275cf40f2949a') in 0.0205538 seconds
Number of updated asset objects reloaded before import = 0Number of asset objects unloaded after import = 3

========================================================================
Received Import Request.
  Time since last request: 0.000021 seconds.
  path: Assets/Dungeon Crawler 2D Art Pack/Sprites/Monsters/Green Monster/M1_Back/Run/Monster1Back-Walk_16.png
  artifactKey: Guid(c09862365f58f2c439794d331a54dfc1) Importer(2089858483,b0f066a214c2f5e87bad3c948f4d605d)
Start importing Assets/Dungeon Crawler 2D Art Pack/Sprites/Monsters/Green Monster/M1_Back/Run/Monster1Back-Walk_16.png using Guid(c09862365f58f2c439794d331a54dfc1) Importer(2089858483,b0f066a214c2f5e87bad3c948f4d605d) (ScriptedImporter) -> (artifact id: '8785c46e29d6225364e7f54af369d72a') in 0.0176872 seconds
Number of updated asset objects reloaded before import = 0Number of asset objects unloaded after import = 3

========================================================================
Received Import Request.
  Time since last request: 0.000027 seconds.
  path: Assets/Dungeon Crawler 2D Art Pack/Sprites/Monsters/Green Monster/M1_Back/Run/Monster1Back-Walk_10.png
  artifactKey: Guid(581866adf5661f640b4a9cf0ac5a37d7) Importer(2089858483,b0f066a214c2f5e87bad3c948f4d605d)
Start importing Assets/Dungeon Crawler 2D Art Pack/Sprites/Monsters/Green Monster/M1_Back/Run/Monster1Back-Walk_10.png using Guid(581866adf5661f640b4a9cf0ac5a37d7) Importer(2089858483,b0f066a214c2f5e87bad3c948f4d605d) (ScriptedImporter) -> (artifact id: '39748830e488ca3ef067f347cb6f2d4f') in 0.0183404 seconds
Number of updated asset objects reloaded before import = 0Number of asset objects unloaded after import = 3

========================================================================
Received Import Request.
  Time since last request: 0.000037 seconds.
  path: Assets/Dungeon Crawler 2D Art Pack/Sprites/Monsters/Green Monster/M1_Back/Idle/Monster1Back-Idle_19.png
  artifactKey: Guid(fb63ba8fc3bc9344c9e3401b153d83c6) Importer(2089858483,b0f066a214c2f5e87bad3c948f4d605d)
Start importing Assets/Dungeon Crawler 2D Art Pack/Sprites/Monsters/Green Monster/M1_Back/Idle/Monster1Back-Idle_19.png using Guid(fb63ba8fc3bc9344c9e3401b153d83c6) Importer(2089858483,b0f066a214c2f5e87bad3c948f4d605d) (ScriptedImporter) -> (artifact id: '183fc81509bca6904238e7af7f12c2d3') in 0.0174839 seconds
Number of updated asset objects reloaded before import = 0Number of asset objects unloaded after import = 3

========================================================================
Received Import Request.
  Time since last request: 0.000019 seconds.
  path: Assets/Dungeon Crawler 2D Art Pack/Sprites/Monsters/Green Monster/M1_Back/Idle/Monster1Back-Idle_16.png
  artifactKey: Guid(a2438a8e98984d84fa777485f87f7439) Importer(2089858483,b0f066a214c2f5e87bad3c948f4d605d)
Start importing Assets/Dungeon Crawler 2D Art Pack/Sprites/Monsters/Green Monster/M1_Back/Idle/Monster1Back-Idle_16.png using Guid(a2438a8e98984d84fa777485f87f7439) Importer(2089858483,b0f066a214c2f5e87bad3c948f4d605d) (ScriptedImporter) -> (artifact id: '251de0e28387d096444f535e390c0660') in 0.0221735 seconds
Number of updated asset objects reloaded before import = 0Number of asset objects unloaded after import = 3

========================================================================
Received Import Request.
  Time since last request: 0.000018 seconds.
  path: Assets/Dungeon Crawler 2D Art Pack/Sprites/Monsters/Green Monster/M1_Back/Run/Monster1Back-Walk_17.png
  artifactKey: Guid(ba06eb79cf2b70b499804bc5eab000ed) Importer(2089858483,b0f066a214c2f5e87bad3c948f4d605d)
Start importing Assets/Dungeon Crawler 2D Art Pack/Sprites/Monsters/Green Monster/M1_Back/Run/Monster1Back-Walk_17.png using Guid(ba06eb79cf2b70b499804bc5eab000ed) Importer(2089858483,b0f066a214c2f5e87bad3c948f4d605d) (ScriptedImporter) -> (artifact id: 'e9de90ce55215b3cf903847e28f62906') in 0.0240727 seconds
Number of updated asset objects reloaded before import = 0Number of asset objects unloaded after import = 3

========================================================================
Received Import Request.
  Time since last request: 0.000023 seconds.
  path: Assets/Dungeon Crawler 2D Art Pack/Sprites/Monsters/Green Monster/M1_Back/Idle/Monster1Back-Idle_25.png
  artifactKey: Guid(80cd2cadabe85ad4f995eab99abea0db) Importer(2089858483,b0f066a214c2f5e87bad3c948f4d605d)
Start importing Assets/Dungeon Crawler 2D Art Pack/Sprites/Monsters/Green Monster/M1_Back/Idle/Monster1Back-Idle_25.png using Guid(80cd2cadabe85ad4f995eab99abea0db) Importer(2089858483,b0f066a214c2f5e87bad3c948f4d605d) (ScriptedImporter) -> (artifact id: 'f89a33b878678086ff11add35478d319') in 0.0191535 seconds
Number of updated asset objects reloaded before import = 0Number of asset objects unloaded after import = 3

========================================================================
Received Import Request.
  Time since last request: 0.000027 seconds.
  path: Assets/Dungeon Crawler 2D Art Pack/Sprites/Monsters/Green Monster/M1_Back/Idle/Monster1Back-Idle_7.png
  artifactKey: Guid(f38307d94fee23b42b12c2d517b35e0c) Importer(2089858483,b0f066a214c2f5e87bad3c948f4d605d)
Start importing Assets/Dungeon Crawler 2D Art Pack/Sprites/Monsters/Green Monster/M1_Back/Idle/Monster1Back-Idle_7.png using Guid(f38307d94fee23b42b12c2d517b35e0c) Importer(2089858483,b0f066a214c2f5e87bad3c948f4d605d) (ScriptedImporter) -> (artifact id: '0022b666f93acf14454722168d94c27a') in 0.0197216 seconds
Number of updated asset objects reloaded before import = 0Number of asset objects unloaded after import = 3

========================================================================
Received Import Request.
  Time since last request: 0.000020 seconds.
  path: Assets/Dungeon Crawler 2D Art Pack/Sprites/Monsters/Green Monster/M1_Front/Attack/Monster1Front-Attack_10.png
  artifactKey: Guid(81d2bd88ed2ad0647a76544f9c8ec363) Importer(2089858483,b0f066a214c2f5e87bad3c948f4d605d)
Start importing Assets/Dungeon Crawler 2D Art Pack/Sprites/Monsters/Green Monster/M1_Front/Attack/Monster1Front-Attack_10.png using Guid(81d2bd88ed2ad0647a76544f9c8ec363) Importer(2089858483,b0f066a214c2f5e87bad3c948f4d605d) (ScriptedImporter) -> (artifact id: '99b8f2f3432c9b2db624df3959fd0942') in 0.0170115 seconds
Number of updated asset objects reloaded before import = 0Number of asset objects unloaded after import = 3

========================================================================
Received Import Request.
  Time since last request: 0.000019 seconds.
  path: Assets/Dungeon Crawler 2D Art Pack/Sprites/Monsters/Green Monster/M1_Front/Attack/Monster1Front-Attack_21.png
  artifactKey: Guid(98b6bb9afb4ae09459177f18c96388e5) Importer(2089858483,b0f066a214c2f5e87bad3c948f4d605d)
Start importing Assets/Dungeon Crawler 2D Art Pack/Sprites/Monsters/Green Monster/M1_Front/Attack/Monster1Front-Attack_21.png using Guid(98b6bb9afb4ae09459177f18c96388e5) Importer(2089858483,b0f066a214c2f5e87bad3c948f4d605d) (ScriptedImporter) -> (artifact id: 'f6a7ad12e10efdda405a271071754c64') in 0.019668 seconds
Number of updated asset objects reloaded before import = 0Number of asset objects unloaded after import = 3

========================================================================
Received Import Request.
  Time since last request: 0.000023 seconds.
  path: Assets/Dungeon Crawler 2D Art Pack/Sprites/Monsters/Green Monster/M1_Front/Attack/Monster1Front-Attack_20.png
  artifactKey: Guid(2125508d7dc4749479476beaf3bf949e) Importer(2089858483,b0f066a214c2f5e87bad3c948f4d605d)
Start importing Assets/Dungeon Crawler 2D Art Pack/Sprites/Monsters/Green Monster/M1_Front/Attack/Monster1Front-Attack_20.png using Guid(2125508d7dc4749479476beaf3bf949e) Importer(2089858483,b0f066a214c2f5e87bad3c948f4d605d) (ScriptedImporter) -> (artifact id: 'bf7aa8a907d25d7f82145d73dba2facf') in 0.0238129 seconds
Number of updated asset objects reloaded before import = 0Number of asset objects unloaded after import = 3

========================================================================
Received Import Request.
  Time since last request: 0.000031 seconds.
  path: Assets/Dungeon Crawler 2D Art Pack/Sprites/Monsters/Green Monster/M1_Front/Attack/Monster1Front-Attack_11.png
  artifactKey: Guid(fe79fd229b659d341be9b3a67a105e23) Importer(2089858483,b0f066a214c2f5e87bad3c948f4d605d)
Start importing Assets/Dungeon Crawler 2D Art Pack/Sprites/Monsters/Green Monster/M1_Front/Attack/Monster1Front-Attack_11.png using Guid(fe79fd229b659d341be9b3a67a105e23) Importer(2089858483,b0f066a214c2f5e87bad3c948f4d605d) (ScriptedImporter) -> (artifact id: 'ec9e964b4744c72a6a5222576c558f1d') in 0.0178176 seconds
Number of updated asset objects reloaded before import = 0Number of asset objects unloaded after import = 3

========================================================================
Received Import Request.
  Time since last request: 0.000024 seconds.
  path: Assets/Dungeon Crawler 2D Art Pack/Sprites/Monsters/Green Monster/M1_Back/Run/Monster1Back-Walk_3.png
  artifactKey: Guid(61be4023d01de89458e1ce49e372fbf8) Importer(2089858483,b0f066a214c2f5e87bad3c948f4d605d)
Start importing Assets/Dungeon Crawler 2D Art Pack/Sprites/Monsters/Green Monster/M1_Back/Run/Monster1Back-Walk_3.png using Guid(61be4023d01de89458e1ce49e372fbf8) Importer(2089858483,b0f066a214c2f5e87bad3c948f4d605d) (ScriptedImporter) -> (artifact id: 'f0cc6a36297512878e957d617bf5fed9') in 0.0189191 seconds
Number of updated asset objects reloaded before import = 0Number of asset objects unloaded after import = 3

========================================================================
Received Import Request.
  Time since last request: 0.000020 seconds.
  path: Assets/Dungeon Crawler 2D Art Pack/Sprites/Monsters/Green Monster/M1_Back/Run/Monster1Back-Walk_28.png
  artifactKey: Guid(818c684c537ca2d488124319a0e8e85e) Importer(2089858483,b0f066a214c2f5e87bad3c948f4d605d)
Start importing Assets/Dungeon Crawler 2D Art Pack/Sprites/Monsters/Green Monster/M1_Back/Run/Monster1Back-Walk_28.png using Guid(818c684c537ca2d488124319a0e8e85e) Importer(2089858483,b0f066a214c2f5e87bad3c948f4d605d) (ScriptedImporter) -> (artifact id: '709824cede798c11a1d91202f279b912') in 0.019789 seconds
Number of updated asset objects reloaded before import = 0Number of asset objects unloaded after import = 3

========================================================================
Received Import Request.
  Time since last request: 0.000026 seconds.
  path: Assets/Dungeon Crawler 2D Art Pack/Sprites/Monsters/Green Monster/M1_Front/Attack/Monster1Front-Attack_23.png
  artifactKey: Guid(10c7050e666afde4792ae292e86f1c28) Importer(2089858483,b0f066a214c2f5e87bad3c948f4d605d)
Start importing Assets/Dungeon Crawler 2D Art Pack/Sprites/Monsters/Green Monster/M1_Front/Attack/Monster1Front-Attack_23.png using Guid(10c7050e666afde4792ae292e86f1c28) Importer(2089858483,b0f066a214c2f5e87bad3c948f4d605d) (ScriptedImporter) -> (artifact id: 'aaff4d4b48af8595047d97731997024e') in 0.0205718 seconds
Number of updated asset objects reloaded before import = 0Number of asset objects unloaded after import = 3

========================================================================
Received Import Request.
  Time since last request: 0.000026 seconds.
  path: Assets/Dungeon Crawler 2D Art Pack/Sprites/Monsters/Green Monster/M1_Back/Run/Monster1Back-Walk_9.png
  artifactKey: Guid(85750814e83770f4bb8c24d940774d44) Importer(2089858483,b0f066a214c2f5e87bad3c948f4d605d)
Start importing Assets/Dungeon Crawler 2D Art Pack/Sprites/Monsters/Green Monster/M1_Back/Run/Monster1Back-Walk_9.png using Guid(85750814e83770f4bb8c24d940774d44) Importer(2089858483,b0f066a214c2f5e87bad3c948f4d605d) (ScriptedImporter) -> (artifact id: '0c658104c2c22e711c29b5b6a8d86493') in 0.0157782 seconds
Number of updated asset objects reloaded before import = 0Number of asset objects unloaded after import = 3

========================================================================
Received Import Request.
  Time since last request: 0.000020 seconds.
  path: Assets/Dungeon Crawler 2D Art Pack/Sprites/Monsters/Green Monster/M1_Back/Run/Monster1Back-Walk_24.png
  artifactKey: Guid(a3d9f4250b2928a4291d2d6f6ee0962d) Importer(2089858483,b0f066a214c2f5e87bad3c948f4d605d)
Start importing Assets/Dungeon Crawler 2D Art Pack/Sprites/Monsters/Green Monster/M1_Back/Run/Monster1Back-Walk_24.png using Guid(a3d9f4250b2928a4291d2d6f6ee0962d) Importer(2089858483,b0f066a214c2f5e87bad3c948f4d605d) (ScriptedImporter) -> (artifact id: '539d0a07dce007ccd3b06bf4a7a45295') in 0.0175456 seconds
Number of updated asset objects reloaded before import = 0Number of asset objects unloaded after import = 3

========================================================================
Received Import Request.
  Time since last request: 0.000017 seconds.
  path: Assets/Dungeon Crawler 2D Art Pack/Sprites/Monsters/Green Monster/M1_Front/Attack/Monster1Front-Attack_13.png
  artifactKey: Guid(c357fce26658db14a963b05a82da0b7d) Importer(2089858483,b0f066a214c2f5e87bad3c948f4d605d)
Start importing Assets/Dungeon Crawler 2D Art Pack/Sprites/Monsters/Green Monster/M1_Front/Attack/Monster1Front-Attack_13.png using Guid(c357fce26658db14a963b05a82da0b7d) Importer(2089858483,b0f066a214c2f5e87bad3c948f4d605d) (ScriptedImporter) -> (artifact id: '2c966577ec417125ef957e05ffc78fc1') in 0.0203367 seconds
Number of updated asset objects reloaded before import = 0Number of asset objects unloaded after import = 3

========================================================================
Received Import Request.
  Time since last request: 0.000024 seconds.
  path: Assets/Dungeon Crawler 2D Art Pack/Sprites/Monsters/Green Monster/M1_Front/Hit/Monster1Front-Hit_4.png
  artifactKey: Guid(2c2febf1fcd3be040a41e0bc3c7a5f9a) Importer(2089858483,b0f066a214c2f5e87bad3c948f4d605d)
Start importing Assets/Dungeon Crawler 2D Art Pack/Sprites/Monsters/Green Monster/M1_Front/Hit/Monster1Front-Hit_4.png using Guid(2c2febf1fcd3be040a41e0bc3c7a5f9a) Importer(2089858483,b0f066a214c2f5e87bad3c948f4d605d) (ScriptedImporter) -> (artifact id: '5d3de03c572f9bb5d369164c78ec158e') in 0.0215195 seconds
Number of updated asset objects reloaded before import = 0Number of asset objects unloaded after import = 3

========================================================================
Received Import Request.
  Time since last request: 0.000033 seconds.
  path: Assets/Dungeon Crawler 2D Art Pack/Sprites/Monsters/Green Monster/M1_Front/Death/Monster1Front-Death_5.png
  artifactKey: Guid(efb8f46b3e21a054d8ef9e491bdc3583) Importer(2089858483,b0f066a214c2f5e87bad3c948f4d605d)
Start importing Assets/Dungeon Crawler 2D Art Pack/Sprites/Monsters/Green Monster/M1_Front/Death/Monster1Front-Death_5.png using Guid(efb8f46b3e21a054d8ef9e491bdc3583) Importer(2089858483,b0f066a214c2f5e87bad3c948f4d605d) (ScriptedImporter) -> (artifact id: 'a7510865e9b5aaf0b0ca9f06052d9d88') in 0.0177768 seconds
Number of updated asset objects reloaded before import = 0Number of asset objects unloaded after import = 3

========================================================================
Received Import Request.
  Time since last request: 0.000019 seconds.
  path: Assets/Dungeon Crawler 2D Art Pack/Sprites/Monsters/Green Monster/M1_Front/Death/Monster1Front-Death_1.png
  artifactKey: Guid(1f2c9115b6b81694c843e92bf19f138e) Importer(2089858483,b0f066a214c2f5e87bad3c948f4d605d)
Start importing Assets/Dungeon Crawler 2D Art Pack/Sprites/Monsters/Green Monster/M1_Front/Death/Monster1Front-Death_1.png using Guid(1f2c9115b6b81694c843e92bf19f138e) Importer(2089858483,b0f066a214c2f5e87bad3c948f4d605d) (ScriptedImporter) -> (artifact id: '75ccd900128670aea0bca7d20c9835c1') in 0.0177036 seconds
Number of updated asset objects reloaded before import = 0Number of asset objects unloaded after import = 3

========================================================================
Received Import Request.
  Time since last request: 0.000024 seconds.
  path: Assets/Dungeon Crawler 2D Art Pack/Sprites/Monsters/Green Monster/M1_Front/Hit/Monster1Front-Hit_12.png
  artifactKey: Guid(2b3742a87b240b44ebfb894fd7e82e8a) Importer(2089858483,b0f066a214c2f5e87bad3c948f4d605d)
Start importing Assets/Dungeon Crawler 2D Art Pack/Sprites/Monsters/Green Monster/M1_Front/Hit/Monster1Front-Hit_12.png using Guid(2b3742a87b240b44ebfb894fd7e82e8a) Importer(2089858483,b0f066a214c2f5e87bad3c948f4d605d) (ScriptedImporter) -> (artifact id: '03abc381cde08b0d60fd1d814d9770bd') in 0.0172455 seconds
Number of updated asset objects reloaded before import = 0Number of asset objects unloaded after import = 3

========================================================================
Received Import Request.
  Time since last request: 0.000021 seconds.
  path: Assets/Dungeon Crawler 2D Art Pack/Sprites/Monsters/Green Monster/M1_Front/Death/Monster1Front-Death_3.png
  artifactKey: Guid(3615f1b362d4b5745ab8c7f433bab991) Importer(2089858483,b0f066a214c2f5e87bad3c948f4d605d)
Start importing Assets/Dungeon Crawler 2D Art Pack/Sprites/Monsters/Green Monster/M1_Front/Death/Monster1Front-Death_3.png using Guid(3615f1b362d4b5745ab8c7f433bab991) Importer(2089858483,b0f066a214c2f5e87bad3c948f4d605d) (ScriptedImporter) -> (artifact id: 'f909eac0d2ec8f1172d74ce5b101c154') in 0.0179269 seconds
Number of updated asset objects reloaded before import = 0Number of asset objects unloaded after import = 3

========================================================================
Received Import Request.
  Time since last request: 0.000030 seconds.
  path: Assets/Dungeon Crawler 2D Art Pack/Sprites/Monsters/Green Monster/M1_Front/Death/Monster1Front-Death_4.png
  artifactKey: Guid(c952b3accc5603146a7a062d2809f66b) Importer(2089858483,b0f066a214c2f5e87bad3c948f4d605d)
Start importing Assets/Dungeon Crawler 2D Art Pack/Sprites/Monsters/Green Monster/M1_Front/Death/Monster1Front-Death_4.png using Guid(c952b3accc5603146a7a062d2809f66b) Importer(2089858483,b0f066a214c2f5e87bad3c948f4d605d) (ScriptedImporter) -> (artifact id: '2abc38afd922a625bd23de97d2f25edd') in 0.0196258 seconds
Number of updated asset objects reloaded before import = 0Number of asset objects unloaded after import = 3

========================================================================
Received Import Request.
  Time since last request: 0.000017 seconds.
  path: Assets/Dungeon Crawler 2D Art Pack/Sprites/Monsters/Green Monster/M1_Front/Hit/Monster1Front-Hit_0.png
  artifactKey: Guid(a1d330a3ce4cf0f4fa3685c33bd22ce2) Importer(2089858483,b0f066a214c2f5e87bad3c948f4d605d)
Start importing Assets/Dungeon Crawler 2D Art Pack/Sprites/Monsters/Green Monster/M1_Front/Hit/Monster1Front-Hit_0.png using Guid(a1d330a3ce4cf0f4fa3685c33bd22ce2) Importer(2089858483,b0f066a214c2f5e87bad3c948f4d605d) (ScriptedImporter) -> (artifact id: '566e548cb1f962213ae603a8b063bf53') in 0.0165368 seconds
Number of updated asset objects reloaded before import = 0Number of asset objects unloaded after import = 3

========================================================================
Received Import Request.
  Time since last request: 0.000017 seconds.
  path: Assets/Dungeon Crawler 2D Art Pack/Sprites/Monsters/Green Monster/M1_Front/Hit/Monster1Front-Hit_2.png
  artifactKey: Guid(c6e5e9895ab374341a812d4ff8281dd8) Importer(2089858483,b0f066a214c2f5e87bad3c948f4d605d)
Start importing Assets/Dungeon Crawler 2D Art Pack/Sprites/Monsters/Green Monster/M1_Front/Hit/Monster1Front-Hit_2.png using Guid(c6e5e9895ab374341a812d4ff8281dd8) Importer(2089858483,b0f066a214c2f5e87bad3c948f4d605d) (ScriptedImporter) -> (artifact id: 'cfcb073c9c54745ff73f2de28c963e87') in 0.019798 seconds
Number of updated asset objects reloaded before import = 0Number of asset objects unloaded after import = 3

========================================================================
Received Import Request.
  Time since last request: 0.000022 seconds.
  path: Assets/Dungeon Crawler 2D Art Pack/Sprites/Monsters/Green Monster/M1_Front/Hit/Monster1Front-Hit_11.png
  artifactKey: Guid(ef4a40d68d886904c8f7c9f1ebe5ecfc) Importer(2089858483,b0f066a214c2f5e87bad3c948f4d605d)
Start importing Assets/Dungeon Crawler 2D Art Pack/Sprites/Monsters/Green Monster/M1_Front/Hit/Monster1Front-Hit_11.png using Guid(ef4a40d68d886904c8f7c9f1ebe5ecfc) Importer(2089858483,b0f066a214c2f5e87bad3c948f4d605d) (ScriptedImporter) -> (artifact id: 'ba7e0e469d532cc3c6ae00aadc6b407b') in 0.0164059 seconds
Number of updated asset objects reloaded before import = 0Number of asset objects unloaded after import = 3

========================================================================
Received Import Request.
  Time since last request: 0.000031 seconds.
  path: Assets/Dungeon Crawler 2D Art Pack/Sprites/Monsters/Green Monster/M1_Front/Idle/Monster1Front-Idle_32.png
  artifactKey: Guid(c851299690c71bb4297d09fdede16a71) Importer(2089858483,b0f066a214c2f5e87bad3c948f4d605d)
Start importing Assets/Dungeon Crawler 2D Art Pack/Sprites/Monsters/Green Monster/M1_Front/Idle/Monster1Front-Idle_32.png using Guid(c851299690c71bb4297d09fdede16a71) Importer(2089858483,b0f066a214c2f5e87bad3c948f4d605d) (ScriptedImporter) -> (artifact id: '328cf26d4d8230cb033b12445a4c0b6e') in 0.0172068 seconds
Number of updated asset objects reloaded before import = 0Number of asset objects unloaded after import = 3

========================================================================
Received Import Request.
  Time since last request: 0.000021 seconds.
  path: Assets/Dungeon Crawler 2D Art Pack/Sprites/Monsters/Green Monster/M1_Front/Idle/Monster1Front-Idle_40.png
  artifactKey: Guid(60c88fd45b7409f4ba0069802e311007) Importer(2089858483,b0f066a214c2f5e87bad3c948f4d605d)
Start importing Assets/Dungeon Crawler 2D Art Pack/Sprites/Monsters/Green Monster/M1_Front/Idle/Monster1Front-Idle_40.png using Guid(60c88fd45b7409f4ba0069802e311007) Importer(2089858483,b0f066a214c2f5e87bad3c948f4d605d) (ScriptedImporter) -> (artifact id: '23124284af0354274956d5afa608882e') in 0.0190264 seconds
Number of updated asset objects reloaded before import = 0Number of asset objects unloaded after import = 3

========================================================================
Received Import Request.
  Time since last request: 0.000019 seconds.
  path: Assets/Dungeon Crawler 2D Art Pack/Sprites/Monsters/Green Monster/M1_Front/Idle/Monster1Front-Idle_23.png
  artifactKey: Guid(deaa75ea8dc8e1a47a25c22e72d14e05) Importer(2089858483,b0f066a214c2f5e87bad3c948f4d605d)
Start importing Assets/Dungeon Crawler 2D Art Pack/Sprites/Monsters/Green Monster/M1_Front/Idle/Monster1Front-Idle_23.png using Guid(deaa75ea8dc8e1a47a25c22e72d14e05) Importer(2089858483,b0f066a214c2f5e87bad3c948f4d605d) (ScriptedImporter) -> (artifact id: '1ab3e25a699a9105d1fa23e5bdf86cc2') in 0.0237161 seconds
Number of updated asset objects reloaded before import = 0Number of asset objects unloaded after import = 3

========================================================================
Received Import Request.
  Time since last request: 0.000028 seconds.
  path: Assets/Dungeon Crawler 2D Art Pack/Sprites/Monsters/Green Monster/M1_Front/Idle/Monster1Front-Idle_36.png
  artifactKey: Guid(5fdeee6545c62064cbc74895ad3cd7b1) Importer(2089858483,b0f066a214c2f5e87bad3c948f4d605d)
Start importing Assets/Dungeon Crawler 2D Art Pack/Sprites/Monsters/Green Monster/M1_Front/Idle/Monster1Front-Idle_36.png using Guid(5fdeee6545c62064cbc74895ad3cd7b1) Importer(2089858483,b0f066a214c2f5e87bad3c948f4d605d) (ScriptedImporter) -> (artifact id: 'fa4078886157ae9e14a519bccdee38c1') in 0.0203606 seconds
Number of updated asset objects reloaded before import = 0Number of asset objects unloaded after import = 3

========================================================================
Received Import Request.
  Time since last request: 0.000034 seconds.
  path: Assets/Dungeon Crawler 2D Art Pack/Sprites/Monsters/Green Monster/M1_Front/Idle/Monster1Front-Idle_20.png
  artifactKey: Guid(f07f2861a0063e94aac51bc89a1d1483) Importer(2089858483,b0f066a214c2f5e87bad3c948f4d605d)
Start importing Assets/Dungeon Crawler 2D Art Pack/Sprites/Monsters/Green Monster/M1_Front/Idle/Monster1Front-Idle_20.png using Guid(f07f2861a0063e94aac51bc89a1d1483) Importer(2089858483,b0f066a214c2f5e87bad3c948f4d605d) (ScriptedImporter) -> (artifact id: '3852528aad9bbfaa945b644a830c3c5c') in 0.024308 seconds
Number of updated asset objects reloaded before import = 0Number of asset objects unloaded after import = 3

========================================================================
Received Import Request.
  Time since last request: 0.000023 seconds.
  path: Assets/Dungeon Crawler 2D Art Pack/Sprites/Monsters/Green Monster/M1_Front/Idle/Monster1Front-Idle_29.png
  artifactKey: Guid(0d1031e87ade85c44a54499f8881304c) Importer(2089858483,b0f066a214c2f5e87bad3c948f4d605d)
Start importing Assets/Dungeon Crawler 2D Art Pack/Sprites/Monsters/Green Monster/M1_Front/Idle/Monster1Front-Idle_29.png using Guid(0d1031e87ade85c44a54499f8881304c) Importer(2089858483,b0f066a214c2f5e87bad3c948f4d605d) (ScriptedImporter) -> (artifact id: '739f612444d7191361c774d186696605') in 0.0187948 seconds
Number of updated asset objects reloaded before import = 0Number of asset objects unloaded after import = 3

========================================================================
Received Import Request.
  Time since last request: 0.000022 seconds.
  path: Assets/Dungeon Crawler 2D Art Pack/Sprites/Monsters/Green Monster/M1_Front/Idle/Monster1Front-Idle_14.png
  artifactKey: Guid(5df8da83220a2004f8288eee26aceb8e) Importer(2089858483,b0f066a214c2f5e87bad3c948f4d605d)
Start importing Assets/Dungeon Crawler 2D Art Pack/Sprites/Monsters/Green Monster/M1_Front/Idle/Monster1Front-Idle_14.png using Guid(5df8da83220a2004f8288eee26aceb8e) Importer(2089858483,b0f066a214c2f5e87bad3c948f4d605d) (ScriptedImporter) -> (artifact id: '8f84958b7bd55fb6af6780e84cd66559') in 0.0211415 seconds
Number of updated asset objects reloaded before import = 0Number of asset objects unloaded after import = 3

========================================================================
Received Import Request.
  Time since last request: 0.000024 seconds.
  path: Assets/Dungeon Crawler 2D Art Pack/Sprites/Monsters/Green Monster/M1_Front/Idle/Monster1Front-Idle_4.png
  artifactKey: Guid(aae51fa00f72dbb4192979fa02f0b0e0) Importer(2089858483,b0f066a214c2f5e87bad3c948f4d605d)
Start importing Assets/Dungeon Crawler 2D Art Pack/Sprites/Monsters/Green Monster/M1_Front/Idle/Monster1Front-Idle_4.png using Guid(aae51fa00f72dbb4192979fa02f0b0e0) Importer(2089858483,b0f066a214c2f5e87bad3c948f4d605d) (ScriptedImporter) -> (artifact id: '94546b3eb027efd07fc24e0dc688cff1') in 0.0198967 seconds
Number of updated asset objects reloaded before import = 0Number of asset objects unloaded after import = 3

========================================================================
Received Import Request.
  Time since last request: 0.000035 seconds.
  path: Assets/Dungeon Crawler 2D Art Pack/Sprites/Monsters/Green Monster/M1_Front/Idle/Monster1Front-Idle_31.png
  artifactKey: Guid(a1349187c7b48574ba90afb1ebb87709) Importer(2089858483,b0f066a214c2f5e87bad3c948f4d605d)
Start importing Assets/Dungeon Crawler 2D Art Pack/Sprites/Monsters/Green Monster/M1_Front/Idle/Monster1Front-Idle_31.png using Guid(a1349187c7b48574ba90afb1ebb87709) Importer(2089858483,b0f066a214c2f5e87bad3c948f4d605d) (ScriptedImporter) -> (artifact id: '36c5ee4613bd57ee16ed0652fa4e4beb') in 0.0211009 seconds
Number of updated asset objects reloaded before import = 0Number of asset objects unloaded after import = 3

========================================================================
Received Import Request.
  Time since last request: 0.000020 seconds.
  path: Assets/Dungeon Crawler 2D Art Pack/Sprites/Monsters/Green Monster/M1_Front/Idle/Monster1Front-Idle_52.png
  artifactKey: Guid(0d7cd75537434a4449b3f334f2c9b87d) Importer(2089858483,b0f066a214c2f5e87bad3c948f4d605d)
Start importing Assets/Dungeon Crawler 2D Art Pack/Sprites/Monsters/Green Monster/M1_Front/Idle/Monster1Front-Idle_52.png using Guid(0d7cd75537434a4449b3f334f2c9b87d) Importer(2089858483,b0f066a214c2f5e87bad3c948f4d605d) (ScriptedImporter) -> (artifact id: 'e58ac8fa8413d7b59c0037b0117035b8') in 0.0174517 seconds
Number of updated asset objects reloaded before import = 0Number of asset objects unloaded after import = 3

========================================================================
Received Import Request.
  Time since last request: 0.000021 seconds.
  path: Assets/Dungeon Crawler 2D Art Pack/Sprites/Monsters/Green Monster/M1_Front/Idle/Monster1Front-Idle_66.png
  artifactKey: Guid(99ef6d64033f57e459876ef3fa7ee4e7) Importer(2089858483,b0f066a214c2f5e87bad3c948f4d605d)
Start importing Assets/Dungeon Crawler 2D Art Pack/Sprites/Monsters/Green Monster/M1_Front/Idle/Monster1Front-Idle_66.png using Guid(99ef6d64033f57e459876ef3fa7ee4e7) Importer(2089858483,b0f066a214c2f5e87bad3c948f4d605d) (ScriptedImporter) -> (artifact id: '310b3e0f173d3bcfa4511df0de2edbc5') in 0.0182268 seconds
Number of updated asset objects reloaded before import = 0Number of asset objects unloaded after import = 3

========================================================================
Received Import Request.
  Time since last request: 0.000018 seconds.
  path: Assets/Dungeon Crawler 2D Art Pack/Sprites/Monsters/Green Monster/M1_Front/Idle/Monster1Front-Idle_72.png
  artifactKey: Guid(feb365a5a8041f6428e97ef025b3df97) Importer(2089858483,b0f066a214c2f5e87bad3c948f4d605d)
Start importing Assets/Dungeon Crawler 2D Art Pack/Sprites/Monsters/Green Monster/M1_Front/Idle/Monster1Front-Idle_72.png using Guid(feb365a5a8041f6428e97ef025b3df97) Importer(2089858483,b0f066a214c2f5e87bad3c948f4d605d) (ScriptedImporter) -> (artifact id: '755eb026d65b4b74e4f607cb04842604') in 0.0171732 seconds
Number of updated asset objects reloaded before import = 0Number of asset objects unloaded after import = 3

========================================================================
Received Import Request.
  Time since last request: 0.000031 seconds.
  path: Assets/Dungeon Crawler 2D Art Pack/Sprites/Monsters/Green Monster/M1_Front/Idle/Monster1Front-Idle_68.png
  artifactKey: Guid(1809356ef4d026245a6f423d9564c9e7) Importer(2089858483,b0f066a214c2f5e87bad3c948f4d605d)
Start importing Assets/Dungeon Crawler 2D Art Pack/Sprites/Monsters/Green Monster/M1_Front/Idle/Monster1Front-Idle_68.png using Guid(1809356ef4d026245a6f423d9564c9e7) Importer(2089858483,b0f066a214c2f5e87bad3c948f4d605d) (ScriptedImporter) -> (artifact id: 'f48ad853de48cffa4c6b71bc18f1a3b8') in 0.0177318 seconds
Number of updated asset objects reloaded before import = 0Number of asset objects unloaded after import = 3

========================================================================
Received Import Request.
  Time since last request: 0.000019 seconds.
  path: Assets/Dungeon Crawler 2D Art Pack/Sprites/Monsters/Green Monster/M1_Front/Idle/Monster1Front-Idle_67.png
  artifactKey: Guid(0e9130bfde4d65c48b0750a04d3a1f9e) Importer(2089858483,b0f066a214c2f5e87bad3c948f4d605d)
Start importing Assets/Dungeon Crawler 2D Art Pack/Sprites/Monsters/Green Monster/M1_Front/Idle/Monster1Front-Idle_67.png using Guid(0e9130bfde4d65c48b0750a04d3a1f9e) Importer(2089858483,b0f066a214c2f5e87bad3c948f4d605d) (ScriptedImporter) -> (artifact id: '71bcc134ee5434e71369f965cc98b813') in 0.0166924 seconds
Number of updated asset objects reloaded before import = 0Number of asset objects unloaded after import = 3

========================================================================
Received Import Request.
  Time since last request: 0.000021 seconds.
  path: Assets/Dungeon Crawler 2D Art Pack/Sprites/Monsters/Green Monster/M1_Front/Idle/Monster1Front-Idle_69.png
  artifactKey: Guid(77380208a09dc094880902c68e56594e) Importer(2089858483,b0f066a214c2f5e87bad3c948f4d605d)
Start importing Assets/Dungeon Crawler 2D Art Pack/Sprites/Monsters/Green Monster/M1_Front/Idle/Monster1Front-Idle_69.png using Guid(77380208a09dc094880902c68e56594e) Importer(2089858483,b0f066a214c2f5e87bad3c948f4d605d) (ScriptedImporter) -> (artifact id: 'fa78e3ef408b7f751ee35f7a61bc305e') in 0.0173558 seconds
Number of updated asset objects reloaded before import = 0Number of asset objects unloaded after import = 3

========================================================================
Received Import Request.
  Time since last request: 0.000019 seconds.
  path: Assets/Dungeon Crawler 2D Art Pack/Sprites/Monsters/Green Monster/M1_Front/Idle/Monster1Front-Idle_48.png
  artifactKey: Guid(6727f61aee9f1ea4faf190a1a6559744) Importer(2089858483,b0f066a214c2f5e87bad3c948f4d605d)
Start importing Assets/Dungeon Crawler 2D Art Pack/Sprites/Monsters/Green Monster/M1_Front/Idle/Monster1Front-Idle_48.png using Guid(6727f61aee9f1ea4faf190a1a6559744) Importer(2089858483,b0f066a214c2f5e87bad3c948f4d605d) (ScriptedImporter) -> (artifact id: '176574cd31b30935c11e04aad70d40ce') in 0.0146326 seconds
Number of updated asset objects reloaded before import = 0Number of asset objects unloaded after import = 3

========================================================================
Received Import Request.
  Time since last request: 0.000027 seconds.
  path: Assets/Dungeon Crawler 2D Art Pack/Sprites/Monsters/Green Monster/M1_Front/Idle/Monster1Front-Idle_50.png
  artifactKey: Guid(2f698277710c7b448b466fd7d549a82d) Importer(2089858483,b0f066a214c2f5e87bad3c948f4d605d)
Start importing Assets/Dungeon Crawler 2D Art Pack/Sprites/Monsters/Green Monster/M1_Front/Idle/Monster1Front-Idle_50.png using Guid(2f698277710c7b448b466fd7d549a82d) Importer(2089858483,b0f066a214c2f5e87bad3c948f4d605d) (ScriptedImporter) -> (artifact id: '04e6c5ce12da3f6a5a70a4d6bb0bd199') in 0.0155449 seconds
Number of updated asset objects reloaded before import = 0Number of asset objects unloaded after import = 3

========================================================================
Received Import Request.
  Time since last request: 0.000020 seconds.
  path: Assets/Dungeon Crawler 2D Art Pack/Sprites/Monsters/Green Monster/M1_Front/Idle/Monster1Front-Idle_33.png
  artifactKey: Guid(565c2d9b8b4c49e4689ccdd6d024e5c2) Importer(2089858483,b0f066a214c2f5e87bad3c948f4d605d)
Start importing Assets/Dungeon Crawler 2D Art Pack/Sprites/Monsters/Green Monster/M1_Front/Idle/Monster1Front-Idle_33.png using Guid(565c2d9b8b4c49e4689ccdd6d024e5c2) Importer(2089858483,b0f066a214c2f5e87bad3c948f4d605d) (ScriptedImporter) -> (artifact id: '52380ee37803bc0fcb2dd5bd28a3ca27') in 0.0196613 seconds
Number of updated asset objects reloaded before import = 0Number of asset objects unloaded after import = 3

========================================================================
Received Import Request.
  Time since last request: 0.000023 seconds.
  path: Assets/Dungeon Crawler 2D Art Pack/Sprites/Monsters/Green Monster/M1_Front/Idle/Monster1Front-Idle_91.png
  artifactKey: Guid(f3266c63e8f63da4182e2fab8243b391) Importer(2089858483,b0f066a214c2f5e87bad3c948f4d605d)
Start importing Assets/Dungeon Crawler 2D Art Pack/Sprites/Monsters/Green Monster/M1_Front/Idle/Monster1Front-Idle_91.png using Guid(f3266c63e8f63da4182e2fab8243b391) Importer(2089858483,b0f066a214c2f5e87bad3c948f4d605d) (ScriptedImporter) -> (artifact id: '0308c8c71fb233c9cadeb6655494dea2') in 0.0157027 seconds
Number of updated asset objects reloaded before import = 0Number of asset objects unloaded after import = 3

========================================================================
Received Import Request.
  Time since last request: 0.000018 seconds.
  path: Assets/Dungeon Crawler 2D Art Pack/Sprites/Monsters/Green Monster/M1_Front/Idle/Monster1Front-Idle_99.png
  artifactKey: Guid(c8322026730caa24b8f0d8458c82f11b) Importer(2089858483,b0f066a214c2f5e87bad3c948f4d605d)
Start importing Assets/Dungeon Crawler 2D Art Pack/Sprites/Monsters/Green Monster/M1_Front/Idle/Monster1Front-Idle_99.png using Guid(c8322026730caa24b8f0d8458c82f11b) Importer(2089858483,b0f066a214c2f5e87bad3c948f4d605d) (ScriptedImporter) -> (artifact id: '937c42cca5e055d009d347467e7977a9') in 0.0163937 seconds
Number of updated asset objects reloaded before import = 0Number of asset objects unloaded after import = 3

========================================================================
Received Import Request.
  Time since last request: 0.000021 seconds.
  path: Assets/Dungeon Crawler 2D Art Pack/Sprites/Monsters/Green Monster/M1_Front/Idle/Monster1Front-Idle_79.png
  artifactKey: Guid(652af8b0244ea1b42b4d176ac4bb3b73) Importer(2089858483,b0f066a214c2f5e87bad3c948f4d605d)
Start importing Assets/Dungeon Crawler 2D Art Pack/Sprites/Monsters/Green Monster/M1_Front/Idle/Monster1Front-Idle_79.png using Guid(652af8b0244ea1b42b4d176ac4bb3b73) Importer(2089858483,b0f066a214c2f5e87bad3c948f4d605d) (ScriptedImporter) -> (artifact id: 'dc4fc27d61baf53d328ab3363ae03dfc') in 0.015531 seconds
Number of updated asset objects reloaded before import = 0Number of asset objects unloaded after import = 3

========================================================================
Received Import Request.
  Time since last request: 0.000032 seconds.
  path: Assets/Dungeon Crawler 2D Art Pack/Sprites/Monsters/Green Monster/M1_Front/Idle/Monster1Front-Idle_87.png
  artifactKey: Guid(90bce3e1b17e5ae4d848e7f9a4062107) Importer(2089858483,b0f066a214c2f5e87bad3c948f4d605d)
Start importing Assets/Dungeon Crawler 2D Art Pack/Sprites/Monsters/Green Monster/M1_Front/Idle/Monster1Front-Idle_87.png using Guid(90bce3e1b17e5ae4d848e7f9a4062107) Importer(2089858483,b0f066a214c2f5e87bad3c948f4d605d) (ScriptedImporter) -> (artifact id: 'e666d6a7e1b18c2ae1cb954a0a894da0') in 0.0149899 seconds
Number of updated asset objects reloaded before import = 0Number of asset objects unloaded after import = 3

========================================================================
Received Import Request.
  Time since last request: 0.000018 seconds.
  path: Assets/Dungeon Crawler 2D Art Pack/Sprites/Monsters/Green Monster/M1_Front/Idle/Monster1Front-Idle_9.png
  artifactKey: Guid(079435773fee01640a22e8051e351396) Importer(2089858483,b0f066a214c2f5e87bad3c948f4d605d)
Start importing Assets/Dungeon Crawler 2D Art Pack/Sprites/Monsters/Green Monster/M1_Front/Idle/Monster1Front-Idle_9.png using Guid(079435773fee01640a22e8051e351396) Importer(2089858483,b0f066a214c2f5e87bad3c948f4d605d) (ScriptedImporter) -> (artifact id: '2b8fb78a85e8cac57898c97971d0ff8d') in 0.0170812 seconds
Number of updated asset objects reloaded before import = 0Number of asset objects unloaded after import = 3

========================================================================
Received Import Request.
  Time since last request: 0.000017 seconds.
  path: Assets/Dungeon Crawler 2D Art Pack/Sprites/Monsters/Green Monster/M1_Front/Run/Monster1Front-Walk_0.png
  artifactKey: Guid(92038d2957a1f4d4abc708faea64d845) Importer(2089858483,b0f066a214c2f5e87bad3c948f4d605d)
Start importing Assets/Dungeon Crawler 2D Art Pack/Sprites/Monsters/Green Monster/M1_Front/Run/Monster1Front-Walk_0.png using Guid(92038d2957a1f4d4abc708faea64d845) Importer(2089858483,b0f066a214c2f5e87bad3c948f4d605d) (ScriptedImporter) -> (artifact id: 'dd86f38a49b28e4d8c43fcf267615e60') in 0.0185838 seconds
Number of updated asset objects reloaded before import = 0Number of asset objects unloaded after import = 3

========================================================================
Received Import Request.
  Time since last request: 0.000021 seconds.
  path: Assets/Dungeon Crawler 2D Art Pack/Sprites/Monsters/Green Monster/M1_Front/Run/Monster1Front-Walk_10.png
  artifactKey: Guid(05752a5057524dc45a3c581751579b42) Importer(2089858483,b0f066a214c2f5e87bad3c948f4d605d)
Start importing Assets/Dungeon Crawler 2D Art Pack/Sprites/Monsters/Green Monster/M1_Front/Run/Monster1Front-Walk_10.png using Guid(05752a5057524dc45a3c581751579b42) Importer(2089858483,b0f066a214c2f5e87bad3c948f4d605d) (ScriptedImporter) -> (artifact id: '7e3929f1aac163d5343f3de83a7f9982') in 0.0159093 seconds
Number of updated asset objects reloaded before import = 0Number of asset objects unloaded after import = 3

========================================================================
Received Import Request.
  Time since last request: 0.000021 seconds.
  path: Assets/Dungeon Crawler 2D Art Pack/Sprites/Monsters/Green Monster/M1_Front/Idle/Monster1Front-Idle_83.png
  artifactKey: Guid(0e318698d5e8e8f4e8487267e3f8b08a) Importer(2089858483,b0f066a214c2f5e87bad3c948f4d605d)
Start importing Assets/Dungeon Crawler 2D Art Pack/Sprites/Monsters/Green Monster/M1_Front/Idle/Monster1Front-Idle_83.png using Guid(0e318698d5e8e8f4e8487267e3f8b08a) Importer(2089858483,b0f066a214c2f5e87bad3c948f4d605d) (ScriptedImporter) -> (artifact id: 'a11b39ede339ae04240b07561cec998e') in 0.0157416 seconds
Number of updated asset objects reloaded before import = 0Number of asset objects unloaded after import = 3

========================================================================
Received Import Request.
  Time since last request: 0.000027 seconds.
  path: Assets/Dungeon Crawler 2D Art Pack/Sprites/Monsters/Flying Monster/Left/Run/Monster2Left-Fly_4.png
  artifactKey: Guid(3b0c60a963e629f4bae2ed571ea1f9c6) Importer(2089858483,b0f066a214c2f5e87bad3c948f4d605d)
Start importing Assets/Dungeon Crawler 2D Art Pack/Sprites/Monsters/Flying Monster/Left/Run/Monster2Left-Fly_4.png using Guid(3b0c60a963e629f4bae2ed571ea1f9c6) Importer(2089858483,b0f066a214c2f5e87bad3c948f4d605d) (ScriptedImporter) -> (artifact id: '40ce8f17a11cf334460f617c37aecc3b') in 0.0169999 seconds
Number of updated asset objects reloaded before import = 0Number of asset objects unloaded after import = 3

========================================================================
Received Import Request.
  Time since last request: 0.000019 seconds.
  path: Assets/Dungeon Crawler 2D Art Pack/Sprites/Monsters/Green Monster/M1_Front/Run/Monster1Front-Walk_6.png
  artifactKey: Guid(6709f88dd2174f94680983c6b30bb663) Importer(2089858483,b0f066a214c2f5e87bad3c948f4d605d)
Start importing Assets/Dungeon Crawler 2D Art Pack/Sprites/Monsters/Green Monster/M1_Front/Run/Monster1Front-Walk_6.png using Guid(6709f88dd2174f94680983c6b30bb663) Importer(2089858483,b0f066a214c2f5e87bad3c948f4d605d) (ScriptedImporter) -> (artifact id: '63981dbd2ef879a2bf7a51b08ecbb08e') in 0.0164473 seconds
Number of updated asset objects reloaded before import = 0Number of asset objects unloaded after import = 3

========================================================================
Received Import Request.
  Time since last request: 0.000024 seconds.
  path: Assets/Dungeon Crawler 2D Art Pack/Sprites/Monsters/Green Monster/M1_Front/Run/Monster1Front-Walk_13.png
  artifactKey: Guid(e6a4bd6d73702fd4487bc9eade2d03d4) Importer(2089858483,b0f066a214c2f5e87bad3c948f4d605d)
Start importing Assets/Dungeon Crawler 2D Art Pack/Sprites/Monsters/Green Monster/M1_Front/Run/Monster1Front-Walk_13.png using Guid(e6a4bd6d73702fd4487bc9eade2d03d4) Importer(2089858483,b0f066a214c2f5e87bad3c948f4d605d) (ScriptedImporter) -> (artifact id: '4484a2104616790ac8f9da53582f07be') in 0.0177368 seconds
Number of updated asset objects reloaded before import = 0Number of asset objects unloaded after import = 3

========================================================================
Received Import Request.
  Time since last request: 0.000022 seconds.
  path: Assets/Dungeon Crawler 2D Art Pack/Sprites/Monsters/Green Monster/M1_Front/Run/Monster1Front-Walk_26.png
  artifactKey: Guid(9a46609e2da7344478e4c16162c4168e) Importer(2089858483,b0f066a214c2f5e87bad3c948f4d605d)
Start importing Assets/Dungeon Crawler 2D Art Pack/Sprites/Monsters/Green Monster/M1_Front/Run/Monster1Front-Walk_26.png using Guid(9a46609e2da7344478e4c16162c4168e) Importer(2089858483,b0f066a214c2f5e87bad3c948f4d605d) (ScriptedImporter) -> (artifact id: '486d31423a3d135b3e3906f9eb9c9fe2') in 0.0203696 seconds
Number of updated asset objects reloaded before import = 0Number of asset objects unloaded after import = 3

========================================================================
Received Import Request.
  Time since last request: 0.000018 seconds.
  path: Assets/Dungeon Crawler 2D Art Pack/Sprites/Monsters/Green Monster/M1_Front/Run/Monster1Front-Walk_24.png
  artifactKey: Guid(dac4a7a168ad6414f869d354cff5af70) Importer(2089858483,b0f066a214c2f5e87bad3c948f4d605d)
Start importing Assets/Dungeon Crawler 2D Art Pack/Sprites/Monsters/Green Monster/M1_Front/Run/Monster1Front-Walk_24.png using Guid(dac4a7a168ad6414f869d354cff5af70) Importer(2089858483,b0f066a214c2f5e87bad3c948f4d605d) (ScriptedImporter) -> (artifact id: '986adaef3051da7429e6b16805e88c09') in 0.0201224 seconds
Number of updated asset objects reloaded before import = 0Number of asset objects unloaded after import = 3

========================================================================
Received Import Request.
  Time since last request: 0.000034 seconds.
  path: Assets/Dungeon Crawler 2D Art Pack/Sprites/Monsters/Green Monster/M1_Front/Run/Monster1Front-Walk_23.png
  artifactKey: Guid(b12e05919cc33aa46887b1889931abf4) Importer(2089858483,b0f066a214c2f5e87bad3c948f4d605d)
Start importing Assets/Dungeon Crawler 2D Art Pack/Sprites/Monsters/Green Monster/M1_Front/Run/Monster1Front-Walk_23.png using Guid(b12e05919cc33aa46887b1889931abf4) Importer(2089858483,b0f066a214c2f5e87bad3c948f4d605d) (ScriptedImporter) -> (artifact id: '346fe42f5792fcd9bf6b55a1d4d438fa') in 0.019196 seconds
Number of updated asset objects reloaded before import = 0Number of asset objects unloaded after import = 3

========================================================================
Received Import Request.
  Time since last request: 0.000033 seconds.
  path: Assets/Dungeon Crawler 2D Art Pack/Sprites/Monsters/Green Monster/M1_Front/Run/Monster1Front-Walk_14.png
  artifactKey: Guid(ececea028f72d2b498c18ae3ed7fbbcf) Importer(2089858483,b0f066a214c2f5e87bad3c948f4d605d)
Start importing Assets/Dungeon Crawler 2D Art Pack/Sprites/Monsters/Green Monster/M1_Front/Run/Monster1Front-Walk_14.png using Guid(ececea028f72d2b498c18ae3ed7fbbcf) Importer(2089858483,b0f066a214c2f5e87bad3c948f4d605d) (ScriptedImporter) -> (artifact id: '382a97ad19dff9d796a6731223912c28') in 0.0212796 seconds
Number of updated asset objects reloaded before import = 0Number of asset objects unloaded after import = 3

========================================================================
Received Import Request.
  Time since last request: 0.000025 seconds.
  path: Assets/Dungeon Crawler 2D Art Pack/Sprites/Monsters/Green Monster/M1_Front/Run/Monster1Front-Walk_27.png
  artifactKey: Guid(719e01857fc287c45b8f4b4c52712e88) Importer(2089858483,b0f066a214c2f5e87bad3c948f4d605d)
Start importing Assets/Dungeon Crawler 2D Art Pack/Sprites/Monsters/Green Monster/M1_Front/Run/Monster1Front-Walk_27.png using Guid(719e01857fc287c45b8f4b4c52712e88) Importer(2089858483,b0f066a214c2f5e87bad3c948f4d605d) (ScriptedImporter) -> (artifact id: 'ee66d3b3174b95b18ffc4c072f769149') in 0.019533 seconds
Number of updated asset objects reloaded before import = 0Number of asset objects unloaded after import = 3

========================================================================
Received Import Request.
  Time since last request: 0.000025 seconds.
  path: Assets/Dungeon Crawler 2D Art Pack/Sprites/Monsters/Green Monster/M1_Left/Death/Monster1Left-Death_4.png
  artifactKey: Guid(19ea6658e44e433499977af814a6b92d) Importer(2089858483,b0f066a214c2f5e87bad3c948f4d605d)
Start importing Assets/Dungeon Crawler 2D Art Pack/Sprites/Monsters/Green Monster/M1_Left/Death/Monster1Left-Death_4.png using Guid(19ea6658e44e433499977af814a6b92d) Importer(2089858483,b0f066a214c2f5e87bad3c948f4d605d) (ScriptedImporter) -> (artifact id: '6b7104cbabf6a12a261bc82edc8b0c4f') in 0.0211991 seconds
Number of updated asset objects reloaded before import = 0Number of asset objects unloaded after import = 3

========================================================================
Received Import Request.
  Time since last request: 0.000038 seconds.
  path: Assets/Dungeon Crawler 2D Art Pack/Sprites/Monsters/Green Monster/M1_Left/Attack/Monster1Left-Attack_25.png
  artifactKey: Guid(761dbacd6b2439348a24dd8067237dd1) Importer(2089858483,b0f066a214c2f5e87bad3c948f4d605d)
Start importing Assets/Dungeon Crawler 2D Art Pack/Sprites/Monsters/Green Monster/M1_Left/Attack/Monster1Left-Attack_25.png using Guid(761dbacd6b2439348a24dd8067237dd1) Importer(2089858483,b0f066a214c2f5e87bad3c948f4d605d) (ScriptedImporter) -> (artifact id: '2e431380d9a4fb2178fb757d2725e1d5') in 0.0208162 seconds
Number of updated asset objects reloaded before import = 0Number of asset objects unloaded after import = 3

========================================================================
Received Import Request.
  Time since last request: 0.000025 seconds.
  path: Assets/Dungeon Crawler 2D Art Pack/Sprites/Monsters/Green Monster/M1_Left/Attack/Monster1Left-Attack_20.png
  artifactKey: Guid(9ecd2295e5ba0164288221b95c0a5566) Importer(2089858483,b0f066a214c2f5e87bad3c948f4d605d)
Start importing Assets/Dungeon Crawler 2D Art Pack/Sprites/Monsters/Green Monster/M1_Left/Attack/Monster1Left-Attack_20.png using Guid(9ecd2295e5ba0164288221b95c0a5566) Importer(2089858483,b0f066a214c2f5e87bad3c948f4d605d) (ScriptedImporter) -> (artifact id: '3bf77fee0074132785e986aeee228892') in 0.0204198 seconds
Number of updated asset objects reloaded before import = 0Number of asset objects unloaded after import = 3

========================================================================
Received Import Request.
  Time since last request: 0.000020 seconds.
  path: Assets/Dungeon Crawler 2D Art Pack/Sprites/Monsters/Green Monster/M1_Left/Attack/Monster1Left-Attack_23.png
  artifactKey: Guid(ee0bd0c55a5876d44afa830138ef36a1) Importer(2089858483,b0f066a214c2f5e87bad3c948f4d605d)
Start importing Assets/Dungeon Crawler 2D Art Pack/Sprites/Monsters/Green Monster/M1_Left/Attack/Monster1Left-Attack_23.png using Guid(ee0bd0c55a5876d44afa830138ef36a1) Importer(2089858483,b0f066a214c2f5e87bad3c948f4d605d) (ScriptedImporter) -> (artifact id: '2fbed98f89891c1845037593952867d3') in 0.0229254 seconds
Number of updated asset objects reloaded before import = 0Number of asset objects unloaded after import = 3

========================================================================
Received Import Request.
  Time since last request: 0.000026 seconds.
  path: Assets/Dungeon Crawler 2D Art Pack/Sprites/Monsters/Green Monster/M1_Left/Hit/Monster1Left-Hit_0.png
  artifactKey: Guid(8ede416fc2426d44cb2b16f49273010d) Importer(2089858483,b0f066a214c2f5e87bad3c948f4d605d)
Start importing Assets/Dungeon Crawler 2D Art Pack/Sprites/Monsters/Green Monster/M1_Left/Hit/Monster1Left-Hit_0.png using Guid(8ede416fc2426d44cb2b16f49273010d) Importer(2089858483,b0f066a214c2f5e87bad3c948f4d605d) (ScriptedImporter) -> (artifact id: '060497c1ac81e3bf72b6564283eaa133') in 0.0201998 seconds
Number of updated asset objects reloaded before import = 0Number of asset objects unloaded after import = 3

========================================================================
Received Import Request.
  Time since last request: 0.000033 seconds.
  path: Assets/Dungeon Crawler 2D Art Pack/Sprites/Monsters/Green Monster/M1_Front/Run/Monster1Front-Walk_19.png
  artifactKey: Guid(c87e49bad29749341b0469f004172676) Importer(2089858483,b0f066a214c2f5e87bad3c948f4d605d)
Start importing Assets/Dungeon Crawler 2D Art Pack/Sprites/Monsters/Green Monster/M1_Front/Run/Monster1Front-Walk_19.png using Guid(c87e49bad29749341b0469f004172676) Importer(2089858483,b0f066a214c2f5e87bad3c948f4d605d) (ScriptedImporter) -> (artifact id: '463bbbf0319fa6e0f5c7e841d2aa9803') in 0.0238181 seconds
Number of updated asset objects reloaded before import = 0Number of asset objects unloaded after import = 3

========================================================================
Received Import Request.
  Time since last request: 0.000019 seconds.
  path: Assets/Dungeon Crawler 2D Art Pack/Sprites/Monsters/Green Monster/M1_Left/Hit/Monster1Left-Hit_5.png
  artifactKey: Guid(0a2eb0427cd0f33468815945d3ffc90f) Importer(2089858483,b0f066a214c2f5e87bad3c948f4d605d)
Start importing Assets/Dungeon Crawler 2D Art Pack/Sprites/Monsters/Green Monster/M1_Left/Hit/Monster1Left-Hit_5.png using Guid(0a2eb0427cd0f33468815945d3ffc90f) Importer(2089858483,b0f066a214c2f5e87bad3c948f4d605d) (ScriptedImporter) -> (artifact id: '161083adeed1190df0b369b05eca49ae') in 0.022054 seconds
Number of updated asset objects reloaded before import = 0Number of asset objects unloaded after import = 3

========================================================================
Received Import Request.
  Time since last request: 0.000025 seconds.
  path: Assets/Dungeon Crawler 2D Art Pack/Sprites/Monsters/Green Monster/M1_Left/Hit/Monster1Left-Hit_8.png
  artifactKey: Guid(d5bcae75d151ca04389aad50000071ce) Importer(2089858483,b0f066a214c2f5e87bad3c948f4d605d)
Start importing Assets/Dungeon Crawler 2D Art Pack/Sprites/Monsters/Green Monster/M1_Left/Hit/Monster1Left-Hit_8.png using Guid(d5bcae75d151ca04389aad50000071ce) Importer(2089858483,b0f066a214c2f5e87bad3c948f4d605d) (ScriptedImporter) -> (artifact id: '0ad35f9a7675d4ece4840c6b52a5133a') in 0.0243868 seconds
Number of updated asset objects reloaded before import = 0Number of asset objects unloaded after import = 3

========================================================================
Received Import Request.
  Time since last request: 0.000029 seconds.
  path: Assets/Dungeon Crawler 2D Art Pack/Sprites/Monsters/Green Monster/M1_Left/Hit/Monster1Left-Hit_3.png
  artifactKey: Guid(fcf90c7b44780b9448fb9f06918690b0) Importer(2089858483,b0f066a214c2f5e87bad3c948f4d605d)
Start importing Assets/Dungeon Crawler 2D Art Pack/Sprites/Monsters/Green Monster/M1_Left/Hit/Monster1Left-Hit_3.png using Guid(fcf90c7b44780b9448fb9f06918690b0) Importer(2089858483,b0f066a214c2f5e87bad3c948f4d605d) (ScriptedImporter) -> (artifact id: '9bb4e5b061b89f9e370cb67cff88c129') in 0.0217787 seconds
Number of updated asset objects reloaded before import = 0Number of asset objects unloaded after import = 3

========================================================================
Received Import Request.
  Time since last request: 0.000038 seconds.
  path: Assets/Dungeon Crawler 2D Art Pack/Sprites/Monsters/Green Monster/M1_Left/Hit/Monster1Left-Hit_12.png
  artifactKey: Guid(c0070d0bfa298e749ab6b827d345cfd3) Importer(2089858483,b0f066a214c2f5e87bad3c948f4d605d)
Start importing Assets/Dungeon Crawler 2D Art Pack/Sprites/Monsters/Green Monster/M1_Left/Hit/Monster1Left-Hit_12.png using Guid(c0070d0bfa298e749ab6b827d345cfd3) Importer(2089858483,b0f066a214c2f5e87bad3c948f4d605d) (ScriptedImporter) -> (artifact id: '39271ac2b55567195090e0d67b752d45') in 0.0511334 seconds
Number of updated asset objects reloaded before import = 0Number of asset objects unloaded after import = 3

========================================================================
Received Import Request.
  Time since last request: 0.000022 seconds.
  path: Assets/Dungeon Crawler 2D Art Pack/Sprites/Monsters/Green Monster/M1_Left/Death/Monster1Left-Death_3.png
  artifactKey: Guid(d226b8c720370154cadf7643a9fc1963) Importer(2089858483,b0f066a214c2f5e87bad3c948f4d605d)
Start importing Assets/Dungeon Crawler 2D Art Pack/Sprites/Monsters/Green Monster/M1_Left/Death/Monster1Left-Death_3.png using Guid(d226b8c720370154cadf7643a9fc1963) Importer(2089858483,b0f066a214c2f5e87bad3c948f4d605d) (ScriptedImporter) -> (artifact id: 'f6da988030a6bbb544148d8478de1357') in 0.0275306 seconds
Number of updated asset objects reloaded before import = 0Number of asset objects unloaded after import = 3

========================================================================
Received Import Request.
  Time since last request: 0.000024 seconds.
  path: Assets/Dungeon Crawler 2D Art Pack/Sprites/Monsters/Green Monster/M1_Left/Idle/Monster1Left-Idle_14.png
  artifactKey: Guid(f0d64ac7ae273924980d4bbc2f9c85bb) Importer(2089858483,b0f066a214c2f5e87bad3c948f4d605d)
Start importing Assets/Dungeon Crawler 2D Art Pack/Sprites/Monsters/Green Monster/M1_Left/Idle/Monster1Left-Idle_14.png using Guid(f0d64ac7ae273924980d4bbc2f9c85bb) Importer(2089858483,b0f066a214c2f5e87bad3c948f4d605d) (ScriptedImporter) -> (artifact id: '0fa799d2da14fe668b4d3813e7942b8a') in 0.0201304 seconds
Number of updated asset objects reloaded before import = 0Number of asset objects unloaded after import = 3

========================================================================
Received Import Request.
  Time since last request: 0.000030 seconds.
  path: Assets/Dungeon Crawler 2D Art Pack/Sprites/Monsters/Green Monster/M1_Left/Idle/Monster1Left-Idle_24.png
  artifactKey: Guid(4547b3552aae3bc44b6581e1d8cb6d95) Importer(2089858483,b0f066a214c2f5e87bad3c948f4d605d)
Start importing Assets/Dungeon Crawler 2D Art Pack/Sprites/Monsters/Green Monster/M1_Left/Idle/Monster1Left-Idle_24.png using Guid(4547b3552aae3bc44b6581e1d8cb6d95) Importer(2089858483,b0f066a214c2f5e87bad3c948f4d605d) (ScriptedImporter) -> (artifact id: '807dc483ad4ac5b2212fb79e077f9887') in 0.0233282 seconds
Number of updated asset objects reloaded before import = 0Number of asset objects unloaded after import = 3

========================================================================
Received Import Request.
  Time since last request: 0.000030 seconds.
  path: Assets/Dungeon Crawler 2D Art Pack/Sprites/Monsters/Green Monster/M1_Left/Idle/Monster1Left-Idle_18.png
  artifactKey: Guid(610838b8fa2c7a04e8466ad89667e487) Importer(2089858483,b0f066a214c2f5e87bad3c948f4d605d)
Start importing Assets/Dungeon Crawler 2D Art Pack/Sprites/Monsters/Green Monster/M1_Left/Idle/Monster1Left-Idle_18.png using Guid(610838b8fa2c7a04e8466ad89667e487) Importer(2089858483,b0f066a214c2f5e87bad3c948f4d605d) (ScriptedImporter) -> (artifact id: '1abbba3e9fffa4d23772dca66c4daa25') in 0.0228005 seconds
Number of updated asset objects reloaded before import = 0Number of asset objects unloaded after import = 3

========================================================================
Received Import Request.
  Time since last request: 0.000027 seconds.
  path: Assets/Dungeon Crawler 2D Art Pack/Sprites/Monsters/Green Monster/M1_Left/Idle/Monster1Left-Idle_26.png
  artifactKey: Guid(872b41565247507488b93109cfff1b10) Importer(2089858483,b0f066a214c2f5e87bad3c948f4d605d)
Start importing Assets/Dungeon Crawler 2D Art Pack/Sprites/Monsters/Green Monster/M1_Left/Idle/Monster1Left-Idle_26.png using Guid(872b41565247507488b93109cfff1b10) Importer(2089858483,b0f066a214c2f5e87bad3c948f4d605d) (ScriptedImporter) -> (artifact id: '6ecb2b79b36a7f7a200ea3dc51803f0a') in 0.0234617 seconds
Number of updated asset objects reloaded before import = 0Number of asset objects unloaded after import = 3

========================================================================
Received Import Request.
  Time since last request: 0.000033 seconds.
  path: Assets/Dungeon Crawler 2D Art Pack/Sprites/Monsters/Green Monster/M1_Front/Run/Monster1Front-Walk_9.png
  artifactKey: Guid(8d05fb1ea91aa4242894227cbb6fbec9) Importer(2089858483,b0f066a214c2f5e87bad3c948f4d605d)
Start importing Assets/Dungeon Crawler 2D Art Pack/Sprites/Monsters/Green Monster/M1_Front/Run/Monster1Front-Walk_9.png using Guid(8d05fb1ea91aa4242894227cbb6fbec9) Importer(2089858483,b0f066a214c2f5e87bad3c948f4d605d) (ScriptedImporter) -> (artifact id: 'c1c35481ba74a39353490240bc3b9a38') in 0.0238902 seconds
Number of updated asset objects reloaded before import = 0Number of asset objects unloaded after import = 3

========================================================================
Received Import Request.
  Time since last request: 0.000037 seconds.
  path: Assets/Dungeon Crawler 2D Art Pack/Sprites/Monsters/Green Monster/M1_Left/Idle/Monster1Left-Idle_34.png
  artifactKey: Guid(f4b8eb315f53cc242a7010ed3b114086) Importer(2089858483,b0f066a214c2f5e87bad3c948f4d605d)
Start importing Assets/Dungeon Crawler 2D Art Pack/Sprites/Monsters/Green Monster/M1_Left/Idle/Monster1Left-Idle_34.png using Guid(f4b8eb315f53cc242a7010ed3b114086) Importer(2089858483,b0f066a214c2f5e87bad3c948f4d605d) (ScriptedImporter) -> (artifact id: '72dc9ec9f8091374a0d9d061a3e7564e') in 0.0243592 seconds
Number of updated asset objects reloaded before import = 0Number of asset objects unloaded after import = 3

========================================================================
Received Import Request.
  Time since last request: 0.000037 seconds.
  path: Assets/Dungeon Crawler 2D Art Pack/Sprites/Monsters/Green Monster/M1_Left/Idle/Monster1Left-Idle_46.png
  artifactKey: Guid(1474b8d470740cb4fa3df6f5d3aea76c) Importer(2089858483,b0f066a214c2f5e87bad3c948f4d605d)
Start importing Assets/Dungeon Crawler 2D Art Pack/Sprites/Monsters/Green Monster/M1_Left/Idle/Monster1Left-Idle_46.png using Guid(1474b8d470740cb4fa3df6f5d3aea76c) Importer(2089858483,b0f066a214c2f5e87bad3c948f4d605d) (ScriptedImporter) -> (artifact id: 'f31f343bed59113ad8e452cd691cd847') in 0.0184824 seconds
Number of updated asset objects reloaded before import = 0Number of asset objects unloaded after import = 3

========================================================================
Received Import Request.
  Time since last request: 0.000021 seconds.
  path: Assets/Dungeon Crawler 2D Art Pack/Sprites/Monsters/Green Monster/M1_Left/Idle/Monster1Left-Idle_30.png
  artifactKey: Guid(257c8b5c52373b44c95877a7fbaf6b76) Importer(2089858483,b0f066a214c2f5e87bad3c948f4d605d)
Start importing Assets/Dungeon Crawler 2D Art Pack/Sprites/Monsters/Green Monster/M1_Left/Idle/Monster1Left-Idle_30.png using Guid(257c8b5c52373b44c95877a7fbaf6b76) Importer(2089858483,b0f066a214c2f5e87bad3c948f4d605d) (ScriptedImporter) -> (artifact id: '0a3c4cfa18fa6163c4aca50bece8246c') in 0.0204357 seconds
Number of updated asset objects reloaded before import = 0Number of asset objects unloaded after import = 3

========================================================================
Received Import Request.
  Time since last request: 0.000028 seconds.
  path: Assets/Dungeon Crawler 2D Art Pack/Sprites/Monsters/Green Monster/M1_Left/Idle/Monster1Left-Idle_4.png
  artifactKey: Guid(2448d34113ef31742bcf58aeaa907744) Importer(2089858483,b0f066a214c2f5e87bad3c948f4d605d)
Start importing Assets/Dungeon Crawler 2D Art Pack/Sprites/Monsters/Green Monster/M1_Left/Idle/Monster1Left-Idle_4.png using Guid(2448d34113ef31742bcf58aeaa907744) Importer(2089858483,b0f066a214c2f5e87bad3c948f4d605d) (ScriptedImporter) -> (artifact id: '14fb6701d16c78d74acf3737f7830c37') in 0.0226535 seconds
Number of updated asset objects reloaded before import = 0Number of asset objects unloaded after import = 3

========================================================================
Received Import Request.
  Time since last request: 0.000034 seconds.
  path: Assets/Dungeon Crawler 2D Art Pack/Sprites/Monsters/Green Monster/M1_Left/Idle/Monster1Left-Idle_31.png
  artifactKey: Guid(2a2174c7affd2d64ca3538b2389efaa2) Importer(2089858483,b0f066a214c2f5e87bad3c948f4d605d)
Start importing Assets/Dungeon Crawler 2D Art Pack/Sprites/Monsters/Green Monster/M1_Left/Idle/Monster1Left-Idle_31.png using Guid(2a2174c7affd2d64ca3538b2389efaa2) Importer(2089858483,b0f066a214c2f5e87bad3c948f4d605d) (ScriptedImporter) -> (artifact id: 'fe686b4db886e1e8ff9b7c788f39ad4a') in 0.0221487 seconds
Number of updated asset objects reloaded before import = 0Number of asset objects unloaded after import = 3

========================================================================
Received Import Request.
  Time since last request: 0.000027 seconds.
  path: Assets/Dungeon Crawler 2D Art Pack/Sprites/Monsters/Green Monster/M1_Left/Death/Monster1Left-Death_0.png
  artifactKey: Guid(d7893a00119b1954b9938533f63c4633) Importer(2089858483,b0f066a214c2f5e87bad3c948f4d605d)
Start importing Assets/Dungeon Crawler 2D Art Pack/Sprites/Monsters/Green Monster/M1_Left/Death/Monster1Left-Death_0.png using Guid(d7893a00119b1954b9938533f63c4633) Importer(2089858483,b0f066a214c2f5e87bad3c948f4d605d) (ScriptedImporter) -> (artifact id: '20047aabc253091ade5413798fe55343') in 0.0231573 seconds
Number of updated asset objects reloaded before import = 0Number of asset objects unloaded after import = 3

========================================================================
Received Import Request.
  Time since last request: 0.000023 seconds.
  path: Assets/Dungeon Crawler 2D Art Pack/Sprites/Monsters/Green Monster/M1_Left/Idle/Monster1Left-Idle_48.png
  artifactKey: Guid(911b63730b2f8034d8294ce17ca31e37) Importer(2089858483,b0f066a214c2f5e87bad3c948f4d605d)
Start importing Assets/Dungeon Crawler 2D Art Pack/Sprites/Monsters/Green Monster/M1_Left/Idle/Monster1Left-Idle_48.png using Guid(911b63730b2f8034d8294ce17ca31e37) Importer(2089858483,b0f066a214c2f5e87bad3c948f4d605d) (ScriptedImporter) -> (artifact id: 'cec478f21393c11eb3ae59fb772308ac') in 0.0266064 seconds
Number of updated asset objects reloaded before import = 0Number of asset objects unloaded after import = 3

========================================================================
Received Import Request.
  Time since last request: 0.000027 seconds.
  path: Assets/Dungeon Crawler 2D Art Pack/Sprites/Monsters/Green Monster/M1_Left/Idle/Monster1Left-Idle_63.png
  artifactKey: Guid(41050fc0ba96c314bb8d250ed9c57474) Importer(2089858483,b0f066a214c2f5e87bad3c948f4d605d)
Start importing Assets/Dungeon Crawler 2D Art Pack/Sprites/Monsters/Green Monster/M1_Left/Idle/Monster1Left-Idle_63.png using Guid(41050fc0ba96c314bb8d250ed9c57474) Importer(2089858483,b0f066a214c2f5e87bad3c948f4d605d) (ScriptedImporter) -> (artifact id: '85d87302d05a66da7244810fb26710e4') in 0.0286227 seconds
Number of updated asset objects reloaded before import = 0Number of asset objects unloaded after import = 3

========================================================================
Received Import Request.
  Time since last request: 0.000036 seconds.
  path: Assets/Dungeon Crawler 2D Art Pack/Sprites/Monsters/Green Monster/M1_Left/Idle/Monster1Left-Idle_65.png
  artifactKey: Guid(4d28089ba9a8a57499408ff2ba808b7e) Importer(2089858483,b0f066a214c2f5e87bad3c948f4d605d)
Start importing Assets/Dungeon Crawler 2D Art Pack/Sprites/Monsters/Green Monster/M1_Left/Idle/Monster1Left-Idle_65.png using Guid(4d28089ba9a8a57499408ff2ba808b7e) Importer(2089858483,b0f066a214c2f5e87bad3c948f4d605d) (ScriptedImporter) -> (artifact id: '30d2bb81c0e37226f1b034102b9c5105') in 0.019797 seconds
Number of updated asset objects reloaded before import = 0Number of asset objects unloaded after import = 3

========================================================================
Received Import Request.
  Time since last request: 0.000024 seconds.
  path: Assets/Dungeon Crawler 2D Art Pack/Sprites/Monsters/Green Monster/M1_Left/Idle/Monster1Left-Idle_59.png
  artifactKey: Guid(0e49e70825962804fbb40ed47613053a) Importer(2089858483,b0f066a214c2f5e87bad3c948f4d605d)
Start importing Assets/Dungeon Crawler 2D Art Pack/Sprites/Monsters/Green Monster/M1_Left/Idle/Monster1Left-Idle_59.png using Guid(0e49e70825962804fbb40ed47613053a) Importer(2089858483,b0f066a214c2f5e87bad3c948f4d605d) (ScriptedImporter) -> (artifact id: '4f09b4fbed35084cfe58d054e1064872') in 0.0195502 seconds
Number of updated asset objects reloaded before import = 0Number of asset objects unloaded after import = 3

========================================================================
Received Import Request.
  Time since last request: 0.000021 seconds.
  path: Assets/Dungeon Crawler 2D Art Pack/Sprites/Monsters/Green Monster/M1_Left/Hit/Monster1Left-Hit_1.png
  artifactKey: Guid(15932c7d8860a2b499381059564da89e) Importer(2089858483,b0f066a214c2f5e87bad3c948f4d605d)
Start importing Assets/Dungeon Crawler 2D Art Pack/Sprites/Monsters/Green Monster/M1_Left/Hit/Monster1Left-Hit_1.png using Guid(15932c7d8860a2b499381059564da89e) Importer(2089858483,b0f066a214c2f5e87bad3c948f4d605d) (ScriptedImporter) -> (artifact id: '7ecf709e12a74d633ca19abfbca91fec') in 0.0245156 seconds
Number of updated asset objects reloaded before import = 0Number of asset objects unloaded after import = 3

========================================================================
Received Import Request.
  Time since last request: 0.000030 seconds.
  path: Assets/Dungeon Crawler 2D Art Pack/Sprites/Monsters/Green Monster/M1_Left/Idle/Monster1Left-Idle_79.png
  artifactKey: Guid(cc1ba6e116373994bb03e05052901ccb) Importer(2089858483,b0f066a214c2f5e87bad3c948f4d605d)
Start importing Assets/Dungeon Crawler 2D Art Pack/Sprites/Monsters/Green Monster/M1_Left/Idle/Monster1Left-Idle_79.png using Guid(cc1ba6e116373994bb03e05052901ccb) Importer(2089858483,b0f066a214c2f5e87bad3c948f4d605d) (ScriptedImporter) -> (artifact id: '531171f5136c323a7346e1c3ec4fdf5d') in 0.0192367 seconds
Number of updated asset objects reloaded before import = 0Number of asset objects unloaded after import = 3

========================================================================
Received Import Request.
  Time since last request: 0.000041 seconds.
  path: Assets/Dungeon Crawler 2D Art Pack/Sprites/Monsters/Green Monster/M1_Left/Idle/Monster1Left-Idle_82.png
  artifactKey: Guid(cb0b554c42a54ca46a034b43ade51ccb) Importer(2089858483,b0f066a214c2f5e87bad3c948f4d605d)
Start importing Assets/Dungeon Crawler 2D Art Pack/Sprites/Monsters/Green Monster/M1_Left/Idle/Monster1Left-Idle_82.png using Guid(cb0b554c42a54ca46a034b43ade51ccb) Importer(2089858483,b0f066a214c2f5e87bad3c948f4d605d) (ScriptedImporter) -> (artifact id: 'bcf8e5d579bee05fa95979fbe232404f') in 0.020659 seconds
Number of updated asset objects reloaded before import = 0Number of asset objects unloaded after import = 3

========================================================================
Received Import Request.
  Time since last request: 0.000025 seconds.
  path: Assets/Dungeon Crawler 2D Art Pack/Sprites/Monsters/Green Monster/M1_Left/Idle/Monster1Left-Idle_78.png
  artifactKey: Guid(892b613eaca27874c8c69502d7e7dd39) Importer(2089858483,b0f066a214c2f5e87bad3c948f4d605d)
Start importing Assets/Dungeon Crawler 2D Art Pack/Sprites/Monsters/Green Monster/M1_Left/Idle/Monster1Left-Idle_78.png using Guid(892b613eaca27874c8c69502d7e7dd39) Importer(2089858483,b0f066a214c2f5e87bad3c948f4d605d) (ScriptedImporter) -> (artifact id: '07dd7bb891841acff6937c445bb73bde') in 0.0230301 seconds
Number of updated asset objects reloaded before import = 0Number of asset objects unloaded after import = 3

========================================================================
Received Import Request.
  Time since last request: 0.000024 seconds.
  path: Assets/Dungeon Crawler 2D Art Pack/Sprites/Monsters/Green Monster/M1_Left/Idle/Monster1Left-Idle_84.png
  artifactKey: Guid(ab9c5c72578ade846a1044e1c481dac8) Importer(2089858483,b0f066a214c2f5e87bad3c948f4d605d)
Start importing Assets/Dungeon Crawler 2D Art Pack/Sprites/Monsters/Green Monster/M1_Left/Idle/Monster1Left-Idle_84.png using Guid(ab9c5c72578ade846a1044e1c481dac8) Importer(2089858483,b0f066a214c2f5e87bad3c948f4d605d) (ScriptedImporter) -> (artifact id: 'f0de2efb1610388535fdc631302e7213') in 0.0219659 seconds
Number of updated asset objects reloaded before import = 0Number of asset objects unloaded after import = 3

========================================================================
Received Import Request.
  Time since last request: 0.000027 seconds.
  path: Assets/Dungeon Crawler 2D Art Pack/Sprites/Monsters/Green Monster/M1_Left/Hit/Monster1Left-Hit_10.png
  artifactKey: Guid(428aa6e2a4e10a1439fc6a638e06bf20) Importer(2089858483,b0f066a214c2f5e87bad3c948f4d605d)
Start importing Assets/Dungeon Crawler 2D Art Pack/Sprites/Monsters/Green Monster/M1_Left/Hit/Monster1Left-Hit_10.png using Guid(428aa6e2a4e10a1439fc6a638e06bf20) Importer(2089858483,b0f066a214c2f5e87bad3c948f4d605d) (ScriptedImporter) -> (artifact id: '284e93cdb30d2132b1c291e9c39b8b99') in 0.0210675 seconds
Number of updated asset objects reloaded before import = 0Number of asset objects unloaded after import = 3

========================================================================
Received Import Request.
  Time since last request: 0.000030 seconds.
  path: Assets/Dungeon Crawler 2D Art Pack/Sprites/Monsters/Green Monster/M1_Left/Idle/Monster1Left-Idle_95.png
  artifactKey: Guid(d8003582456710f48be4b4889c873f62) Importer(2089858483,b0f066a214c2f5e87bad3c948f4d605d)
Start importing Assets/Dungeon Crawler 2D Art Pack/Sprites/Monsters/Green Monster/M1_Left/Idle/Monster1Left-Idle_95.png using Guid(d8003582456710f48be4b4889c873f62) Importer(2089858483,b0f066a214c2f5e87bad3c948f4d605d) (ScriptedImporter) -> (artifact id: '6e53a1d2c20a801654e9a29ce0994500') in 0.0218109 seconds
Number of updated asset objects reloaded before import = 0Number of asset objects unloaded after import = 3

========================================================================
Received Import Request.
  Time since last request: 0.000022 seconds.
  path: Assets/Dungeon Crawler 2D Art Pack/Sprites/Monsters/Green Monster/M1_Left/Run/Monster1Left-Walk_1.png
  artifactKey: Guid(311c205b29374264ba6e401f23591399) Importer(2089858483,b0f066a214c2f5e87bad3c948f4d605d)
Start importing Assets/Dungeon Crawler 2D Art Pack/Sprites/Monsters/Green Monster/M1_Left/Run/Monster1Left-Walk_1.png using Guid(311c205b29374264ba6e401f23591399) Importer(2089858483,b0f066a214c2f5e87bad3c948f4d605d) (ScriptedImporter) -> (artifact id: '277aba8bb3bed2b0553aea54566a1304') in 0.020575 seconds
Number of updated asset objects reloaded before import = 0Number of asset objects unloaded after import = 3

========================================================================
Received Import Request.
  Time since last request: 0.000026 seconds.
  path: Assets/Dungeon Crawler 2D Art Pack/Sprites/Monsters/Green Monster/M1_Left/Idle/Monster1Left-Idle_99.png
  artifactKey: Guid(a00f3d4c271493d4cb36152272760036) Importer(2089858483,b0f066a214c2f5e87bad3c948f4d605d)
Start importing Assets/Dungeon Crawler 2D Art Pack/Sprites/Monsters/Green Monster/M1_Left/Idle/Monster1Left-Idle_99.png using Guid(a00f3d4c271493d4cb36152272760036) Importer(2089858483,b0f066a214c2f5e87bad3c948f4d605d) (ScriptedImporter) -> (artifact id: 'f03710e67051e4866b1fd58fae31c0c3') in 0.0215006 seconds
Number of updated asset objects reloaded before import = 0Number of asset objects unloaded after import = 3

========================================================================
Received Import Request.
  Time since last request: 0.000027 seconds.
  path: Assets/Dungeon Crawler 2D Art Pack/Sprites/Monsters/Green Monster/M1_Left/Idle/Monster1Left-Idle_94.png
  artifactKey: Guid(bfa94ea5d3779aa448ac8c85eac646f2) Importer(2089858483,b0f066a214c2f5e87bad3c948f4d605d)
Start importing Assets/Dungeon Crawler 2D Art Pack/Sprites/Monsters/Green Monster/M1_Left/Idle/Monster1Left-Idle_94.png using Guid(bfa94ea5d3779aa448ac8c85eac646f2) Importer(2089858483,b0f066a214c2f5e87bad3c948f4d605d) (ScriptedImporter) -> (artifact id: '81bd9877b76517f6159cb4cd66dc5178') in 0.0215012 seconds
Number of updated asset objects reloaded before import = 0Number of asset objects unloaded after import = 3

========================================================================
Received Import Request.
  Time since last request: 0.000035 seconds.
  path: Assets/Dungeon Crawler 2D Art Pack/Sprites/Monsters/Green Monster/M1_Left/Attack/Monster1Left-Attack_17.png
  artifactKey: Guid(99723ee54abb7f444b7611079914a62b) Importer(2089858483,b0f066a214c2f5e87bad3c948f4d605d)
Start importing Assets/Dungeon Crawler 2D Art Pack/Sprites/Monsters/Green Monster/M1_Left/Attack/Monster1Left-Attack_17.png using Guid(99723ee54abb7f444b7611079914a62b) Importer(2089858483,b0f066a214c2f5e87bad3c948f4d605d) (ScriptedImporter) -> (artifact id: 'c42df652f54bda7644f2a03b247dae42') in 0.0315785 seconds
Number of updated asset objects reloaded before import = 0Number of asset objects unloaded after import = 3

========================================================================
Received Import Request.
  Time since last request: 0.000025 seconds.
  path: Assets/Dungeon Crawler 2D Art Pack/Sprites/Monsters/Green Monster/M1_Left/Run/Monster1Left-Walk_16.png
  artifactKey: Guid(0476e50ac5a4bca428e5671228abb21e) Importer(2089858483,b0f066a214c2f5e87bad3c948f4d605d)
Start importing Assets/Dungeon Crawler 2D Art Pack/Sprites/Monsters/Green Monster/M1_Left/Run/Monster1Left-Walk_16.png using Guid(0476e50ac5a4bca428e5671228abb21e) Importer(2089858483,b0f066a214c2f5e87bad3c948f4d605d) (ScriptedImporter) -> (artifact id: 'e4eb53a3c1860aca87e89efff89978b7') in 0.0238384 seconds
Number of updated asset objects reloaded before import = 0Number of asset objects unloaded after import = 3

========================================================================
Received Import Request.
  Time since last request: 0.000020 seconds.
  path: Assets/Dungeon Crawler 2D Art Pack/Sprites/Monsters/Green Monster/M1_Left/Run/Monster1Left-Walk_26.png
  artifactKey: Guid(8849233e810dace4f8dd61a5137bb72d) Importer(2089858483,b0f066a214c2f5e87bad3c948f4d605d)
Start importing Assets/Dungeon Crawler 2D Art Pack/Sprites/Monsters/Green Monster/M1_Left/Run/Monster1Left-Walk_26.png using Guid(8849233e810dace4f8dd61a5137bb72d) Importer(2089858483,b0f066a214c2f5e87bad3c948f4d605d) (ScriptedImporter) -> (artifact id: '4ff89d02af76593ddc4f01571d0b3f2f') in 0.0200352 seconds
Number of updated asset objects reloaded before import = 0Number of asset objects unloaded after import = 3

========================================================================
Received Import Request.
  Time since last request: 0.000028 seconds.
  path: Assets/Dungeon Crawler 2D Art Pack/Sprites/Monsters/Green Monster/M1_Left/Run/Monster1Left-Walk_28.png
  artifactKey: Guid(3a39150efb5b2494392b207cdc1c17a4) Importer(2089858483,b0f066a214c2f5e87bad3c948f4d605d)
Start importing Assets/Dungeon Crawler 2D Art Pack/Sprites/Monsters/Green Monster/M1_Left/Run/Monster1Left-Walk_28.png using Guid(3a39150efb5b2494392b207cdc1c17a4) Importer(2089858483,b0f066a214c2f5e87bad3c948f4d605d) (ScriptedImporter) -> (artifact id: '5fe0a4f13b0ab48958332e59fd59fda2') in 0.0230936 seconds
Number of updated asset objects reloaded before import = 0Number of asset objects unloaded after import = 3

========================================================================
Received Import Request.
  Time since last request: 0.000036 seconds.
  path: Assets/Dungeon Crawler 2D Art Pack/Sprites/Monsters/Green Monster/M1_Left/Run/Monster1Left-Walk_3.png
  artifactKey: Guid(704f5c8a51a02c643a38012f4db797e0) Importer(2089858483,b0f066a214c2f5e87bad3c948f4d605d)
Start importing Assets/Dungeon Crawler 2D Art Pack/Sprites/Monsters/Green Monster/M1_Left/Run/Monster1Left-Walk_3.png using Guid(704f5c8a51a02c643a38012f4db797e0) Importer(2089858483,b0f066a214c2f5e87bad3c948f4d605d) (ScriptedImporter) -> (artifact id: 'ff08d2f87582ac3e34d2f3c4187225e2') in 0.0343221 seconds
Number of updated asset objects reloaded before import = 0Number of asset objects unloaded after import = 3

========================================================================
Received Import Request.
  Time since last request: 0.000024 seconds.
  path: Assets/Dungeon Crawler 2D Art Pack/Sprites/Monsters/Green Monster/M1_Left/Hit/Monster1Left-Hit_15.png
  artifactKey: Guid(72c7a510d4c375440897a3367988c43a) Importer(2089858483,b0f066a214c2f5e87bad3c948f4d605d)
Start importing Assets/Dungeon Crawler 2D Art Pack/Sprites/Monsters/Green Monster/M1_Left/Hit/Monster1Left-Hit_15.png using Guid(72c7a510d4c375440897a3367988c43a) Importer(2089858483,b0f066a214c2f5e87bad3c948f4d605d) (ScriptedImporter) -> (artifact id: 'a0cd163cfd0c2e2f194d39d2720b00a9') in 0.1799313 seconds
Number of updated asset objects reloaded before import = 0Number of asset objects unloaded after import = 3

========================================================================
Received Import Request.
  Time since last request: 0.000025 seconds.
  path: Assets/Dungeon Crawler 2D Art Pack/Sprites/Monsters/Green Monster/M1_Left/Run/Monster1Left-Walk_30.png
  artifactKey: Guid(d7bb18ace798bbe4d8fbad64a6b129b9) Importer(2089858483,b0f066a214c2f5e87bad3c948f4d605d)
Start importing Assets/Dungeon Crawler 2D Art Pack/Sprites/Monsters/Green Monster/M1_Left/Run/Monster1Left-Walk_30.png using Guid(d7bb18ace798bbe4d8fbad64a6b129b9) Importer(2089858483,b0f066a214c2f5e87bad3c948f4d605d) (ScriptedImporter) -> (artifact id: '44b2b08d0b0272fadda774efb63e92e3') in 0.0217378 seconds
Number of updated asset objects reloaded before import = 0Number of asset objects unloaded after import = 3

========================================================================
Received Import Request.
  Time since last request: 0.000040 seconds.
  path: Assets/Dungeon Crawler 2D Art Pack/Sprites/Monsters/Green Monster/M1_Left/Run/Monster1Left-Walk_7.png
  artifactKey: Guid(30a37a10f7024a5488d1ef592bfe8fa2) Importer(2089858483,b0f066a214c2f5e87bad3c948f4d605d)
Start importing Assets/Dungeon Crawler 2D Art Pack/Sprites/Monsters/Green Monster/M1_Left/Run/Monster1Left-Walk_7.png using Guid(30a37a10f7024a5488d1ef592bfe8fa2) Importer(2089858483,b0f066a214c2f5e87bad3c948f4d605d) (ScriptedImporter) -> (artifact id: '7e1d70dbefed78ed20d441a6d259463b') in 0.0210118 seconds
Number of updated asset objects reloaded before import = 0Number of asset objects unloaded after import = 3

========================================================================
Received Import Request.
  Time since last request: 0.000025 seconds.
  path: Assets/Dungeon Crawler 2D Art Pack/Sprites/Monsters/Green Monster/M1_Left/Run/Monster1Left-Walk_6.png
  artifactKey: Guid(32b8029c96e1a6b41ab850fe995dca99) Importer(2089858483,b0f066a214c2f5e87bad3c948f4d605d)
Start importing Assets/Dungeon Crawler 2D Art Pack/Sprites/Monsters/Green Monster/M1_Left/Run/Monster1Left-Walk_6.png using Guid(32b8029c96e1a6b41ab850fe995dca99) Importer(2089858483,b0f066a214c2f5e87bad3c948f4d605d) (ScriptedImporter) -> (artifact id: '4223164713d5f949e16fed1191389be7') in 0.0247197 seconds
Number of updated asset objects reloaded before import = 0Number of asset objects unloaded after import = 3

========================================================================
Received Import Request.
  Time since last request: 0.000021 seconds.
  path: Assets/Spine/Runtime/spine-unity/Shaders/Outline/BlendModes/Spine-Skeleton-PMA-Multiply-Outline.shader
  artifactKey: Guid(4b3566a937643b8498d1ec6df5880b77) Importer(2089858483,b0f066a214c2f5e87bad3c948f4d605d)
Start importing Assets/Spine/Runtime/spine-unity/Shaders/Outline/BlendModes/Spine-Skeleton-PMA-Multiply-Outline.shader using Guid(4b3566a937643b8498d1ec6df5880b77) Importer(2089858483,b0f066a214c2f5e87bad3c948f4d605d) (ScriptedImporter) -> (artifact id: 'dbcbb6dbc00e566e438f50ad897d510f') in 0.0183648 seconds
Number of updated asset objects reloaded before import = 0Number of asset objects unloaded after import = 2

========================================================================
Received Import Request.
  Time since last request: 0.000025 seconds.
  path: Assets/GeneratedLocalRepo/Firebase/m2repository/com/google/firebase/firebase-app-unity/13.15.0/firebase-app-unity-13.15.0.aar
  artifactKey: Guid(843b4c962004534479dceb47f0c4c802) Importer(2089858483,b0f066a214c2f5e87bad3c948f4d605d)
Start importing Assets/GeneratedLocalRepo/Firebase/m2repository/com/google/firebase/firebase-app-unity/13.15.0/firebase-app-unity-13.15.0.aar using Guid(843b4c962004534479dceb47f0c4c802) Importer(2089858483,b0f066a214c2f5e87bad3c948f4d605d) (ScriptedImporter) -> (artifact id: '5e30a00e002d45b5518b5577a567e800') in 0.0136939 seconds
Number of updated asset objects reloaded before import = 0Number of asset objects unloaded after import = 0

========================================================================
Received Import Request.
  Time since last request: 0.000033 seconds.
  path: Assets/FireBase/m2repository/com/google/firebase/firebase-storage-unity/13.15.0/firebase-storage-unity-13.15.0.srcaar
  artifactKey: Guid(2198843e13ab4bfba11b632585464cee) Importer(2089858483,b0f066a214c2f5e87bad3c948f4d605d)
Start importing Assets/FireBase/m2repository/com/google/firebase/firebase-storage-unity/13.15.0/firebase-storage-unity-13.15.0.srcaar using Guid(2198843e13ab4bfba11b632585464cee) Importer(2089858483,b0f066a214c2f5e87bad3c948f4d605d) (ScriptedImporter) -> (artifact id: '2c83e6020c41a40da6bd94a65570e4c7') in 0.0116049 seconds
Number of updated asset objects reloaded before import = 0Number of asset objects unloaded after import = 1

========================================================================
Received Import Request.
  Time since last request: 0.000021 seconds.
  path: Assets/Spine/Runtime/spine-unity/Shaders/Sprite/CGIncludes/ShaderMaths.cginc
  artifactKey: Guid(e1de23de2025abe4a84ff2edd3f24491) Importer(2089858483,b0f066a214c2f5e87bad3c948f4d605d)
Start importing Assets/Spine/Runtime/spine-unity/Shaders/Sprite/CGIncludes/ShaderMaths.cginc using Guid(e1de23de2025abe4a84ff2edd3f24491) Importer(2089858483,b0f066a214c2f5e87bad3c948f4d605d) (ScriptedImporter) -> (artifact id: '155293efa8a0f1f724b9f97d48c435d1') in 0.0114021 seconds
Number of updated asset objects reloaded before import = 0Number of asset objects unloaded after import = 1

========================================================================
Received Import Request.
  Time since last request: 0.000022 seconds.
  path: Assets/Spine/Runtime/spine-unity/Shaders/Sprite/CGIncludes/SpritePixelLighting.cginc
  artifactKey: Guid(7ffc57e05c42ec748838bea0a3aff9f9) Importer(2089858483,b0f066a214c2f5e87bad3c948f4d605d)
Start importing Assets/Spine/Runtime/spine-unity/Shaders/Sprite/CGIncludes/SpritePixelLighting.cginc using Guid(7ffc57e05c42ec748838bea0a3aff9f9) Importer(2089858483,b0f066a214c2f5e87bad3c948f4d605d) (ScriptedImporter) -> (artifact id: 'cb4cb85d9ec6b3bd4c4de131978f0840') in 0.0123008 seconds
Number of updated asset objects reloaded before import = 0Number of asset objects unloaded after import = 1

========================================================================
Received Import Request.
  Time since last request: 0.000018 seconds.
  path: Assets/Dungeon Crawler 2D Art Pack/Sprites/Monsters/Green Monster/M1_Left/Hit/Monster1Left-Hit_6.png
  artifactKey: Guid(2be1126a9402f704f8689f0b50fa8ecb) Importer(2089858483,b0f066a214c2f5e87bad3c948f4d605d)
Start importing Assets/Dungeon Crawler 2D Art Pack/Sprites/Monsters/Green Monster/M1_Left/Hit/Monster1Left-Hit_6.png using Guid(2be1126a9402f704f8689f0b50fa8ecb) Importer(2089858483,b0f066a214c2f5e87bad3c948f4d605d) (ScriptedImporter) -> (artifact id: '2c92f02c20e9453dbe59d0504476cd22') in 0.023767 seconds
Number of updated asset objects reloaded before import = 0Number of asset objects unloaded after import = 3

========================================================================
Received Import Request.
  Time since last request: 0.000035 seconds.
  path: Assets/GeneratedLocalRepo/Firebase/m2repository/com/google/firebase/firebase-auth-unity/13.15.0/firebase-auth-unity-13.15.0.aar
  artifactKey: Guid(25861e9f7ea27c24b8fa4de9b3d9b84f) Importer(2089858483,b0f066a214c2f5e87bad3c948f4d605d)
Start importing Assets/GeneratedLocalRepo/Firebase/m2repository/com/google/firebase/firebase-auth-unity/13.15.0/firebase-auth-unity-13.15.0.aar using Guid(25861e9f7ea27c24b8fa4de9b3d9b84f) Importer(2089858483,b0f066a214c2f5e87bad3c948f4d605d) (ScriptedImporter) -> (artifact id: '39dfe48a09615773fe9ff181b0c60595') in 0.0146714 seconds
Number of updated asset objects reloaded before import = 0Number of asset objects unloaded after import = 0

========================================================================
Received Import Request.
  Time since last request: 0.000024 seconds.
  path: Assets/GeneratedLocalRepo/Firebase/m2repository/com/google/firebase/firebase-app-unity/13.15.0/firebase-app-unity-13.15.0.pom
  artifactKey: Guid(79a3a8818df3924429afaafe35e316b3) Importer(2089858483,b0f066a214c2f5e87bad3c948f4d605d)
Start importing Assets/GeneratedLocalRepo/Firebase/m2repository/com/google/firebase/firebase-app-unity/13.15.0/firebase-app-unity-13.15.0.pom using Guid(79a3a8818df3924429afaafe35e316b3) Importer(2089858483,b0f066a214c2f5e87bad3c948f4d605d) (ScriptedImporter) -> (artifact id: '9e287071ffad469e1b78429d25833c9b') in 0.0129407 seconds
Number of updated asset objects reloaded before import = 0Number of asset objects unloaded after import = 1

========================================================================
Received Import Request.
  Time since last request: 0.000019 seconds.
  path: Assets/Dungeon Crawler 2D Art Pack/Sprites/Monsters/Green Monster/M1_Left/Idle/Monster1Left-Idle_67.png
  artifactKey: Guid(5444a92f6eb9b334da7d39a3a0ebb57d) Importer(2089858483,b0f066a214c2f5e87bad3c948f4d605d)
Start importing Assets/Dungeon Crawler 2D Art Pack/Sprites/Monsters/Green Monster/M1_Left/Idle/Monster1Left-Idle_67.png using Guid(5444a92f6eb9b334da7d39a3a0ebb57d) Importer(2089858483,b0f066a214c2f5e87bad3c948f4d605d) (ScriptedImporter) -> (artifact id: '212cd01068beca106939396ea36bc649') in 0.0225836 seconds
Number of updated asset objects reloaded before import = 0Number of asset objects unloaded after import = 3

========================================================================
Received Import Request.
  Time since last request: 0.000026 seconds.
  path: Assets/Spine/Runtime/spine-unity/Shaders/Outline/SkeletonGraphic/Spine-SkeletonGraphic-Outline.shader
  artifactKey: Guid(8f5d14d2a7fedb84998c50eb96c8b748) Importer(2089858483,b0f066a214c2f5e87bad3c948f4d605d)
Start importing Assets/Spine/Runtime/spine-unity/Shaders/Outline/SkeletonGraphic/Spine-SkeletonGraphic-Outline.shader using Guid(8f5d14d2a7fedb84998c50eb96c8b748) Importer(2089858483,b0f066a214c2f5e87bad3c948f4d605d) (ScriptedImporter) -> (artifact id: '810602219d3d9b0cdc686aa71385869c') in 0.0229034 seconds
Number of updated asset objects reloaded before import = 0Number of asset objects unloaded after import = 1

========================================================================
Received Import Request.
  Time since last request: 0.000036 seconds.
  path: Assets/Spine/Runtime/spine-unity/Shaders/Outline/BlendModes/Spine-Skeleton-PMA-Additive-Outline.shader
  artifactKey: Guid(0299ffae826705448b6c80ccc6a53b75) Importer(2089858483,b0f066a214c2f5e87bad3c948f4d605d)
Start importing Assets/Spine/Runtime/spine-unity/Shaders/Outline/BlendModes/Spine-Skeleton-PMA-Additive-Outline.shader using Guid(0299ffae826705448b6c80ccc6a53b75) Importer(2089858483,b0f066a214c2f5e87bad3c948f4d605d) (ScriptedImporter) -> (artifact id: 'd38c5f47740de08dd25849f0fef1cf11') in 0.0133348 seconds
Number of updated asset objects reloaded before import = 0Number of asset objects unloaded after import = 2

========================================================================
Received Import Request.
  Time since last request: 0.000027 seconds.
  path: Assets/Dungeon Crawler 2D Art Pack/Sprites/Monsters/Green Monster/M1_Back/Attack/Monster1Back-Attack_3.png
  artifactKey: Guid(d88bd46fae3b22545a1229764615b30b) Importer(2089858483,b0f066a214c2f5e87bad3c948f4d605d)
Start importing Assets/Dungeon Crawler 2D Art Pack/Sprites/Monsters/Green Monster/M1_Back/Attack/Monster1Back-Attack_3.png using Guid(d88bd46fae3b22545a1229764615b30b) Importer(2089858483,b0f066a214c2f5e87bad3c948f4d605d) (ScriptedImporter) -> (artifact id: 'eee7d5b7aeb86b0b923d918a689f0421') in 0.0203757 seconds
Number of updated asset objects reloaded before import = 0Number of asset objects unloaded after import = 3

========================================================================
Received Import Request.
  Time since last request: 0.000023 seconds.
  path: Assets/Dungeon Crawler 2D Art Pack/Sprites/Monsters/Green Monster/M1_Left/Run/Monster1Left-Walk_11.png
  artifactKey: Guid(8f6b14e07db868541bb0e46f19360f42) Importer(2089858483,b0f066a214c2f5e87bad3c948f4d605d)
Start importing Assets/Dungeon Crawler 2D Art Pack/Sprites/Monsters/Green Monster/M1_Left/Run/Monster1Left-Walk_11.png using Guid(8f6b14e07db868541bb0e46f19360f42) Importer(2089858483,b0f066a214c2f5e87bad3c948f4d605d) (ScriptedImporter) -> (artifact id: '300a8386e97964f13f3433938a2d2c0d') in 0.0207256 seconds
Number of updated asset objects reloaded before import = 0Number of asset objects unloaded after import = 3

========================================================================
Received Import Request.
  Time since last request: 0.000021 seconds.
  path: Assets/Dungeon Crawler 2D Art Pack/Sprites/Monsters/Green Monster/M1_Back/Attack/Monster1Back-Attack_14.png
  artifactKey: Guid(508bc65247237574ab70671e2af1af7e) Importer(2089858483,b0f066a214c2f5e87bad3c948f4d605d)
Start importing Assets/Dungeon Crawler 2D Art Pack/Sprites/Monsters/Green Monster/M1_Back/Attack/Monster1Back-Attack_14.png using Guid(508bc65247237574ab70671e2af1af7e) Importer(2089858483,b0f066a214c2f5e87bad3c948f4d605d) (ScriptedImporter) -> (artifact id: '473bd05e35b6d55252fd4d86d32747d9') in 0.0196146 seconds
Number of updated asset objects reloaded before import = 0Number of asset objects unloaded after import = 3

========================================================================
Received Import Request.
  Time since last request: 0.000040 seconds.
  path: Assets/Dungeon Crawler 2D Art Pack/Sprites/Monsters/Green Monster/M1_Front/Idle/Monster1Front-Idle_80.png
  artifactKey: Guid(4bb7b2e6a7f484b4c992732511cfdfb3) Importer(2089858483,b0f066a214c2f5e87bad3c948f4d605d)
Start importing Assets/Dungeon Crawler 2D Art Pack/Sprites/Monsters/Green Monster/M1_Front/Idle/Monster1Front-Idle_80.png using Guid(4bb7b2e6a7f484b4c992732511cfdfb3) Importer(2089858483,b0f066a214c2f5e87bad3c948f4d605d) (ScriptedImporter) -> (artifact id: 'b170c0232a4812b54d22e8f8ed08486a') in 0.0218759 seconds
Number of updated asset objects reloaded before import = 0Number of asset objects unloaded after import = 3

========================================================================
Received Import Request.
  Time since last request: 0.000025 seconds.
  path: Assets/Dungeon Crawler 2D Art Pack/Sprites/Monsters/Boss/BossBack/Idle/Monster3Back-Idle_10.png
  artifactKey: Guid(89dcf42a8cfc8114fb86db4ce732c4d5) Importer(2089858483,b0f066a214c2f5e87bad3c948f4d605d)
Start importing Assets/Dungeon Crawler 2D Art Pack/Sprites/Monsters/Boss/BossBack/Idle/Monster3Back-Idle_10.png using Guid(89dcf42a8cfc8114fb86db4ce732c4d5) Importer(2089858483,b0f066a214c2f5e87bad3c948f4d605d) (ScriptedImporter) -> (artifact id: '0e6de711630a41747fb693c6e909c940') in 0.0231684 seconds
Number of updated asset objects reloaded before import = 0Number of asset objects unloaded after import = 3

========================================================================
Received Import Request.
  Time since last request: 0.000019 seconds.
  path: Assets/Dungeon Crawler 2D Art Pack/Sprites/Monsters/Green Monster/M1_Front/Attack/Monster1Front-Attack_2.png
  artifactKey: Guid(36712ba1fc27c3f45a06877191c736fe) Importer(2089858483,b0f066a214c2f5e87bad3c948f4d605d)
Start importing Assets/Dungeon Crawler 2D Art Pack/Sprites/Monsters/Green Monster/M1_Front/Attack/Monster1Front-Attack_2.png using Guid(36712ba1fc27c3f45a06877191c736fe) Importer(2089858483,b0f066a214c2f5e87bad3c948f4d605d) (ScriptedImporter) -> (artifact id: 'a0e87670cbe9caaa6c13b04276b905f4') in 0.0230212 seconds
Number of updated asset objects reloaded before import = 0Number of asset objects unloaded after import = 3

========================================================================
Received Import Request.
  Time since last request: 0.000027 seconds.
  path: Assets/Spine2D Knight Character Animation Pack/Exports/Frame by frame/idle_1/clown_export-idle_2_6.png
  artifactKey: Guid(95ec2c2216d7c824f8d424f6ebec024d) Importer(2089858483,b0f066a214c2f5e87bad3c948f4d605d)
Start importing Assets/Spine2D Knight Character Animation Pack/Exports/Frame by frame/idle_1/clown_export-idle_2_6.png using Guid(95ec2c2216d7c824f8d424f6ebec024d) Importer(2089858483,b0f066a214c2f5e87bad3c948f4d605d) (ScriptedImporter) -> (artifact id: '3931553b9d3fbc690decf4cce349dd1d') in 0.0364943 seconds
Number of updated asset objects reloaded before import = 0Number of asset objects unloaded after import = 3

========================================================================
Received Import Request.
  Time since last request: 0.000057 seconds.
  path: Assets/Spine2D Knight Character Animation Pack/Exports/Frame by frame/idle_1/clown_export-idle_2_13.png
  artifactKey: Guid(edb58505378760649bc8eeed7b12a5e8) Importer(2089858483,b0f066a214c2f5e87bad3c948f4d605d)
Start importing Assets/Spine2D Knight Character Animation Pack/Exports/Frame by frame/idle_1/clown_export-idle_2_13.png using Guid(edb58505378760649bc8eeed7b12a5e8) Importer(2089858483,b0f066a214c2f5e87bad3c948f4d605d) (ScriptedImporter) -> (artifact id: '3de7da40e28a91774ed10fef58c4eed2') in 0.0171684 seconds
Number of updated asset objects reloaded before import = 0Number of asset objects unloaded after import = 3

========================================================================
Received Import Request.
  Time since last request: 0.000024 seconds.
  path: Assets/Spine2D Knight Character Animation Pack/Exports/Frame by frame/buff_3/clown_export-buff_3_43.png
  artifactKey: Guid(6d9c94249585d174fa6ee7a094af9788) Importer(2089858483,b0f066a214c2f5e87bad3c948f4d605d)
Start importing Assets/Spine2D Knight Character Animation Pack/Exports/Frame by frame/buff_3/clown_export-buff_3_43.png using Guid(6d9c94249585d174fa6ee7a094af9788) Importer(2089858483,b0f066a214c2f5e87bad3c948f4d605d) (ScriptedImporter) -> (artifact id: 'df569cf0de04b4017760093dc14fde73') in 0.0238833 seconds
Number of updated asset objects reloaded before import = 0Number of asset objects unloaded after import = 3

========================================================================
Received Import Request.
  Time since last request: 0.000023 seconds.
  path: Assets/Spine2D Knight Character Animation Pack/Exports/Frame by frame/walk/clown_export-walk_9.png
  artifactKey: Guid(bf597052ddf893740860d4989b3d23e2) Importer(2089858483,b0f066a214c2f5e87bad3c948f4d605d)
Start importing Assets/Spine2D Knight Character Animation Pack/Exports/Frame by frame/walk/clown_export-walk_9.png using Guid(bf597052ddf893740860d4989b3d23e2) Importer(2089858483,b0f066a214c2f5e87bad3c948f4d605d) (ScriptedImporter) -> (artifact id: '1646239258690bd544794947a1273da7') in 0.0304093 seconds
Number of updated asset objects reloaded before import = 0Number of asset objects unloaded after import = 3

========================================================================
Received Import Request.
  Time since last request: 0.000029 seconds.
  path: Assets/Spine2D Knight Character Animation Pack/Exports/Frame by frame/stun/clown_export-stun_11.png
  artifactKey: Guid(916eb1be6cdb23f43b8f7c235d158c69) Importer(2089858483,b0f066a214c2f5e87bad3c948f4d605d)
Start importing Assets/Spine2D Knight Character Animation Pack/Exports/Frame by frame/stun/clown_export-stun_11.png using Guid(916eb1be6cdb23f43b8f7c235d158c69) Importer(2089858483,b0f066a214c2f5e87bad3c948f4d605d) (ScriptedImporter) -> (artifact id: '762dc23fbe8829908635ab0596100f69') in 0.0182296 seconds
Number of updated asset objects reloaded before import = 0Number of asset objects unloaded after import = 3

========================================================================
Received Import Request.
  Time since last request: 0.000042 seconds.
  path: Assets/Dungeon Crawler 2D Art Pack/Spine Projects/ExportedForUnity/Monster1/Left/Monster1Left.png
  artifactKey: Guid(61dc08b524755274286ad202bece6405) Importer(2089858483,b0f066a214c2f5e87bad3c948f4d605d)
Start importing Assets/Dungeon Crawler 2D Art Pack/Spine Projects/ExportedForUnity/Monster1/Left/Monster1Left.png using Guid(61dc08b524755274286ad202bece6405) Importer(2089858483,b0f066a214c2f5e87bad3c948f4d605d) (ScriptedImporter) -> (artifact id: '4d3ece5a57d59ef9032b86fa2c876c2b') in 0.0181233 seconds
Number of updated asset objects reloaded before import = 0Number of asset objects unloaded after import = 3

========================================================================
Received Import Request.
  Time since last request: 0.000022 seconds.
  path: Assets/Spine2D Knight Character Animation Pack/Exports/Frame by frame/jump/clown_export-jump_22.png
  artifactKey: Guid(6bd4256ce7ebee44893b5c66c8a2ab68) Importer(2089858483,b0f066a214c2f5e87bad3c948f4d605d)
Start importing Assets/Spine2D Knight Character Animation Pack/Exports/Frame by frame/jump/clown_export-jump_22.png using Guid(6bd4256ce7ebee44893b5c66c8a2ab68) Importer(2089858483,b0f066a214c2f5e87bad3c948f4d605d) (ScriptedImporter) -> (artifact id: '3c1832a36a0357f0a0ef88a81e0faeab') in 0.0245505 seconds
Number of updated asset objects reloaded before import = 0Number of asset objects unloaded after import = 3

========================================================================
Received Import Request.
  Time since last request: 0.000024 seconds.
  path: Assets/Dungeon Crawler 2D Art Pack/Sprites/Monsters/Flying Monster/Left/Idle/Monster2Left-Idle_5.png
  artifactKey: Guid(df8114325006f0748a4fe3f052af5f5c) Importer(2089858483,b0f066a214c2f5e87bad3c948f4d605d)
Start importing Assets/Dungeon Crawler 2D Art Pack/Sprites/Monsters/Flying Monster/Left/Idle/Monster2Left-Idle_5.png using Guid(df8114325006f0748a4fe3f052af5f5c) Importer(2089858483,b0f066a214c2f5e87bad3c948f4d605d) (ScriptedImporter) -> (artifact id: '318b12f4f49c2ce12634bbcdf1e27d94') in 0.0193699 seconds
Number of updated asset objects reloaded before import = 0Number of asset objects unloaded after import = 3

========================================================================
Received Import Request.
  Time since last request: 0.000031 seconds.
  path: Assets/Spine2D Knight Character Animation Pack/Exports/Frame by frame/buff_3/clown_export-buff_3_21.png
  artifactKey: Guid(1acf7522925e02844b13b655e84948c1) Importer(2089858483,b0f066a214c2f5e87bad3c948f4d605d)
Start importing Assets/Spine2D Knight Character Animation Pack/Exports/Frame by frame/buff_3/clown_export-buff_3_21.png using Guid(1acf7522925e02844b13b655e84948c1) Importer(2089858483,b0f066a214c2f5e87bad3c948f4d605d) (ScriptedImporter) -> (artifact id: 'e5d4a501634c3811d166a6172ac0be48') in 0.0222371 seconds
Number of updated asset objects reloaded before import = 0Number of asset objects unloaded after import = 3

========================================================================
Received Import Request.
  Time since last request: 0.000040 seconds.
  path: Assets/Spine2D Knight Character Animation Pack/Exports/Frame by frame/idle_2/clown_export-idle_3_12.png
  artifactKey: Guid(4f00eede581ef5e49b7f51b4f5a01f2a) Importer(2089858483,b0f066a214c2f5e87bad3c948f4d605d)
Start importing Assets/Spine2D Knight Character Animation Pack/Exports/Frame by frame/idle_2/clown_export-idle_3_12.png using Guid(4f00eede581ef5e49b7f51b4f5a01f2a) Importer(2089858483,b0f066a214c2f5e87bad3c948f4d605d) (ScriptedImporter) -> (artifact id: '4278195015ff989c75cd9e1dd1dfc79a') in 0.0202363 seconds
Number of updated asset objects reloaded before import = 0Number of asset objects unloaded after import = 3

========================================================================
Received Import Request.
  Time since last request: 0.000020 seconds.
  path: Assets/Dungeon Crawler 2D Art Pack/Sprites/Player/Character_Left/Idle/CharacterLeft-Idle_22.png
  artifactKey: Guid(4aa60fe14eab399429d9465b32ebfb70) Importer(2089858483,b0f066a214c2f5e87bad3c948f4d605d)
Start importing Assets/Dungeon Crawler 2D Art Pack/Sprites/Player/Character_Left/Idle/CharacterLeft-Idle_22.png using Guid(4aa60fe14eab399429d9465b32ebfb70) Importer(2089858483,b0f066a214c2f5e87bad3c948f4d605d) (ScriptedImporter) -> (artifact id: 'cc1d1bad9eb38f71f49dde5c46fc7fa9') in 0.0228613 seconds
Number of updated asset objects reloaded before import = 0Number of asset objects unloaded after import = 3

========================================================================
Received Import Request.
  Time since last request: 0.000022 seconds.
  path: Assets/Dungeon Crawler 2D Art Pack/Sprites/Monsters/Boss/BossFront/Hit/Monster3Front-Hit_4.png
  artifactKey: Guid(e3ab32eb260e50041ac434186ef04914) Importer(2089858483,b0f066a214c2f5e87bad3c948f4d605d)
Start importing Assets/Dungeon Crawler 2D Art Pack/Sprites/Monsters/Boss/BossFront/Hit/Monster3Front-Hit_4.png using Guid(e3ab32eb260e50041ac434186ef04914) Importer(2089858483,b0f066a214c2f5e87bad3c948f4d605d) (ScriptedImporter) -> (artifact id: '06254257ebceacd1a4cdcc1e75174bfc') in 0.0209258 seconds
Number of updated asset objects reloaded before import = 0Number of asset objects unloaded after import = 3

========================================================================
Received Import Request.
  Time since last request: 0.000027 seconds.
  path: Assets/Dungeon Crawler 2D Art Pack/Sprites/Monsters/Boss/BossBack/Attack/Monster3Back-Attack_10.png
  artifactKey: Guid(d01a4ff91f532254da484a94221dcdfd) Importer(2089858483,b0f066a214c2f5e87bad3c948f4d605d)
Start importing Assets/Dungeon Crawler 2D Art Pack/Sprites/Monsters/Boss/BossBack/Attack/Monster3Back-Attack_10.png using Guid(d01a4ff91f532254da484a94221dcdfd) Importer(2089858483,b0f066a214c2f5e87bad3c948f4d605d) (ScriptedImporter) -> (artifact id: '74eaaad723e3ddbe4813a560f74ad888') in 0.0203896 seconds
Number of updated asset objects reloaded before import = 0Number of asset objects unloaded after import = 3

========================================================================
Received Import Request.
  Time since last request: 0.000042 seconds.
  path: Assets/Spine2D Knight Character Animation Pack/Exports/Frame by frame/buff_3/clown_export-buff_3_22.png
  artifactKey: Guid(6814cefcb59492841b2905149a7cd499) Importer(2089858483,b0f066a214c2f5e87bad3c948f4d605d)
Start importing Assets/Spine2D Knight Character Animation Pack/Exports/Frame by frame/buff_3/clown_export-buff_3_22.png using Guid(6814cefcb59492841b2905149a7cd499) Importer(2089858483,b0f066a214c2f5e87bad3c948f4d605d) (ScriptedImporter) -> (artifact id: '14b932f00ca042c7bc76d54855fc8925') in 0.0212443 seconds
Number of updated asset objects reloaded before import = 0Number of asset objects unloaded after import = 3

========================================================================
Received Import Request.
  Time since last request: 0.000024 seconds.
  path: Assets/Dungeon Crawler 2D Art Pack/Sprites/Monsters/Boss/BossFront/Run/Monster3Front-Run_10.png
  artifactKey: Guid(3dad2636cd4c96a4e82f49205ea3bc26) Importer(2089858483,b0f066a214c2f5e87bad3c948f4d605d)
Start importing Assets/Dungeon Crawler 2D Art Pack/Sprites/Monsters/Boss/BossFront/Run/Monster3Front-Run_10.png using Guid(3dad2636cd4c96a4e82f49205ea3bc26) Importer(2089858483,b0f066a214c2f5e87bad3c948f4d605d) (ScriptedImporter) -> (artifact id: '6464417935fbea3e9bf3bea6bcbbd6ae') in 0.0225902 seconds
Number of updated asset objects reloaded before import = 0Number of asset objects unloaded after import = 3

========================================================================
Received Import Request.
  Time since last request: 0.000019 seconds.
  path: Assets/Dungeon Crawler 2D Art Pack/Sprites/Monsters/Boss/BossFront/Idle/Monster3Front-Idle_26.png
  artifactKey: Guid(cbb65757773576d4eb6c9bce233dc6f8) Importer(2089858483,b0f066a214c2f5e87bad3c948f4d605d)
Start importing Assets/Dungeon Crawler 2D Art Pack/Sprites/Monsters/Boss/BossFront/Idle/Monster3Front-Idle_26.png using Guid(cbb65757773576d4eb6c9bce233dc6f8) Importer(2089858483,b0f066a214c2f5e87bad3c948f4d605d) (ScriptedImporter) -> (artifact id: 'ad4650aae934c8fa4c7ff44985a0d898') in 0.0220543 seconds
Number of updated asset objects reloaded before import = 0Number of asset objects unloaded after import = 3

========================================================================
Received Import Request.
  Time since last request: 0.000027 seconds.
  path: Assets/Spine/Runtime/spine-unity/Shaders/BlendModes/Spine-Skeleton-PMA-Screen.shader
  artifactKey: Guid(4e8caa36c07aacf4ab270da00784e4d9) Importer(2089858483,b0f066a214c2f5e87bad3c948f4d605d)
Start importing Assets/Spine/Runtime/spine-unity/Shaders/BlendModes/Spine-Skeleton-PMA-Screen.shader using Guid(4e8caa36c07aacf4ab270da00784e4d9) Importer(2089858483,b0f066a214c2f5e87bad3c948f4d605d) (ScriptedImporter) -> (artifact id: '2bb1a222c3f66a31884df54cb980c141') in 0.0130341 seconds
Number of updated asset objects reloaded before import = 0Number of asset objects unloaded after import = 1

========================================================================
Received Import Request.
  Time since last request: 0.000043 seconds.
  path: Assets/Dungeon Crawler 2D Art Pack/Sprites/Player/Character_Front/Idle/CharacterFront-Idle_4.png
  artifactKey: Guid(58d64d4671e955143bc000f017a33d00) Importer(2089858483,b0f066a214c2f5e87bad3c948f4d605d)
Start importing Assets/Dungeon Crawler 2D Art Pack/Sprites/Player/Character_Front/Idle/CharacterFront-Idle_4.png using Guid(58d64d4671e955143bc000f017a33d00) Importer(2089858483,b0f066a214c2f5e87bad3c948f4d605d) (ScriptedImporter) -> (artifact id: '0316edb5a261b449bdf65a5c3f1a0489') in 0.0204022 seconds
Number of updated asset objects reloaded before import = 0Number of asset objects unloaded after import = 3

========================================================================
Received Import Request.
  Time since last request: 0.000025 seconds.
  path: Assets/Dungeon Crawler 2D Art Pack/Sprites/Monsters/Boss/BossBack/Idle/Monster3Back-Idle_19.png
  artifactKey: Guid(11605a11182eb1a4386a41cda9b63a02) Importer(2089858483,b0f066a214c2f5e87bad3c948f4d605d)
Start importing Assets/Dungeon Crawler 2D Art Pack/Sprites/Monsters/Boss/BossBack/Idle/Monster3Back-Idle_19.png using Guid(11605a11182eb1a4386a41cda9b63a02) Importer(2089858483,b0f066a214c2f5e87bad3c948f4d605d) (ScriptedImporter) -> (artifact id: '955f91a6c036885db69922c215989eb9') in 0.0215465 seconds
Number of updated asset objects reloaded before import = 0Number of asset objects unloaded after import = 3

========================================================================
Received Import Request.
  Time since last request: 0.000026 seconds.
  path: Assets/Spine2D Knight Character Animation Pack/Exports/Frame by frame/shield_attack/clown_export-shield_attack_28.png
  artifactKey: Guid(2743c9dd96d2fe740bdacbd089d811c4) Importer(2089858483,b0f066a214c2f5e87bad3c948f4d605d)
Start importing Assets/Spine2D Knight Character Animation Pack/Exports/Frame by frame/shield_attack/clown_export-shield_attack_28.png using Guid(2743c9dd96d2fe740bdacbd089d811c4) Importer(2089858483,b0f066a214c2f5e87bad3c948f4d605d) (ScriptedImporter) -> (artifact id: '030214c931a60e5d993949e04fde7d62') in 0.0186976 seconds
Number of updated asset objects reloaded before import = 0Number of asset objects unloaded after import = 3

========================================================================
Received Import Request.
  Time since last request: 0.000024 seconds.
  path: Assets/Dungeon Crawler 2D Art Pack/Sprites/Monsters/Flying Monster/Back/Attack/Monster1Back-Attack_0.png
  artifactKey: Guid(bf302bc71cc090547b71141555361cba) Importer(2089858483,b0f066a214c2f5e87bad3c948f4d605d)
Start importing Assets/Dungeon Crawler 2D Art Pack/Sprites/Monsters/Flying Monster/Back/Attack/Monster1Back-Attack_0.png using Guid(bf302bc71cc090547b71141555361cba) Importer(2089858483,b0f066a214c2f5e87bad3c948f4d605d) (ScriptedImporter) -> (artifact id: '09ad24e6ebe030f518997bf47e331b3c') in 0.0249716 seconds
Number of updated asset objects reloaded before import = 0Number of asset objects unloaded after import = 3

========================================================================
Received Import Request.
  Time since last request: 0.000038 seconds.
  path: Assets/Spine2D Knight Character Animation Pack/Exports/Frame by frame/jump/clown_export-jump_35.png
  artifactKey: Guid(6f52aa39aa12d8443a1e9b2306cf32df) Importer(2089858483,b0f066a214c2f5e87bad3c948f4d605d)
Start importing Assets/Spine2D Knight Character Animation Pack/Exports/Frame by frame/jump/clown_export-jump_35.png using Guid(6f52aa39aa12d8443a1e9b2306cf32df) Importer(2089858483,b0f066a214c2f5e87bad3c948f4d605d) (ScriptedImporter) -> (artifact id: 'b37f9ecdd299bfd8e9c2623edad38330') in 0.0251857 seconds
Number of updated asset objects reloaded before import = 0Number of asset objects unloaded after import = 3

========================================================================
Received Import Request.
  Time since last request: 0.000023 seconds.
  path: Assets/Spine2D Knight Character Animation Pack/Exports/Frame by frame/shield_attack/clown_export-shield_attack_21.png
  artifactKey: Guid(af6f98f5da046c743b5078b2fdb9396e) Importer(2089858483,b0f066a214c2f5e87bad3c948f4d605d)
Start importing Assets/Spine2D Knight Character Animation Pack/Exports/Frame by frame/shield_attack/clown_export-shield_attack_21.png using Guid(af6f98f5da046c743b5078b2fdb9396e) Importer(2089858483,b0f066a214c2f5e87bad3c948f4d605d) (ScriptedImporter) -> (artifact id: '0edd56a29d6e9975f6ce0c98dd83512f') in 0.026693 seconds
Number of updated asset objects reloaded before import = 0Number of asset objects unloaded after import = 3

========================================================================
Received Import Request.
  Time since last request: 0.000025 seconds.
  path: Assets/Spine2D Knight Character Animation Pack/Exports/Frame by frame/walk_shield/clown_export-walk_shield_6.png
  artifactKey: Guid(3ad9c362753f9d44ca58b22879ddb432) Importer(2089858483,b0f066a214c2f5e87bad3c948f4d605d)
Start importing Assets/Spine2D Knight Character Animation Pack/Exports/Frame by frame/walk_shield/clown_export-walk_shield_6.png using Guid(3ad9c362753f9d44ca58b22879ddb432) Importer(2089858483,b0f066a214c2f5e87bad3c948f4d605d) (ScriptedImporter) -> (artifact id: '28279ad79241c4053f0b2897fe5241f6') in 0.0190928 seconds
Number of updated asset objects reloaded before import = 0Number of asset objects unloaded after import = 3

========================================================================
Received Import Request.
  Time since last request: 0.000024 seconds.
  path: Assets/Spine2D Knight Character Animation Pack/Exports/Frame by frame/dead/clown_export-dead_30.png
  artifactKey: Guid(1f5b9428b5af0414f809cd8deb2bc2aa) Importer(2089858483,b0f066a214c2f5e87bad3c948f4d605d)
Start importing Assets/Spine2D Knight Character Animation Pack/Exports/Frame by frame/dead/clown_export-dead_30.png using Guid(1f5b9428b5af0414f809cd8deb2bc2aa) Importer(2089858483,b0f066a214c2f5e87bad3c948f4d605d) (ScriptedImporter) -> (artifact id: 'bb0d0eca50410cb1b8450a16a058392f') in 0.0223995 seconds
Number of updated asset objects reloaded before import = 0Number of asset objects unloaded after import = 3

========================================================================
Received Import Request.
  Time since last request: 0.000035 seconds.
  path: Assets/GoogleMobileAds/Editor/Resources/PlaceholderAds/Banners/LEADERBOARD.prefab
  artifactKey: Guid(60a76727b740d485fa446352e56931c5) Importer(2089858483,b0f066a214c2f5e87bad3c948f4d605d)
Start importing Assets/GoogleMobileAds/Editor/Resources/PlaceholderAds/Banners/LEADERBOARD.prefab using Guid(60a76727b740d485fa446352e56931c5) Importer(2089858483,b0f066a214c2f5e87bad3c948f4d605d) (ScriptedImporter) -> (artifact id: 'a0897485f2aa9cbd7f252ff8381d088f') in 0.0196532 seconds
Number of updated asset objects reloaded before import = 0Number of asset objects unloaded after import = 13

========================================================================
Received Import Request.
  Time since last request: 0.000023 seconds.
  path: Assets/Spine2D Knight Character Animation Pack/Exports/Frame by frame/walk_shield/clown_export-walk_shield_4.png
  artifactKey: Guid(73caa990f4385244bb97ca7913d6f6fa) Importer(2089858483,b0f066a214c2f5e87bad3c948f4d605d)
Start importing Assets/Spine2D Knight Character Animation Pack/Exports/Frame by frame/walk_shield/clown_export-walk_shield_4.png using Guid(73caa990f4385244bb97ca7913d6f6fa) Importer(2089858483,b0f066a214c2f5e87bad3c948f4d605d) (ScriptedImporter) -> (artifact id: '2b6a6d17e29a4a2bd25fff4dc5ad885e') in 0.0202041 seconds
Number of updated asset objects reloaded before import = 0Number of asset objects unloaded after import = 3

========================================================================
Received Import Request.
  Time since last request: 0.000019 seconds.
  path: Assets/Spine2D Knight Character Animation Pack/Exports/Frame by frame/walk/clown_export-walk_19.png
  artifactKey: Guid(91382576753afe149931dcc1171965c9) Importer(2089858483,b0f066a214c2f5e87bad3c948f4d605d)
Start importing Assets/Spine2D Knight Character Animation Pack/Exports/Frame by frame/walk/clown_export-walk_19.png using Guid(91382576753afe149931dcc1171965c9) Importer(2089858483,b0f066a214c2f5e87bad3c948f4d605d) (ScriptedImporter) -> (artifact id: 'd4e40ed22b38e04114f4e27eb6e260d1') in 0.0213977 seconds
Number of updated asset objects reloaded before import = 0Number of asset objects unloaded after import = 3

========================================================================
Received Import Request.
  Time since last request: 0.000030 seconds.
  path: Assets/Spine2D Knight Character Animation Pack/Exports/Frame by frame/stun/clown_export-stun_24.png
  artifactKey: Guid(41f01aa411561134cad8c828f208c41e) Importer(2089858483,b0f066a214c2f5e87bad3c948f4d605d)
Start importing Assets/Spine2D Knight Character Animation Pack/Exports/Frame by frame/stun/clown_export-stun_24.png using Guid(41f01aa411561134cad8c828f208c41e) Importer(2089858483,b0f066a214c2f5e87bad3c948f4d605d) (ScriptedImporter) -> (artifact id: 'e9fd9c1bbc320c1a0482bf1dd0f8f347') in 0.0228037 seconds
Number of updated asset objects reloaded before import = 0Number of asset objects unloaded after import = 3

========================================================================
Received Import Request.
  Time since last request: 0.000035 seconds.
  path: Assets/Dungeon Crawler 2D Art Pack/Sprites/Player/CharacterBack/Idle/CharacterBack-Idle_11.png
  artifactKey: Guid(afedc0339ce735b4b8d2572fe2fb6751) Importer(2089858483,b0f066a214c2f5e87bad3c948f4d605d)
Start importing Assets/Dungeon Crawler 2D Art Pack/Sprites/Player/CharacterBack/Idle/CharacterBack-Idle_11.png using Guid(afedc0339ce735b4b8d2572fe2fb6751) Importer(2089858483,b0f066a214c2f5e87bad3c948f4d605d) (ScriptedImporter) -> (artifact id: 'd4f3f99915add950c672292efd5b7933') in 0.0199497 seconds
Number of updated asset objects reloaded before import = 0Number of asset objects unloaded after import = 3

========================================================================
Received Import Request.
  Time since last request: 0.000023 seconds.
  path: Assets/Spine2D Knight Character Animation Pack/Exports/Frame by frame/shield_attack/clown_export-shield_attack_29.png
  artifactKey: Guid(a93b51e4eb5b6f6499891dc7e726ff27) Importer(2089858483,b0f066a214c2f5e87bad3c948f4d605d)
Start importing Assets/Spine2D Knight Character Animation Pack/Exports/Frame by frame/shield_attack/clown_export-shield_attack_29.png using Guid(a93b51e4eb5b6f6499891dc7e726ff27) Importer(2089858483,b0f066a214c2f5e87bad3c948f4d605d) (ScriptedImporter) -> (artifact id: 'c37f7c91fa7fbace4b6bfd5adfb8de34') in 0.0202874 seconds
Number of updated asset objects reloaded before import = 0Number of asset objects unloaded after import = 3

========================================================================
Received Import Request.
  Time since last request: 0.000029 seconds.
  path: Assets/Spine2D Knight Character Animation Pack/Exports/Frame by frame/run_shield/clown_export-run_shield_16.png
  artifactKey: Guid(e0e70f431af6cb248932fb8a39493139) Importer(2089858483,b0f066a214c2f5e87bad3c948f4d605d)
Start importing Assets/Spine2D Knight Character Animation Pack/Exports/Frame by frame/run_shield/clown_export-run_shield_16.png using Guid(e0e70f431af6cb248932fb8a39493139) Importer(2089858483,b0f066a214c2f5e87bad3c948f4d605d) (ScriptedImporter) -> (artifact id: '2a54af9d6604fa63cc97aac3f3bff3af') in 0.0217507 seconds
Number of updated asset objects reloaded before import = 0Number of asset objects unloaded after import = 3

========================================================================
Received Import Request.
  Time since last request: 0.000031 seconds.
  path: Assets/Spine/Editor/spine-unity/Editor/ImporterPresets/PMATexturePreset.preset
  artifactKey: Guid(665f49f3e2dc7b645b6577f14455f445) Importer(2089858483,b0f066a214c2f5e87bad3c948f4d605d)
Start importing Assets/Spine/Editor/spine-unity/Editor/ImporterPresets/PMATexturePreset.preset using Guid(665f49f3e2dc7b645b6577f14455f445) Importer(2089858483,b0f066a214c2f5e87bad3c948f4d605d) (ScriptedImporter) -> (artifact id: '547d6d66640780ca6986e95a4ca0bd2d') in 0.0263256 seconds
Number of updated asset objects reloaded before import = 0Number of asset objects unloaded after import = 1

========================================================================
Received Import Request.
  Time since last request: 0.000026 seconds.
  path: Assets/Dungeon Crawler 2D Art Pack/Sprites/Player/CharacterBack/Idle/CharacterBack-Idle_24.png
  artifactKey: Guid(33fe5dc8770a2c04d88afb348f8a2318) Importer(2089858483,b0f066a214c2f5e87bad3c948f4d605d)
Start importing Assets/Dungeon Crawler 2D Art Pack/Sprites/Player/CharacterBack/Idle/CharacterBack-Idle_24.png using Guid(33fe5dc8770a2c04d88afb348f8a2318) Importer(2089858483,b0f066a214c2f5e87bad3c948f4d605d) (ScriptedImporter) -> (artifact id: 'f0f2e212c58f83bc845144df03686e9b') in 0.0271708 seconds
Number of updated asset objects reloaded before import = 0Number of asset objects unloaded after import = 3

========================================================================
Received Import Request.
  Time since last request: 0.000022 seconds.
  path: Assets/Spine2D Knight Character Animation Pack/Exports/Frame by frame/idle_2/clown_export-idle_3_21.png
  artifactKey: Guid(478cc967b9a9d3840862a7443fd22a78) Importer(2089858483,b0f066a214c2f5e87bad3c948f4d605d)
Start importing Assets/Spine2D Knight Character Animation Pack/Exports/Frame by frame/idle_2/clown_export-idle_3_21.png using Guid(478cc967b9a9d3840862a7443fd22a78) Importer(2089858483,b0f066a214c2f5e87bad3c948f4d605d) (ScriptedImporter) -> (artifact id: '355c3f799bddaf986cf4674384e6110f') in 0.0243359 seconds
Number of updated asset objects reloaded before import = 0Number of asset objects unloaded after import = 3

========================================================================
Received Import Request.
  Time since last request: 0.000024 seconds.
  path: Assets/Dungeon Crawler 2D Art Pack/Sprites/Player/Character_Left/Idle/CharacterLeft-Idle_13.png
  artifactKey: Guid(d2354869ab7bb6a4d9094c2b11542e29) Importer(2089858483,b0f066a214c2f5e87bad3c948f4d605d)
Start importing Assets/Dungeon Crawler 2D Art Pack/Sprites/Player/Character_Left/Idle/CharacterLeft-Idle_13.png using Guid(d2354869ab7bb6a4d9094c2b11542e29) Importer(2089858483,b0f066a214c2f5e87bad3c948f4d605d) (ScriptedImporter) -> (artifact id: '0d20a888f96d03c9c42cbe45e201560c') in 0.0185368 seconds
Number of updated asset objects reloaded before import = 0Number of asset objects unloaded after import = 3

========================================================================
Received Import Request.
  Time since last request: 0.000031 seconds.
  path: Assets/Spine/Runtime/spine-unity/Components/Following/BoundingBoxFollowerGraphic.cs
  artifactKey: Guid(1c0bf7b497af9f74280040d96cdf88da) Importer(2089858483,b0f066a214c2f5e87bad3c948f4d605d)
Start importing Assets/Spine/Runtime/spine-unity/Components/Following/BoundingBoxFollowerGraphic.cs using Guid(1c0bf7b497af9f74280040d96cdf88da) Importer(2089858483,b0f066a214c2f5e87bad3c948f4d605d) (ScriptedImporter) -> (artifact id: '41a80bd11521d3c49a78e88e89daecba') in 0.0114782 seconds
Number of updated asset objects reloaded before import = 0Number of asset objects unloaded after import = 0

========================================================================
Received Import Request.
  Time since last request: 0.000033 seconds.
  path: Assets/Spine2D Knight Character Animation Pack/Exports/Frame by frame/buff_3/clown_export-buff_3_40.png
  artifactKey: Guid(17140ee21993a134688fd13b804bb5b3) Importer(2089858483,b0f066a214c2f5e87bad3c948f4d605d)
Start importing Assets/Spine2D Knight Character Animation Pack/Exports/Frame by frame/buff_3/clown_export-buff_3_40.png using Guid(17140ee21993a134688fd13b804bb5b3) Importer(2089858483,b0f066a214c2f5e87bad3c948f4d605d) (ScriptedImporter) -> (artifact id: 'e487792d4f7abcaa0f22dbd836bb6f57') in 0.0222127 seconds
Number of updated asset objects reloaded before import = 0Number of asset objects unloaded after import = 3

========================================================================
Received Prepare
WARNING: Shader Unsupported: 'Spine/Outline/SkeletonGraphic' - All subshaders removed
WARNING: Shader Did you use #pragma only_renderers and omit this platform?
WARNING: Shader If subshaders removal was intentional, you may have forgotten turning Fallback off?
WARNING: Shader Unsupported: 'Spine/Outline/SkeletonGraphic' - All subshaders removed
WARNING: Shader Did you use #pragma only_renderers and omit this platform?
WARNING: Shader If subshaders removal was intentional, you may have forgotten turning Fallback off?
WARNING: Shader Unsupported: 'Spine/Outline/Special/Skeleton Grayscale' - All subshaders removed
WARNING: Shader Did you use #pragma only_renderers and omit this platform?
WARNING: Shader If subshaders removal was intentional, you may have forgotten turning Fallback off?
WARNING: Shader Unsupported: 'Spine/Outline/Special/Skeleton Grayscale' - All subshaders removed
WARNING: Shader Did you use #pragma only_renderers and omit this platform?
WARNING: Shader If subshaders removal was intentional, you may have forgotten turning Fallback off?
WARNING: Shader Unsupported: 'Spine/Outline/Sprite/Vertex Lit' - All subshaders removed
WARNING: Shader Did you use #pragma only_renderers and omit this platform?
WARNING: Shader If subshaders removal was intentional, you may have forgotten turning Fallback off?
WARNING: Shader Unsupported: 'Spine/Outline/Sprite/Vertex Lit' - All subshaders removed
WARNING: Shader Did you use #pragma only_renderers and omit this platform?
WARNING: Shader If subshaders removal was intentional, you may have forgotten turning Fallback off?
WARNING: Shader Unsupported: 'Spine/Outline/SkeletonGraphic Tint Black' - All subshaders removed
WARNING: Shader Did you use #pragma only_renderers and omit this platform?
WARNING: Shader If subshaders removal was intentional, you may have forgotten turning Fallback off?
WARNING: Shader Unsupported: 'Spine/Outline/SkeletonGraphic Tint Black' - All subshaders removed
WARNING: Shader Did you use #pragma only_renderers and omit this platform?
WARNING: Shader If subshaders removal was intentional, you may have forgotten turning Fallback off?
WARNING: Shader Unsupported: 'Spine/Outline/Skeleton Lit ZWrite' - All subshaders removed
WARNING: Shader Did you use #pragma only_renderers and omit this platform?
WARNING: Shader If subshaders removal was intentional, you may have forgotten turning Fallback off?
WARNING: Shader Unsupported: 'Spine/Outline/Skeleton Lit ZWrite' - All subshaders removed
WARNING: Shader Did you use #pragma only_renderers and omit this platform?
WARNING: Shader If subshaders removal was intentional, you may have forgotten turning Fallback off?
WARNING: Shader Unsupported: 'Spine/Outline/Skeleton Fill' - All subshaders removed
WARNING: Shader Did you use #pragma only_renderers and omit this platform?
WARNING: Shader If subshaders removal was intentional, you may have forgotten turning Fallback off?
WARNING: Shader Unsupported: 'Spine/Outline/Skeleton Fill' - All subshaders removed
WARNING: Shader Did you use #pragma only_renderers and omit this platform?
WARNING: Shader If subshaders removal was intentional, you may have forgotten turning Fallback off?
WARNING: Shader Unsupported: 'Spine/Outline/Blend Modes/Skeleton PMA Additive' - All subshaders removed
WARNING: Shader Did you use #pragma only_renderers and omit this platform?
WARNING: Shader If subshaders removal was intentional, you may have forgotten turning Fallback off?
WARNING: Shader Unsupported: 'Spine/Outline/Blend Modes/Skeleton PMA Additive' - All subshaders removed
WARNING: Shader Did you use #pragma only_renderers and omit this platform?
WARNING: Shader If subshaders removal was intentional, you may have forgotten turning Fallback off?
WARNING: Shader Unsupported: 'Spine/Outline/Skeleton Lit' - All subshaders removed
WARNING: Shader Did you use #pragma only_renderers and omit this platform?
WARNING: Shader If subshaders removal was intentional, you may have forgotten turning Fallback off?
WARNING: Shader Unsupported: 'Spine/Outline/Skeleton Lit' - All subshaders removed
WARNING: Shader Did you use #pragma only_renderers and omit this platform?
WARNING: Shader If subshaders removal was intentional, you may have forgotten turning Fallback off?
WARNING: Shader Unsupported: 'Spine/Outline/Sprite/Unlit' - All subshaders removed
WARNING: Shader Did you use #pragma only_renderers and omit this platform?
WARNING: Shader If subshaders removal was intentional, you may have forgotten turning Fallback off?
WARNING: Shader Unsupported: 'Spine/Outline/Sprite/Unlit' - All subshaders removed
WARNING: Shader Did you use #pragma only_renderers and omit this platform?
WARNING: Shader If subshaders removal was intentional, you may have forgotten turning Fallback off?
WARNING: Shader Unsupported: 'Spine/Outline/Skeleton Tint' - All subshaders removed
WARNING: Shader Did you use #pragma only_renderers and omit this platform?
WARNING: Shader If subshaders removal was intentional, you may have forgotten turning Fallback off?
WARNING: Shader Unsupported: 'Spine/Outline/Skeleton Tint' - All subshaders removed
WARNING: Shader Did you use #pragma only_renderers and omit this platform?
WARNING: Shader If subshaders removal was intentional, you may have forgotten turning Fallback off?
WARNING: Shader Unsupported: 'Spine/Outline/Sprite/Pixel Lit' - All subshaders removed
WARNING: Shader Did you use #pragma only_renderers and omit this platform?
WARNING: Shader If subshaders removal was intentional, you may have forgotten turning Fallback off?
WARNING: Shader Unsupported: 'Spine/Outline/Sprite/Pixel Lit' - All subshaders removed
WARNING: Shader Did you use #pragma only_renderers and omit this platform?
WARNING: Shader If subshaders removal was intentional, you may have forgotten turning Fallback off?
WARNING: Shader Unsupported: 'Spine/Outline/Skeleton' - All subshaders removed
WARNING: Shader Did you use #pragma only_renderers and omit this platform?
WARNING: Shader If subshaders removal was intentional, you may have forgotten turning Fallback off?
WARNING: Shader Unsupported: 'Spine/Outline/Skeleton' - All subshaders removed
WARNING: Shader Did you use #pragma only_renderers and omit this platform?
WARNING: Shader If subshaders removal was intentional, you may have forgotten turning Fallback off?
WARNING: Shader Unsupported: 'Spine/Outline/Blend Modes/Skeleton PMA Screen' - All subshaders removed
WARNING: Shader Did you use #pragma only_renderers and omit this platform?
WARNING: Shader If subshaders removal was intentional, you may have forgotten turning Fallback off?
WARNING: Shader Unsupported: 'Spine/Outline/Blend Modes/Skeleton PMA Screen' - All subshaders removed
WARNING: Shader Did you use #pragma only_renderers and omit this platform?
WARNING: Shader If subshaders removal was intentional, you may have forgotten turning Fallback off?
WARNING: Shader Unsupported: 'Spine/Outline/Skeleton Tint Black' - All subshaders removed
WARNING: Shader Did you use #pragma only_renderers and omit this platform?
WARNING: Shader If subshaders removal was intentional, you may have forgotten turning Fallback off?
WARNING: Shader Unsupported: 'Spine/Outline/Skeleton Tint Black' - All subshaders removed
WARNING: Shader Did you use #pragma only_renderers and omit this platform?
WARNING: Shader If subshaders removal was intentional, you may have forgotten turning Fallback off?
WARNING: Shader Unsupported: 'Spine/Outline/Blend Modes/Skeleton PMA Multiply' - All subshaders removed
WARNING: Shader Did you use #pragma only_renderers and omit this platform?
WARNING: Shader If subshaders removal was intentional, you may have forgotten turning Fallback off?
WARNING: Shader Unsupported: 'Spine/Outline/Blend Modes/Skeleton PMA Multiply' - All subshaders removed
WARNING: Shader Did you use #pragma only_renderers and omit this platform?
WARNING: Shader If subshaders removal was intentional, you may have forgotten turning Fallback off?
Refreshing native plugins compatible for Editor in 23.36 ms, found 9 plugins.
Preloading 1 native plugins for Editor in 0.16 ms.
Unloading 31 Unused Serialized files (Serialized files now loaded: 0)
Unloading 11384 unused Assets / (8.1 MB). Loaded Objects now: 12343.
Memory consumption went from 222.9 MB to 214.8 MB.
Total: 58.632800 ms (FindLiveObjects: 1.951800 ms CreateObjectMapping: 2.064200 ms MarkObjects: 46.871000 ms  DeleteObjects: 7.744100 ms)

Prepare: number of updated asset objects reloaded= 0
========================================================================
Received Import Request.
  Time since last request: 1.023783 seconds.
  path: Assets/Spine2D Knight Character Animation Pack/Exports/Frame by frame/walk_shield/clown_export-walk_shield_16.png
  artifactKey: Guid(d55c4e39aaafd024b96492982f2f0ad9) Importer(2089858483,b0f066a214c2f5e87bad3c948f4d605d)
Start importing Assets/Spine2D Knight Character Animation Pack/Exports/Frame by frame/walk_shield/clown_export-walk_shield_16.png using Guid(d55c4e39aaafd024b96492982f2f0ad9) Importer(2089858483,b0f066a214c2f5e87bad3c948f4d605d) (ScriptedImporter) -> (artifact id: 'ae765263178d8b1a1c7bf0083bef292d') in 0.0231217 seconds
Number of updated asset objects reloaded before import = 0Number of asset objects unloaded after import = 3

========================================================================
Received Import Request.
  Time since last request: 0.000026 seconds.
  path: Assets/Spine/Runtime/spine-unity/Components/Following/PointFollower.cs
  artifactKey: Guid(daf461e4341180341a648c07e1899528) Importer(2089858483,b0f066a214c2f5e87bad3c948f4d605d)
Start importing Assets/Spine/Runtime/spine-unity/Components/Following/PointFollower.cs using Guid(daf461e4341180341a648c07e1899528) Importer(2089858483,b0f066a214c2f5e87bad3c948f4d605d) (ScriptedImporter) -> (artifact id: 'a8a4c2ccd78b638f478ff1bc53fe8f95') in 0.0100079 seconds
Number of updated asset objects reloaded before import = 0Number of asset objects unloaded after import = 0

========================================================================
Received Import Request.
  Time since last request: 0.000037 seconds.
  path: Assets/Spine2D Knight Character Animation Pack/Exports/Frame by frame/walk_shield/clown_export-walk_shield_3.png
  artifactKey: Guid(c565fb7805b41ee4b9ced92f4afa270d) Importer(2089858483,b0f066a214c2f5e87bad3c948f4d605d)
Start importing Assets/Spine2D Knight Character Animation Pack/Exports/Frame by frame/walk_shield/clown_export-walk_shield_3.png using Guid(c565fb7805b41ee4b9ced92f4afa270d) Importer(2089858483,b0f066a214c2f5e87bad3c948f4d605d) (ScriptedImporter) -> (artifact id: 'bbc326801fa1ebcc856815bf9d196598') in 0.0277483 seconds
Number of updated asset objects reloaded before import = 0Number of asset objects unloaded after import = 3

========================================================================
Received Import Request.
  Time since last request: 0.000022 seconds.
  path: Assets/Spine/Runtime/spine-unity/Shaders/CGIncludes/Spine-Skeleton-Lit-Common-Shadow.cginc
  artifactKey: Guid(c7297b25c81d2494e8e73b742e3c7345) Importer(2089858483,b0f066a214c2f5e87bad3c948f4d605d)
Start importing Assets/Spine/Runtime/spine-unity/Shaders/CGIncludes/Spine-Skeleton-Lit-Common-Shadow.cginc using Guid(c7297b25c81d2494e8e73b742e3c7345) Importer(2089858483,b0f066a214c2f5e87bad3c948f4d605d) (ScriptedImporter) -> (artifact id: 'e1ef21ef44e51da778dadd4ee20d7809') in 0.0121654 seconds
Number of updated asset objects reloaded before import = 0Number of asset objects unloaded after import = 1

========================================================================
Received Import Request.
  Time since last request: 0.000021 seconds.
  path: Assets/Spine2D Knight Character Animation Pack/Exports/Frame by frame/walk_shield/clown_export-walk_shield_30.png
  artifactKey: Guid(8162994a588ac0b4dad2a03f1219232e) Importer(2089858483,b0f066a214c2f5e87bad3c948f4d605d)
Start importing Assets/Spine2D Knight Character Animation Pack/Exports/Frame by frame/walk_shield/clown_export-walk_shield_30.png using Guid(8162994a588ac0b4dad2a03f1219232e) Importer(2089858483,b0f066a214c2f5e87bad3c948f4d605d) (ScriptedImporter) -> (artifact id: 'e452b484fe67cf8317dbad11da30b299') in 0.0283486 seconds
Number of updated asset objects reloaded before import = 0Number of asset objects unloaded after import = 3

========================================================================
Received Import Request.
  Time since last request: 0.886036 seconds.
  path: Assets/Dungeon Crawler 2D Art Pack/Sprites/Monsters/Boss/BossBack/Attack/Monster3Back-Attack_18.png
  artifactKey: Guid(9288cbc938dc6e540b8b522990bd9ae1) Importer(2089858483,b0f066a214c2f5e87bad3c948f4d605d)
Start importing Assets/Dungeon Crawler 2D Art Pack/Sprites/Monsters/Boss/BossBack/Attack/Monster3Back-Attack_18.png using Guid(9288cbc938dc6e540b8b522990bd9ae1) Importer(2089858483,b0f066a214c2f5e87bad3c948f4d605d) (ScriptedImporter) -> (artifact id: '681a67abf20677c9c3513da13b351a35') in 0.0281631 seconds
Number of updated asset objects reloaded before import = 0Number of asset objects unloaded after import = 3

========================================================================
Received Import Request.
  Time since last request: 0.000023 seconds.
  path: Assets/Dungeon Crawler 2D Art Pack/Sprites/Monsters/Boss/BossBack/Death/Monster3Back-Death_6.png
  artifactKey: Guid(fefa99c7fad9538498ff11587f2eb342) Importer(2089858483,b0f066a214c2f5e87bad3c948f4d605d)
Start importing Assets/Dungeon Crawler 2D Art Pack/Sprites/Monsters/Boss/BossBack/Death/Monster3Back-Death_6.png using Guid(fefa99c7fad9538498ff11587f2eb342) Importer(2089858483,b0f066a214c2f5e87bad3c948f4d605d) (ScriptedImporter) -> (artifact id: '1745f5a24b739c9776910385e8345cb6') in 0.0245005 seconds
Number of updated asset objects reloaded before import = 0Number of asset objects unloaded after import = 3

========================================================================
Received Import Request.
  Time since last request: 0.805086 seconds.
  path: Assets/Dungeon Crawler 2D Art Pack/Sprites/Player/CharacterBack/Idle/CharacterBack-Idle_13.png
  artifactKey: Guid(49885a503d7edec49bbc00fdb7dd48d3) Importer(2089858483,b0f066a214c2f5e87bad3c948f4d605d)
Start importing Assets/Dungeon Crawler 2D Art Pack/Sprites/Player/CharacterBack/Idle/CharacterBack-Idle_13.png using Guid(49885a503d7edec49bbc00fdb7dd48d3) Importer(2089858483,b0f066a214c2f5e87bad3c948f4d605d) (ScriptedImporter) -> (artifact id: '5151f777ce1ec993a9f3b5de3ba4ea44') in 0.022069 seconds
Number of updated asset objects reloaded before import = 0Number of asset objects unloaded after import = 3

========================================================================
Received Import Request.
  Time since last request: 0.000023 seconds.
  path: Assets/Dungeon Crawler 2D Art Pack/Sprites/Monsters/Boss/BossBack/Run/Monster3Back-Run_12.png
  artifactKey: Guid(32063b67e36af1e4f949316051d3d3e5) Importer(2089858483,b0f066a214c2f5e87bad3c948f4d605d)
Start importing Assets/Dungeon Crawler 2D Art Pack/Sprites/Monsters/Boss/BossBack/Run/Monster3Back-Run_12.png using Guid(32063b67e36af1e4f949316051d3d3e5) Importer(2089858483,b0f066a214c2f5e87bad3c948f4d605d) (ScriptedImporter) -> (artifact id: 'd8740d4c55303c441ec380ae926ceffd') in 0.0210723 seconds
Number of updated asset objects reloaded before import = 0Number of asset objects unloaded after import = 3

========================================================================
Received Prepare
WARNING: Shader Unsupported: 'Spine/Outline/SkeletonGraphic' - All subshaders removed
WARNING: Shader Did you use #pragma only_renderers and omit this platform?
WARNING: Shader If subshaders removal was intentional, you may have forgotten turning Fallback off?
WARNING: Shader Unsupported: 'Spine/Outline/SkeletonGraphic' - All subshaders removed
WARNING: Shader Did you use #pragma only_renderers and omit this platform?
WARNING: Shader If subshaders removal was intentional, you may have forgotten turning Fallback off?
WARNING: Shader Unsupported: 'Spine/Outline/Special/Skeleton Grayscale' - All subshaders removed
WARNING: Shader Did you use #pragma only_renderers and omit this platform?
WARNING: Shader If subshaders removal was intentional, you may have forgotten turning Fallback off?
WARNING: Shader Unsupported: 'Spine/Outline/Special/Skeleton Grayscale' - All subshaders removed
WARNING: Shader Did you use #pragma only_renderers and omit this platform?
WARNING: Shader If subshaders removal was intentional, you may have forgotten turning Fallback off?
WARNING: Shader Unsupported: 'Spine/Outline/Sprite/Vertex Lit' - All subshaders removed
WARNING: Shader Did you use #pragma only_renderers and omit this platform?
WARNING: Shader If subshaders removal was intentional, you may have forgotten turning Fallback off?
WARNING: Shader Unsupported: 'Spine/Outline/Sprite/Vertex Lit' - All subshaders removed
WARNING: Shader Did you use #pragma only_renderers and omit this platform?
WARNING: Shader If subshaders removal was intentional, you may have forgotten turning Fallback off?
WARNING: Shader Unsupported: 'Spine/Outline/SkeletonGraphic Tint Black' - All subshaders removed
WARNING: Shader Did you use #pragma only_renderers and omit this platform?
WARNING: Shader If subshaders removal was intentional, you may have forgotten turning Fallback off?
WARNING: Shader Unsupported: 'Spine/Outline/SkeletonGraphic Tint Black' - All subshaders removed
WARNING: Shader Did you use #pragma only_renderers and omit this platform?
WARNING: Shader If subshaders removal was intentional, you may have forgotten turning Fallback off?
WARNING: Shader Unsupported: 'Spine/Outline/Skeleton Lit ZWrite' - All subshaders removed
WARNING: Shader Did you use #pragma only_renderers and omit this platform?
WARNING: Shader If subshaders removal was intentional, you may have forgotten turning Fallback off?
WARNING: Shader Unsupported: 'Spine/Outline/Skeleton Lit ZWrite' - All subshaders removed
WARNING: Shader Did you use #pragma only_renderers and omit this platform?
WARNING: Shader If subshaders removal was intentional, you may have forgotten turning Fallback off?
WARNING: Shader Unsupported: 'Spine/Outline/Skeleton Fill' - All subshaders removed
WARNING: Shader Did you use #pragma only_renderers and omit this platform?
WARNING: Shader If subshaders removal was intentional, you may have forgotten turning Fallback off?
WARNING: Shader Unsupported: 'Spine/Outline/Skeleton Fill' - All subshaders removed
WARNING: Shader Did you use #pragma only_renderers and omit this platform?
WARNING: Shader If subshaders removal was intentional, you may have forgotten turning Fallback off?
WARNING: Shader Unsupported: 'Spine/Outline/Blend Modes/Skeleton PMA Additive' - All subshaders removed
WARNING: Shader Did you use #pragma only_renderers and omit this platform?
WARNING: Shader If subshaders removal was intentional, you may have forgotten turning Fallback off?
WARNING: Shader Unsupported: 'Spine/Outline/Blend Modes/Skeleton PMA Additive' - All subshaders removed
WARNING: Shader Did you use #pragma only_renderers and omit this platform?
WARNING: Shader If subshaders removal was intentional, you may have forgotten turning Fallback off?
WARNING: Shader Unsupported: 'Spine/Outline/Skeleton Lit' - All subshaders removed
WARNING: Shader Did you use #pragma only_renderers and omit this platform?
WARNING: Shader If subshaders removal was intentional, you may have forgotten turning Fallback off?
WARNING: Shader Unsupported: 'Spine/Outline/Skeleton Lit' - All subshaders removed
WARNING: Shader Did you use #pragma only_renderers and omit this platform?
WARNING: Shader If subshaders removal was intentional, you may have forgotten turning Fallback off?
WARNING: Shader Unsupported: 'Spine/Outline/Sprite/Unlit' - All subshaders removed
WARNING: Shader Did you use #pragma only_renderers and omit this platform?
WARNING: Shader If subshaders removal was intentional, you may have forgotten turning Fallback off?
WARNING: Shader Unsupported: 'Spine/Outline/Sprite/Unlit' - All subshaders removed
WARNING: Shader Did you use #pragma only_renderers and omit this platform?
WARNING: Shader If subshaders removal was intentional, you may have forgotten turning Fallback off?
WARNING: Shader Unsupported: 'Spine/Outline/Skeleton Tint' - All subshaders removed
WARNING: Shader Did you use #pragma only_renderers and omit this platform?
WARNING: Shader If subshaders removal was intentional, you may have forgotten turning Fallback off?
WARNING: Shader Unsupported: 'Spine/Outline/Skeleton Tint' - All subshaders removed
WARNING: Shader Did you use #pragma only_renderers and omit this platform?
WARNING: Shader If subshaders removal was intentional, you may have forgotten turning Fallback off?
WARNING: Shader Unsupported: 'Spine/Outline/Sprite/Pixel Lit' - All subshaders removed
WARNING: Shader Did you use #pragma only_renderers and omit this platform?
WARNING: Shader If subshaders removal was intentional, you may have forgotten turning Fallback off?
WARNING: Shader Unsupported: 'Spine/Outline/Sprite/Pixel Lit' - All subshaders removed
WARNING: Shader Did you use #pragma only_renderers and omit this platform?
WARNING: Shader If subshaders removal was intentional, you may have forgotten turning Fallback off?
WARNING: Shader Unsupported: 'Spine/Outline/Skeleton' - All subshaders removed
WARNING: Shader Did you use #pragma only_renderers and omit this platform?
WARNING: Shader If subshaders removal was intentional, you may have forgotten turning Fallback off?
WARNING: Shader Unsupported: 'Spine/Outline/Skeleton' - All subshaders removed
WARNING: Shader Did you use #pragma only_renderers and omit this platform?
WARNING: Shader If subshaders removal was intentional, you may have forgotten turning Fallback off?
WARNING: Shader Unsupported: 'Spine/Outline/Blend Modes/Skeleton PMA Screen' - All subshaders removed
WARNING: Shader Did you use #pragma only_renderers and omit this platform?
WARNING: Shader If subshaders removal was intentional, you may have forgotten turning Fallback off?
WARNING: Shader Unsupported: 'Spine/Outline/Blend Modes/Skeleton PMA Screen' - All subshaders removed
WARNING: Shader Did you use #pragma only_renderers and omit this platform?
WARNING: Shader If subshaders removal was intentional, you may have forgotten turning Fallback off?
WARNING: Shader Unsupported: 'Spine/Outline/Skeleton Tint Black' - All subshaders removed
WARNING: Shader Did you use #pragma only_renderers and omit this platform?
WARNING: Shader If subshaders removal was intentional, you may have forgotten turning Fallback off?
WARNING: Shader Unsupported: 'Spine/Outline/Skeleton Tint Black' - All subshaders removed
WARNING: Shader Did you use #pragma only_renderers and omit this platform?
WARNING: Shader If subshaders removal was intentional, you may have forgotten turning Fallback off?
WARNING: Shader Unsupported: 'Spine/Outline/Blend Modes/Skeleton PMA Multiply' - All subshaders removed
WARNING: Shader Did you use #pragma only_renderers and omit this platform?
WARNING: Shader If subshaders removal was intentional, you may have forgotten turning Fallback off?
WARNING: Shader Unsupported: 'Spine/Outline/Blend Modes/Skeleton PMA Multiply' - All subshaders removed
WARNING: Shader Did you use #pragma only_renderers and omit this platform?
WARNING: Shader If subshaders removal was intentional, you may have forgotten turning Fallback off?
Refreshing native plugins compatible for Editor in 24.30 ms, found 9 plugins.
Preloading 1 native plugins for Editor in 0.15 ms.
Unloading 31 Unused Serialized files (Serialized files now loaded: 0)
Unloading 11381 unused Assets / (7.2 MB). Loaded Objects now: 12343.
Memory consumption went from 222.7 MB to 215.5 MB.
Total: 72.338200 ms (FindLiveObjects: 1.708700 ms CreateObjectMapping: 2.956200 ms MarkObjects: 59.812500 ms  DeleteObjects: 7.858900 ms)

Prepare: number of updated asset objects reloaded= 0
========================================================================
Received Import Request.
  Time since last request: 0.987806 seconds.
  path: Assets/Dungeon Crawler 2D Art Pack/Sprites/Monsters/Green Monster/M1_Back/Attack/Monster1Back-Attack_0.png
  artifactKey: Guid(40ce92d2d0aa6624d82cb56164cf9d3a) Importer(2089858483,b0f066a214c2f5e87bad3c948f4d605d)
Start importing Assets/Dungeon Crawler 2D Art Pack/Sprites/Monsters/Green Monster/M1_Back/Attack/Monster1Back-Attack_0.png using Guid(40ce92d2d0aa6624d82cb56164cf9d3a) Importer(2089858483,b0f066a214c2f5e87bad3c948f4d605d) (ScriptedImporter) -> (artifact id: '17c526539d004562a8bcfd401b8f6858') in 0.0224567 seconds
Number of updated asset objects reloaded before import = 0Number of asset objects unloaded after import = 3

========================================================================
Received Import Request.
  Time since last request: 0.419728 seconds.
  path: Assets/Dungeon Crawler 2D Art Pack/Sprites/Player/Character_Front/Run/CharacterFront-Run_10.png
  artifactKey: Guid(c6c9e14e19790d34eb8b5873c305bab4) Importer(2089858483,b0f066a214c2f5e87bad3c948f4d605d)
Start importing Assets/Dungeon Crawler 2D Art Pack/Sprites/Player/Character_Front/Run/CharacterFront-Run_10.png using Guid(c6c9e14e19790d34eb8b5873c305bab4) Importer(2089858483,b0f066a214c2f5e87bad3c948f4d605d) (ScriptedImporter) -> (artifact id: '819e778e11cc0702b23c82fd5fcb4edd') in 0.0361141 seconds
Number of updated asset objects reloaded before import = 0Number of asset objects unloaded after import = 3

========================================================================
Received Import Request.
  Time since last request: 0.000023 seconds.
  path: Assets/Dungeon Crawler 2D Art Pack/Sprites/Monsters/Boss/BossFront/Attack/Monster3Front-Attack_5.png
  artifactKey: Guid(838a9b8381cd8144eb5ffc5c0fd68dd6) Importer(2089858483,b0f066a214c2f5e87bad3c948f4d605d)
Start importing Assets/Dungeon Crawler 2D Art Pack/Sprites/Monsters/Boss/BossFront/Attack/Monster3Front-Attack_5.png using Guid(838a9b8381cd8144eb5ffc5c0fd68dd6) Importer(2089858483,b0f066a214c2f5e87bad3c948f4d605d) (ScriptedImporter) -> (artifact id: 'cb3c62d87b120fd42ae31b196142341c') in 0.028101 seconds
Number of updated asset objects reloaded before import = 0Number of asset objects unloaded after import = 3

========================================================================
Received Import Request.
  Time since last request: 0.000027 seconds.
  path: Assets/Dungeon Crawler 2D Art Pack/Sprites/Monsters/Boss/BossFront/Death/Monster3Front-Death_14.png
  artifactKey: Guid(5fe75a92654e7354a97b34775b620433) Importer(2089858483,b0f066a214c2f5e87bad3c948f4d605d)
Start importing Assets/Dungeon Crawler 2D Art Pack/Sprites/Monsters/Boss/BossFront/Death/Monster3Front-Death_14.png using Guid(5fe75a92654e7354a97b34775b620433) Importer(2089858483,b0f066a214c2f5e87bad3c948f4d605d) (ScriptedImporter) -> (artifact id: 'f6c9859319818bb94014def013010747') in 0.031386 seconds
Number of updated asset objects reloaded before import = 0Number of asset objects unloaded after import = 3

========================================================================
Received Import Request.
  Time since last request: 0.000036 seconds.
  path: Assets/Dungeon Crawler 2D Art Pack/Sprites/Monsters/Boss/BossFront/Idle/Monster3Front-Idle_16.png
  artifactKey: Guid(c09a4c134bea61f429e568082f469899) Importer(2089858483,b0f066a214c2f5e87bad3c948f4d605d)
Start importing Assets/Dungeon Crawler 2D Art Pack/Sprites/Monsters/Boss/BossFront/Idle/Monster3Front-Idle_16.png using Guid(c09a4c134bea61f429e568082f469899) Importer(2089858483,b0f066a214c2f5e87bad3c948f4d605d) (ScriptedImporter) -> (artifact id: '8cd9248f0df93dc33b8d753e496c604f') in 0.0237706 seconds
Number of updated asset objects reloaded before import = 0Number of asset objects unloaded after import = 3

========================================================================
Received Import Request.
  Time since last request: 0.000030 seconds.
  path: Assets/Dungeon Crawler 2D Art Pack/Sprites/Monsters/Boss/BossFront/Death/Monster3Front-Death_6.png
  artifactKey: Guid(761a9bca0d4ede34ab2d47cde98f5214) Importer(2089858483,b0f066a214c2f5e87bad3c948f4d605d)
Start importing Assets/Dungeon Crawler 2D Art Pack/Sprites/Monsters/Boss/BossFront/Death/Monster3Front-Death_6.png using Guid(761a9bca0d4ede34ab2d47cde98f5214) Importer(2089858483,b0f066a214c2f5e87bad3c948f4d605d) (ScriptedImporter) -> (artifact id: '47ee90ba1b621b8a617b379e0798c2c5') in 0.0212398 seconds
Number of updated asset objects reloaded before import = 0Number of asset objects unloaded after import = 3

========================================================================
Received Import Request.
  Time since last request: 0.672045 seconds.
  path: Assets/Dungeon Crawler 2D Art Pack/Sprites/Player/Character_Left/Run/CharacterLeft-Run_12.png
  artifactKey: Guid(2055f52aefaa0cd45b55e8778ba4f2e5) Importer(2089858483,b0f066a214c2f5e87bad3c948f4d605d)
Start importing Assets/Dungeon Crawler 2D Art Pack/Sprites/Player/Character_Left/Run/CharacterLeft-Run_12.png using Guid(2055f52aefaa0cd45b55e8778ba4f2e5) Importer(2089858483,b0f066a214c2f5e87bad3c948f4d605d) (ScriptedImporter) -> (artifact id: 'b9953b8ed478dfde1b7950546ba44eab') in 0.0208434 seconds
Number of updated asset objects reloaded before import = 0Number of asset objects unloaded after import = 3

========================================================================
Received Import Request.
  Time since last request: 0.000024 seconds.
  path: Assets/Dungeon Crawler 2D Art Pack/Sprites/Monsters/Boss/BossFront/Idle/Monster3Front-Idle_27.png
  artifactKey: Guid(9b8e45d6677b69148810fe202779d802) Importer(2089858483,b0f066a214c2f5e87bad3c948f4d605d)
Start importing Assets/Dungeon Crawler 2D Art Pack/Sprites/Monsters/Boss/BossFront/Idle/Monster3Front-Idle_27.png using Guid(9b8e45d6677b69148810fe202779d802) Importer(2089858483,b0f066a214c2f5e87bad3c948f4d605d) (ScriptedImporter) -> (artifact id: 'fb6922b95e323eb856dcb54b3814d69f') in 0.0210013 seconds
Number of updated asset objects reloaded before import = 0Number of asset objects unloaded after import = 3

========================================================================
Received Import Request.
  Time since last request: 0.000027 seconds.
  path: Assets/Dungeon Crawler 2D Art Pack/Sprites/Monsters/Boss/BossFront/Run/Monster3Front-Run_11.png
  artifactKey: Guid(64dae39b5114b67429b6835fad548885) Importer(2089858483,b0f066a214c2f5e87bad3c948f4d605d)
Start importing Assets/Dungeon Crawler 2D Art Pack/Sprites/Monsters/Boss/BossFront/Run/Monster3Front-Run_11.png using Guid(64dae39b5114b67429b6835fad548885) Importer(2089858483,b0f066a214c2f5e87bad3c948f4d605d) (ScriptedImporter) -> (artifact id: '1610cf56b256681e924c6383c48c4731') in 0.0204037 seconds
Number of updated asset objects reloaded before import = 0Number of asset objects unloaded after import = 3

========================================================================
Received Import Request.
  Time since last request: 1.216190 seconds.
  path: Assets/Spine2D Knight Character Animation Pack/Exports/Frame by frame/buff_3/clown_export-buff_3_42.png
  artifactKey: Guid(2270ee0a52e2595459c5d23acfbb8648) Importer(2089858483,b0f066a214c2f5e87bad3c948f4d605d)
Start importing Assets/Spine2D Knight Character Animation Pack/Exports/Frame by frame/buff_3/clown_export-buff_3_42.png using Guid(2270ee0a52e2595459c5d23acfbb8648) Importer(2089858483,b0f066a214c2f5e87bad3c948f4d605d) (ScriptedImporter) -> (artifact id: '4bc9c61ccc6f83be4109e7d7f039747b') in 0.0258585 seconds
Number of updated asset objects reloaded before import = 0Number of asset objects unloaded after import = 3

========================================================================
Received Import Request.
  Time since last request: 0.000024 seconds.
  path: Assets/Spine2D Knight Character Animation Pack/Exports/Frame by frame/jump/clown_export-jump_11.png
  artifactKey: Guid(58abe3f8f936b0b4397f97177e7ed13d) Importer(2089858483,b0f066a214c2f5e87bad3c948f4d605d)
Start importing Assets/Spine2D Knight Character Animation Pack/Exports/Frame by frame/jump/clown_export-jump_11.png using Guid(58abe3f8f936b0b4397f97177e7ed13d) Importer(2089858483,b0f066a214c2f5e87bad3c948f4d605d) (ScriptedImporter) -> (artifact id: '1c627e379c2997626729c2a5fd59d856') in 0.0264365 seconds
Number of updated asset objects reloaded before import = 0Number of asset objects unloaded after import = 3

========================================================================
Received Import Request.
  Time since last request: 0.000025 seconds.
  path: Assets/Spine2D Knight Character Animation Pack/Exports/Frame by frame/idle_1/clown_export-idle_2_5.png
  artifactKey: Guid(0b14c64fd24feda40a952969515b16bf) Importer(2089858483,b0f066a214c2f5e87bad3c948f4d605d)
Start importing Assets/Spine2D Knight Character Animation Pack/Exports/Frame by frame/idle_1/clown_export-idle_2_5.png using Guid(0b14c64fd24feda40a952969515b16bf) Importer(2089858483,b0f066a214c2f5e87bad3c948f4d605d) (ScriptedImporter) -> (artifact id: 'f2c054f0bd83d001bc3be28c85a44fa9') in 0.0351492 seconds
Number of updated asset objects reloaded before import = 0Number of asset objects unloaded after import = 3

========================================================================
Received Import Request.
  Time since last request: 0.000024 seconds.
  path: Assets/Spine2D Knight Character Animation Pack/Exports/Frame by frame/dead/clown_export-dead_43.png
  artifactKey: Guid(d4122c45c826c4642b151e3a8ad76368) Importer(2089858483,b0f066a214c2f5e87bad3c948f4d605d)
Start importing Assets/Spine2D Knight Character Animation Pack/Exports/Frame by frame/dead/clown_export-dead_43.png using Guid(d4122c45c826c4642b151e3a8ad76368) Importer(2089858483,b0f066a214c2f5e87bad3c948f4d605d) (ScriptedImporter) -> (artifact id: '41d3976bcba751896abb2c40cf53c1d3') in 0.0345651 seconds
Number of updated asset objects reloaded before import = 0Number of asset objects unloaded after import = 3

========================================================================
Received Import Request.
  Time since last request: 0.000036 seconds.
  path: Assets/Spine2D Knight Character Animation Pack/Exports/Frame by frame/jump/clown_export-jump_23.png
  artifactKey: Guid(88e1df4a6d43bbf4fb2bce82e2c847bc) Importer(2089858483,b0f066a214c2f5e87bad3c948f4d605d)
Start importing Assets/Spine2D Knight Character Animation Pack/Exports/Frame by frame/jump/clown_export-jump_23.png using Guid(88e1df4a6d43bbf4fb2bce82e2c847bc) Importer(2089858483,b0f066a214c2f5e87bad3c948f4d605d) (ScriptedImporter) -> (artifact id: '419c4b772ab0d81b7e07a58b8ab7548a') in 0.025142 seconds
Number of updated asset objects reloaded before import = 0Number of asset objects unloaded after import = 3

========================================================================
Received Import Request.
  Time since last request: 0.000022 seconds.
  path: Assets/GoogleMobileAds/Editor/Resources/PlaceholderAds/Banners/FULL_BANNER.prefab
  artifactKey: Guid(a01bd5a6d0f504aecb61dad504950abd) Importer(2089858483,b0f066a214c2f5e87bad3c948f4d605d)
Start importing Assets/GoogleMobileAds/Editor/Resources/PlaceholderAds/Banners/FULL_BANNER.prefab using Guid(a01bd5a6d0f504aecb61dad504950abd) Importer(2089858483,b0f066a214c2f5e87bad3c948f4d605d) (ScriptedImporter) -> (artifact id: 'dfa95fbfab2756ca2d7d55bd04c7191b') in 0.0244392 seconds
Number of updated asset objects reloaded before import = 0Number of asset objects unloaded after import = 13

========================================================================
Received Import Request.
  Time since last request: 1.403163 seconds.
  path: Assets/Spine2D Knight Character Animation Pack/Exports/Frame by frame/run/clown_export-run_2.png
  artifactKey: Guid(97ec868d36ae9cc449337de0315d5015) Importer(2089858483,b0f066a214c2f5e87bad3c948f4d605d)
Start importing Assets/Spine2D Knight Character Animation Pack/Exports/Frame by frame/run/clown_export-run_2.png using Guid(97ec868d36ae9cc449337de0315d5015) Importer(2089858483,b0f066a214c2f5e87bad3c948f4d605d) (ScriptedImporter) -> (artifact id: '5117b6804a1e89776501dc9f732abab1') in 0.0274996 seconds
Number of updated asset objects reloaded before import = 0Number of asset objects unloaded after import = 3

========================================================================
Received Import Request.
  Time since last request: 0.000022 seconds.
  path: Assets/Spine2D Knight Character Animation Pack/Exports/Frame by frame/stun/clown_export-stun_30.png
  artifactKey: Guid(4ce4d0d46547cd14d9c664791e463e77) Importer(2089858483,b0f066a214c2f5e87bad3c948f4d605d)
Start importing Assets/Spine2D Knight Character Animation Pack/Exports/Frame by frame/stun/clown_export-stun_30.png using Guid(4ce4d0d46547cd14d9c664791e463e77) Importer(2089858483,b0f066a214c2f5e87bad3c948f4d605d) (ScriptedImporter) -> (artifact id: 'be753fb0e154759ac1d2807908515ca4') in 0.0276409 seconds
Number of updated asset objects reloaded before import = 0Number of asset objects unloaded after import = 3

========================================================================
Received Import Request.
  Time since last request: 0.000028 seconds.
  path: Assets/Spine2D Knight Character Animation Pack/Exports/Frame by frame/sword_attack/clown_export-sword_attack_33.png
  artifactKey: Guid(d37ec6158bc24a545b69c9a80cffcabe) Importer(2089858483,b0f066a214c2f5e87bad3c948f4d605d)
Start importing Assets/Spine2D Knight Character Animation Pack/Exports/Frame by frame/sword_attack/clown_export-sword_attack_33.png using Guid(d37ec6158bc24a545b69c9a80cffcabe) Importer(2089858483,b0f066a214c2f5e87bad3c948f4d605d) (ScriptedImporter) -> (artifact id: '38e3f02b23b171a3bd03de9a7078d290') in 0.0219388 seconds
Number of updated asset objects reloaded before import = 0Number of asset objects unloaded after import = 3

========================================================================
Received Import Request.
  Time since last request: 0.000016 seconds.
  path: Assets/Spine2D Knight Character Animation Pack/Exports/Frame by frame/sword_attack/clown_export-sword_attack_6.png
  artifactKey: Guid(bc300e0406241e34aa194d05464895e3) Importer(2089858483,b0f066a214c2f5e87bad3c948f4d605d)
Start importing Assets/Spine2D Knight Character Animation Pack/Exports/Frame by frame/sword_attack/clown_export-sword_attack_6.png using Guid(bc300e0406241e34aa194d05464895e3) Importer(2089858483,b0f066a214c2f5e87bad3c948f4d605d) (ScriptedImporter) -> (artifact id: '68c12a78e2151273214fe8bbe9ca6b11') in 0.0188895 seconds
Number of updated asset objects reloaded before import = 0Number of asset objects unloaded after import = 3

========================================================================
Received Import Request.
  Time since last request: 0.000022 seconds.
  path: Assets/Spine2D Knight Character Animation Pack/Exports/Frame by frame/sword_attack/clown_export-sword_attack_24.png
  artifactKey: Guid(f814baeabb96536448916714e489ecdf) Importer(2089858483,b0f066a214c2f5e87bad3c948f4d605d)
Start importing Assets/Spine2D Knight Character Animation Pack/Exports/Frame by frame/sword_attack/clown_export-sword_attack_24.png using Guid(f814baeabb96536448916714e489ecdf) Importer(2089858483,b0f066a214c2f5e87bad3c948f4d605d) (ScriptedImporter) -> (artifact id: '3806726cf2df660d1e1451240d481650') in 0.0240066 seconds
Number of updated asset objects reloaded before import = 0Number of asset objects unloaded after import = 3

========================================================================
Received Import Request.
  Time since last request: 0.000025 seconds.
  path: Assets/Spine/Editor/spine-unity/Editor/Components/SkeletonRootMotionInspector.cs
  artifactKey: Guid(e4836100aed984c4a9af11d39c63cb6b) Importer(2089858483,b0f066a214c2f5e87bad3c948f4d605d)
Start importing Assets/Spine/Editor/spine-unity/Editor/Components/SkeletonRootMotionInspector.cs using Guid(e4836100aed984c4a9af11d39c63cb6b) Importer(2089858483,b0f066a214c2f5e87bad3c948f4d605d) (ScriptedImporter) -> (artifact id: 'a2345f9a4d51927706f40cf31ae84911') in 0.0127672 seconds
Number of updated asset objects reloaded before import = 0Number of asset objects unloaded after import = 0

========================================================================
Received Import Request.
  Time since last request: 0.000036 seconds.
  path: Assets/Spine2D Knight Character Animation Pack/Exports/Frame by frame/stun/clown_export-stun_26.png
  artifactKey: Guid(48deb4daf38c2cb43a76c0da73138ada) Importer(2089858483,b0f066a214c2f5e87bad3c948f4d605d)
Start importing Assets/Spine2D Knight Character Animation Pack/Exports/Frame by frame/stun/clown_export-stun_26.png using Guid(48deb4daf38c2cb43a76c0da73138ada) Importer(2089858483,b0f066a214c2f5e87bad3c948f4d605d) (ScriptedImporter) -> (artifact id: '3937a75e0461e349a799fd27beb7fd9d') in 0.023037 seconds
Number of updated asset objects reloaded before import = 0Number of asset objects unloaded after import = 3

========================================================================
Received Import Request.
  Time since last request: 0.000028 seconds.
  path: Assets/Spine2D Knight Character Animation Pack/Exports/Frame by frame/sword_attack/clown_export-sword_attack_15.png
  artifactKey: Guid(680f1295ef64f0a4f9e1e4cc77badf1d) Importer(2089858483,b0f066a214c2f5e87bad3c948f4d605d)
Start importing Assets/Spine2D Knight Character Animation Pack/Exports/Frame by frame/sword_attack/clown_export-sword_attack_15.png using Guid(680f1295ef64f0a4f9e1e4cc77badf1d) Importer(2089858483,b0f066a214c2f5e87bad3c948f4d605d) (ScriptedImporter) -> (artifact id: 'a62066a5bef25cab42d6c53aa894a526') in 0.0237165 seconds
Number of updated asset objects reloaded before import = 0Number of asset objects unloaded after import = 3

========================================================================
Received Prepare
WARNING: Shader Unsupported: 'Spine/Outline/SkeletonGraphic' - All subshaders removed
WARNING: Shader Did you use #pragma only_renderers and omit this platform?
WARNING: Shader If subshaders removal was intentional, you may have forgotten turning Fallback off?
WARNING: Shader Unsupported: 'Spine/Outline/SkeletonGraphic' - All subshaders removed
WARNING: Shader Did you use #pragma only_renderers and omit this platform?
WARNING: Shader If subshaders removal was intentional, you may have forgotten turning Fallback off?
WARNING: Shader Unsupported: 'Spine/Outline/Special/Skeleton Grayscale' - All subshaders removed
WARNING: Shader Did you use #pragma only_renderers and omit this platform?
WARNING: Shader If subshaders removal was intentional, you may have forgotten turning Fallback off?
WARNING: Shader Unsupported: 'Spine/Outline/Special/Skeleton Grayscale' - All subshaders removed
WARNING: Shader Did you use #pragma only_renderers and omit this platform?
WARNING: Shader If subshaders removal was intentional, you may have forgotten turning Fallback off?
WARNING: Shader Unsupported: 'Spine/Outline/Sprite/Vertex Lit' - All subshaders removed
WARNING: Shader Did you use #pragma only_renderers and omit this platform?
WARNING: Shader If subshaders removal was intentional, you may have forgotten turning Fallback off?
WARNING: Shader Unsupported: 'Spine/Outline/Sprite/Vertex Lit' - All subshaders removed
WARNING: Shader Did you use #pragma only_renderers and omit this platform?
WARNING: Shader If subshaders removal was intentional, you may have forgotten turning Fallback off?
WARNING: Shader Unsupported: 'Spine/Outline/SkeletonGraphic Tint Black' - All subshaders removed
WARNING: Shader Did you use #pragma only_renderers and omit this platform?
WARNING: Shader If subshaders removal was intentional, you may have forgotten turning Fallback off?
WARNING: Shader Unsupported: 'Spine/Outline/SkeletonGraphic Tint Black' - All subshaders removed
WARNING: Shader Did you use #pragma only_renderers and omit this platform?
WARNING: Shader If subshaders removal was intentional, you may have forgotten turning Fallback off?
WARNING: Shader Unsupported: 'Spine/Outline/Skeleton Lit ZWrite' - All subshaders removed
WARNING: Shader Did you use #pragma only_renderers and omit this platform?
WARNING: Shader If subshaders removal was intentional, you may have forgotten turning Fallback off?
WARNING: Shader Unsupported: 'Spine/Outline/Skeleton Lit ZWrite' - All subshaders removed
WARNING: Shader Did you use #pragma only_renderers and omit this platform?
WARNING: Shader If subshaders removal was intentional, you may have forgotten turning Fallback off?
WARNING: Shader Unsupported: 'Spine/Outline/Skeleton Fill' - All subshaders removed
WARNING: Shader Did you use #pragma only_renderers and omit this platform?
WARNING: Shader If subshaders removal was intentional, you may have forgotten turning Fallback off?
WARNING: Shader Unsupported: 'Spine/Outline/Skeleton Fill' - All subshaders removed
WARNING: Shader Did you use #pragma only_renderers and omit this platform?
WARNING: Shader If subshaders removal was intentional, you may have forgotten turning Fallback off?
WARNING: Shader Unsupported: 'Spine/Outline/Blend Modes/Skeleton PMA Additive' - All subshaders removed
WARNING: Shader Did you use #pragma only_renderers and omit this platform?
WARNING: Shader If subshaders removal was intentional, you may have forgotten turning Fallback off?
WARNING: Shader Unsupported: 'Spine/Outline/Blend Modes/Skeleton PMA Additive' - All subshaders removed
WARNING: Shader Did you use #pragma only_renderers and omit this platform?
WARNING: Shader If subshaders removal was intentional, you may have forgotten turning Fallback off?
WARNING: Shader Unsupported: 'Spine/Outline/Skeleton Lit' - All subshaders removed
WARNING: Shader Did you use #pragma only_renderers and omit this platform?
WARNING: Shader If subshaders removal was intentional, you may have forgotten turning Fallback off?
WARNING: Shader Unsupported: 'Spine/Outline/Skeleton Lit' - All subshaders removed
WARNING: Shader Did you use #pragma only_renderers and omit this platform?
WARNING: Shader If subshaders removal was intentional, you may have forgotten turning Fallback off?
WARNING: Shader Unsupported: 'Spine/Outline/Sprite/Unlit' - All subshaders removed
WARNING: Shader Did you use #pragma only_renderers and omit this platform?
WARNING: Shader If subshaders removal was intentional, you may have forgotten turning Fallback off?
WARNING: Shader Unsupported: 'Spine/Outline/Sprite/Unlit' - All subshaders removed
WARNING: Shader Did you use #pragma only_renderers and omit this platform?
WARNING: Shader If subshaders removal was intentional, you may have forgotten turning Fallback off?
WARNING: Shader Unsupported: 'Spine/Outline/Skeleton Tint' - All subshaders removed
WARNING: Shader Did you use #pragma only_renderers and omit this platform?
WARNING: Shader If subshaders removal was intentional, you may have forgotten turning Fallback off?
WARNING: Shader Unsupported: 'Spine/Outline/Skeleton Tint' - All subshaders removed
WARNING: Shader Did you use #pragma only_renderers and omit this platform?
WARNING: Shader If subshaders removal was intentional, you may have forgotten turning Fallback off?
WARNING: Shader Unsupported: 'Spine/Outline/Sprite/Pixel Lit' - All subshaders removed
WARNING: Shader Did you use #pragma only_renderers and omit this platform?
WARNING: Shader If subshaders removal was intentional, you may have forgotten turning Fallback off?
WARNING: Shader Unsupported: 'Spine/Outline/Sprite/Pixel Lit' - All subshaders removed
WARNING: Shader Did you use #pragma only_renderers and omit this platform?
WARNING: Shader If subshaders removal was intentional, you may have forgotten turning Fallback off?
WARNING: Shader Unsupported: 'Spine/Outline/Skeleton' - All subshaders removed
WARNING: Shader Did you use #pragma only_renderers and omit this platform?
WARNING: Shader If subshaders removal was intentional, you may have forgotten turning Fallback off?
WARNING: Shader Unsupported: 'Spine/Outline/Skeleton' - All subshaders removed
WARNING: Shader Did you use #pragma only_renderers and omit this platform?
WARNING: Shader If subshaders removal was intentional, you may have forgotten turning Fallback off?
WARNING: Shader Unsupported: 'Spine/Outline/Blend Modes/Skeleton PMA Screen' - All subshaders removed
WARNING: Shader Did you use #pragma only_renderers and omit this platform?
WARNING: Shader If subshaders removal was intentional, you may have forgotten turning Fallback off?
WARNING: Shader Unsupported: 'Spine/Outline/Blend Modes/Skeleton PMA Screen' - All subshaders removed
WARNING: Shader Did you use #pragma only_renderers and omit this platform?
WARNING: Shader If subshaders removal was intentional, you may have forgotten turning Fallback off?
WARNING: Shader Unsupported: 'Spine/Outline/Skeleton Tint Black' - All subshaders removed
WARNING: Shader Did you use #pragma only_renderers and omit this platform?
WARNING: Shader If subshaders removal was intentional, you may have forgotten turning Fallback off?
WARNING: Shader Unsupported: 'Spine/Outline/Skeleton Tint Black' - All subshaders removed
WARNING: Shader Did you use #pragma only_renderers and omit this platform?
WARNING: Shader If subshaders removal was intentional, you may have forgotten turning Fallback off?
WARNING: Shader Unsupported: 'Spine/Outline/Blend Modes/Skeleton PMA Multiply' - All subshaders removed
WARNING: Shader Did you use #pragma only_renderers and omit this platform?
WARNING: Shader If subshaders removal was intentional, you may have forgotten turning Fallback off?
WARNING: Shader Unsupported: 'Spine/Outline/Blend Modes/Skeleton PMA Multiply' - All subshaders removed
WARNING: Shader Did you use #pragma only_renderers and omit this platform?
WARNING: Shader If subshaders removal was intentional, you may have forgotten turning Fallback off?
Refreshing native plugins compatible for Editor in 22.93 ms, found 9 plugins.
Preloading 1 native plugins for Editor in 0.11 ms.
Unloading 31 Unused Serialized files (Serialized files now loaded: 0)
Unloading 11381 unused Assets / (8.4 MB). Loaded Objects now: 12343.
Memory consumption went from 222.7 MB to 214.3 MB.
Total: 82.931900 ms (FindLiveObjects: 1.956300 ms CreateObjectMapping: 2.266400 ms MarkObjects: 71.098500 ms  DeleteObjects: 7.608700 ms)

Prepare: number of updated asset objects reloaded= 0
========================================================================
Received Prepare
WARNING: Shader Unsupported: 'Spine/Outline/SkeletonGraphic' - All subshaders removed
WARNING: Shader Did you use #pragma only_renderers and omit this platform?
WARNING: Shader If subshaders removal was intentional, you may have forgotten turning Fallback off?
WARNING: Shader Unsupported: 'Spine/Outline/SkeletonGraphic' - All subshaders removed
WARNING: Shader Did you use #pragma only_renderers and omit this platform?
WARNING: Shader If subshaders removal was intentional, you may have forgotten turning Fallback off?
WARNING: Shader Unsupported: 'Spine/Outline/Special/Skeleton Grayscale' - All subshaders removed
WARNING: Shader Did you use #pragma only_renderers and omit this platform?
WARNING: Shader If subshaders removal was intentional, you may have forgotten turning Fallback off?
WARNING: Shader Unsupported: 'Spine/Outline/Special/Skeleton Grayscale' - All subshaders removed
WARNING: Shader Did you use #pragma only_renderers and omit this platform?
WARNING: Shader If subshaders removal was intentional, you may have forgotten turning Fallback off?
WARNING: Shader Unsupported: 'Spine/Outline/Sprite/Vertex Lit' - All subshaders removed
WARNING: Shader Did you use #pragma only_renderers and omit this platform?
WARNING: Shader If subshaders removal was intentional, you may have forgotten turning Fallback off?
WARNING: Shader Unsupported: 'Spine/Outline/Sprite/Vertex Lit' - All subshaders removed
WARNING: Shader Did you use #pragma only_renderers and omit this platform?
WARNING: Shader If subshaders removal was intentional, you may have forgotten turning Fallback off?
WARNING: Shader Unsupported: 'Spine/Outline/SkeletonGraphic Tint Black' - All subshaders removed
WARNING: Shader Did you use #pragma only_renderers and omit this platform?
WARNING: Shader If subshaders removal was intentional, you may have forgotten turning Fallback off?
WARNING: Shader Unsupported: 'Spine/Outline/SkeletonGraphic Tint Black' - All subshaders removed
WARNING: Shader Did you use #pragma only_renderers and omit this platform?
WARNING: Shader If subshaders removal was intentional, you may have forgotten turning Fallback off?
WARNING: Shader Unsupported: 'Spine/Outline/Skeleton Lit ZWrite' - All subshaders removed
WARNING: Shader Did you use #pragma only_renderers and omit this platform?
WARNING: Shader If subshaders removal was intentional, you may have forgotten turning Fallback off?
WARNING: Shader Unsupported: 'Spine/Outline/Skeleton Lit ZWrite' - All subshaders removed
WARNING: Shader Did you use #pragma only_renderers and omit this platform?
WARNING: Shader If subshaders removal was intentional, you may have forgotten turning Fallback off?
WARNING: Shader Unsupported: 'Spine/Outline/Skeleton Fill' - All subshaders removed
WARNING: Shader Did you use #pragma only_renderers and omit this platform?
WARNING: Shader If subshaders removal was intentional, you may have forgotten turning Fallback off?
WARNING: Shader Unsupported: 'Spine/Outline/Skeleton Fill' - All subshaders removed
WARNING: Shader Did you use #pragma only_renderers and omit this platform?
WARNING: Shader If subshaders removal was intentional, you may have forgotten turning Fallback off?
WARNING: Shader Unsupported: 'Spine/Outline/Blend Modes/Skeleton PMA Additive' - All subshaders removed
WARNING: Shader Did you use #pragma only_renderers and omit this platform?
WARNING: Shader If subshaders removal was intentional, you may have forgotten turning Fallback off?
WARNING: Shader Unsupported: 'Spine/Outline/Blend Modes/Skeleton PMA Additive' - All subshaders removed
WARNING: Shader Did you use #pragma only_renderers and omit this platform?
WARNING: Shader If subshaders removal was intentional, you may have forgotten turning Fallback off?
WARNING: Shader Unsupported: 'Spine/Outline/Skeleton Lit' - All subshaders removed
WARNING: Shader Did you use #pragma only_renderers and omit this platform?
WARNING: Shader If subshaders removal was intentional, you may have forgotten turning Fallback off?
WARNING: Shader Unsupported: 'Spine/Outline/Skeleton Lit' - All subshaders removed
WARNING: Shader Did you use #pragma only_renderers and omit this platform?
WARNING: Shader If subshaders removal was intentional, you may have forgotten turning Fallback off?
WARNING: Shader Unsupported: 'Spine/Outline/Sprite/Unlit' - All subshaders removed
WARNING: Shader Did you use #pragma only_renderers and omit this platform?
WARNING: Shader If subshaders removal was intentional, you may have forgotten turning Fallback off?
WARNING: Shader Unsupported: 'Spine/Outline/Sprite/Unlit' - All subshaders removed
WARNING: Shader Did you use #pragma only_renderers and omit this platform?
WARNING: Shader If subshaders removal was intentional, you may have forgotten turning Fallback off?
WARNING: Shader Unsupported: 'Spine/Outline/Skeleton Tint' - All subshaders removed
WARNING: Shader Did you use #pragma only_renderers and omit this platform?
WARNING: Shader If subshaders removal was intentional, you may have forgotten turning Fallback off?
WARNING: Shader Unsupported: 'Spine/Outline/Skeleton Tint' - All subshaders removed
WARNING: Shader Did you use #pragma only_renderers and omit this platform?
WARNING: Shader If subshaders removal was intentional, you may have forgotten turning Fallback off?
WARNING: Shader Unsupported: 'Spine/Outline/Sprite/Pixel Lit' - All subshaders removed
WARNING: Shader Did you use #pragma only_renderers and omit this platform?
WARNING: Shader If subshaders removal was intentional, you may have forgotten turning Fallback off?
WARNING: Shader Unsupported: 'Spine/Outline/Sprite/Pixel Lit' - All subshaders removed
WARNING: Shader Did you use #pragma only_renderers and omit this platform?
WARNING: Shader If subshaders removal was intentional, you may have forgotten turning Fallback off?
WARNING: Shader Unsupported: 'Spine/Outline/Skeleton' - All subshaders removed
WARNING: Shader Did you use #pragma only_renderers and omit this platform?
WARNING: Shader If subshaders removal was intentional, you may have forgotten turning Fallback off?
WARNING: Shader Unsupported: 'Spine/Outline/Skeleton' - All subshaders removed
WARNING: Shader Did you use #pragma only_renderers and omit this platform?
WARNING: Shader If subshaders removal was intentional, you may have forgotten turning Fallback off?
WARNING: Shader Unsupported: 'Spine/Outline/Blend Modes/Skeleton PMA Screen' - All subshaders removed
WARNING: Shader Did you use #pragma only_renderers and omit this platform?
WARNING: Shader If subshaders removal was intentional, you may have forgotten turning Fallback off?
WARNING: Shader Unsupported: 'Spine/Outline/Blend Modes/Skeleton PMA Screen' - All subshaders removed
WARNING: Shader Did you use #pragma only_renderers and omit this platform?
WARNING: Shader If subshaders removal was intentional, you may have forgotten turning Fallback off?
WARNING: Shader Unsupported: 'Spine/Outline/Skeleton Tint Black' - All subshaders removed
WARNING: Shader Did you use #pragma only_renderers and omit this platform?
WARNING: Shader If subshaders removal was intentional, you may have forgotten turning Fallback off?
WARNING: Shader Unsupported: 'Spine/Outline/Skeleton Tint Black' - All subshaders removed
WARNING: Shader Did you use #pragma only_renderers and omit this platform?
WARNING: Shader If subshaders removal was intentional, you may have forgotten turning Fallback off?
WARNING: Shader Unsupported: 'Spine/Outline/Blend Modes/Skeleton PMA Multiply' - All subshaders removed
WARNING: Shader Did you use #pragma only_renderers and omit this platform?
WARNING: Shader If subshaders removal was intentional, you may have forgotten turning Fallback off?
WARNING: Shader Unsupported: 'Spine/Outline/Blend Modes/Skeleton PMA Multiply' - All subshaders removed
WARNING: Shader Did you use #pragma only_renderers and omit this platform?
WARNING: Shader If subshaders removal was intentional, you may have forgotten turning Fallback off?
Refreshing native plugins compatible for Editor in 23.64 ms, found 9 plugins.
Preloading 1 native plugins for Editor in 0.12 ms.
Unloading 31 Unused Serialized files (Serialized files now loaded: 0)
Unloading 11381 unused Assets / (7.5 MB). Loaded Objects now: 12343.
Memory consumption went from 226.3 MB to 218.8 MB.
Total: 82.970000 ms (FindLiveObjects: 2.103300 ms CreateObjectMapping: 2.933500 ms MarkObjects: 70.393600 ms  DeleteObjects: 7.537500 ms)

Prepare: number of updated asset objects reloaded= 0
========================================================================
Received Prepare
WARNING: Shader Unsupported: 'Spine/Outline/SkeletonGraphic' - All subshaders removed
WARNING: Shader Did you use #pragma only_renderers and omit this platform?
WARNING: Shader If subshaders removal was intentional, you may have forgotten turning Fallback off?
WARNING: Shader Unsupported: 'Spine/Outline/SkeletonGraphic' - All subshaders removed
WARNING: Shader Did you use #pragma only_renderers and omit this platform?
WARNING: Shader If subshaders removal was intentional, you may have forgotten turning Fallback off?
WARNING: Shader Unsupported: 'Spine/Outline/Special/Skeleton Grayscale' - All subshaders removed
WARNING: Shader Did you use #pragma only_renderers and omit this platform?
WARNING: Shader If subshaders removal was intentional, you may have forgotten turning Fallback off?
WARNING: Shader Unsupported: 'Spine/Outline/Special/Skeleton Grayscale' - All subshaders removed
WARNING: Shader Did you use #pragma only_renderers and omit this platform?
WARNING: Shader If subshaders removal was intentional, you may have forgotten turning Fallback off?
WARNING: Shader Unsupported: 'Spine/Outline/Sprite/Vertex Lit' - All subshaders removed
WARNING: Shader Did you use #pragma only_renderers and omit this platform?
WARNING: Shader If subshaders removal was intentional, you may have forgotten turning Fallback off?
WARNING: Shader Unsupported: 'Spine/Outline/Sprite/Vertex Lit' - All subshaders removed
WARNING: Shader Did you use #pragma only_renderers and omit this platform?
WARNING: Shader If subshaders removal was intentional, you may have forgotten turning Fallback off?
WARNING: Shader Unsupported: 'Spine/Outline/SkeletonGraphic Tint Black' - All subshaders removed
WARNING: Shader Did you use #pragma only_renderers and omit this platform?
WARNING: Shader If subshaders removal was intentional, you may have forgotten turning Fallback off?
WARNING: Shader Unsupported: 'Spine/Outline/SkeletonGraphic Tint Black' - All subshaders removed
WARNING: Shader Did you use #pragma only_renderers and omit this platform?
WARNING: Shader If subshaders removal was intentional, you may have forgotten turning Fallback off?
WARNING: Shader Unsupported: 'Spine/Outline/Skeleton Lit ZWrite' - All subshaders removed
WARNING: Shader Did you use #pragma only_renderers and omit this platform?
WARNING: Shader If subshaders removal was intentional, you may have forgotten turning Fallback off?
WARNING: Shader Unsupported: 'Spine/Outline/Skeleton Lit ZWrite' - All subshaders removed
WARNING: Shader Did you use #pragma only_renderers and omit this platform?
WARNING: Shader If subshaders removal was intentional, you may have forgotten turning Fallback off?
WARNING: Shader Unsupported: 'Spine/Outline/Skeleton Fill' - All subshaders removed
WARNING: Shader Did you use #pragma only_renderers and omit this platform?
WARNING: Shader If subshaders removal was intentional, you may have forgotten turning Fallback off?
WARNING: Shader Unsupported: 'Spine/Outline/Skeleton Fill' - All subshaders removed
WARNING: Shader Did you use #pragma only_renderers and omit this platform?
WARNING: Shader If subshaders removal was intentional, you may have forgotten turning Fallback off?
WARNING: Shader Unsupported: 'Spine/Outline/Blend Modes/Skeleton PMA Additive' - All subshaders removed
WARNING: Shader Did you use #pragma only_renderers and omit this platform?
WARNING: Shader If subshaders removal was intentional, you may have forgotten turning Fallback off?
WARNING: Shader Unsupported: 'Spine/Outline/Blend Modes/Skeleton PMA Additive' - All subshaders removed
WARNING: Shader Did you use #pragma only_renderers and omit this platform?
WARNING: Shader If subshaders removal was intentional, you may have forgotten turning Fallback off?
WARNING: Shader Unsupported: 'Spine/Outline/Skeleton Lit' - All subshaders removed
WARNING: Shader Did you use #pragma only_renderers and omit this platform?
WARNING: Shader If subshaders removal was intentional, you may have forgotten turning Fallback off?
WARNING: Shader Unsupported: 'Spine/Outline/Skeleton Lit' - All subshaders removed
WARNING: Shader Did you use #pragma only_renderers and omit this platform?
WARNING: Shader If subshaders removal was intentional, you may have forgotten turning Fallback off?
WARNING: Shader Unsupported: 'Spine/Outline/Sprite/Unlit' - All subshaders removed
WARNING: Shader Did you use #pragma only_renderers and omit this platform?
WARNING: Shader If subshaders removal was intentional, you may have forgotten turning Fallback off?
WARNING: Shader Unsupported: 'Spine/Outline/Sprite/Unlit' - All subshaders removed
WARNING: Shader Did you use #pragma only_renderers and omit this platform?
WARNING: Shader If subshaders removal was intentional, you may have forgotten turning Fallback off?
WARNING: Shader Unsupported: 'Spine/Outline/Skeleton Tint' - All subshaders removed
WARNING: Shader Did you use #pragma only_renderers and omit this platform?
WARNING: Shader If subshaders removal was intentional, you may have forgotten turning Fallback off?
WARNING: Shader Unsupported: 'Spine/Outline/Skeleton Tint' - All subshaders removed
WARNING: Shader Did you use #pragma only_renderers and omit this platform?
WARNING: Shader If subshaders removal was intentional, you may have forgotten turning Fallback off?
WARNING: Shader Unsupported: 'Spine/Outline/Sprite/Pixel Lit' - All subshaders removed
WARNING: Shader Did you use #pragma only_renderers and omit this platform?
WARNING: Shader If subshaders removal was intentional, you may have forgotten turning Fallback off?
WARNING: Shader Unsupported: 'Spine/Outline/Sprite/Pixel Lit' - All subshaders removed
WARNING: Shader Did you use #pragma only_renderers and omit this platform?
WARNING: Shader If subshaders removal was intentional, you may have forgotten turning Fallback off?
WARNING: Shader Unsupported: 'Spine/Outline/Skeleton' - All subshaders removed
WARNING: Shader Did you use #pragma only_renderers and omit this platform?
WARNING: Shader If subshaders removal was intentional, you may have forgotten turning Fallback off?
WARNING: Shader Unsupported: 'Spine/Outline/Skeleton' - All subshaders removed
WARNING: Shader Did you use #pragma only_renderers and omit this platform?
WARNING: Shader If subshaders removal was intentional, you may have forgotten turning Fallback off?
WARNING: Shader Unsupported: 'Spine/Outline/Blend Modes/Skeleton PMA Screen' - All subshaders removed
WARNING: Shader Did you use #pragma only_renderers and omit this platform?
WARNING: Shader If subshaders removal was intentional, you may have forgotten turning Fallback off?
WARNING: Shader Unsupported: 'Spine/Outline/Blend Modes/Skeleton PMA Screen' - All subshaders removed
WARNING: Shader Did you use #pragma only_renderers and omit this platform?
WARNING: Shader If subshaders removal was intentional, you may have forgotten turning Fallback off?
WARNING: Shader Unsupported: 'Spine/Outline/Skeleton Tint Black' - All subshaders removed
WARNING: Shader Did you use #pragma only_renderers and omit this platform?
WARNING: Shader If subshaders removal was intentional, you may have forgotten turning Fallback off?
WARNING: Shader Unsupported: 'Spine/Outline/Skeleton Tint Black' - All subshaders removed
WARNING: Shader Did you use #pragma only_renderers and omit this platform?
WARNING: Shader If subshaders removal was intentional, you may have forgotten turning Fallback off?
WARNING: Shader Unsupported: 'Spine/Outline/Blend Modes/Skeleton PMA Multiply' - All subshaders removed
WARNING: Shader Did you use #pragma only_renderers and omit this platform?
WARNING: Shader If subshaders removal was intentional, you may have forgotten turning Fallback off?
WARNING: Shader Unsupported: 'Spine/Outline/Blend Modes/Skeleton PMA Multiply' - All subshaders removed
WARNING: Shader Did you use #pragma only_renderers and omit this platform?
WARNING: Shader If subshaders removal was intentional, you may have forgotten turning Fallback off?
Refreshing native plugins compatible for Editor in 26.38 ms, found 9 plugins.
Preloading 1 native plugins for Editor in 0.10 ms.
Unloading 31 Unused Serialized files (Serialized files now loaded: 0)
Unloading 11381 unused Assets / (7.2 MB). Loaded Objects now: 12343.
Memory consumption went from 230.0 MB to 222.7 MB.
Total: 72.842600 ms (FindLiveObjects: 2.132000 ms CreateObjectMapping: 3.968100 ms MarkObjects: 58.399500 ms  DeleteObjects: 8.340800 ms)

Prepare: number of updated asset objects reloaded= 0
========================================================================
Received Prepare
WARNING: Shader Unsupported: 'Spine/Outline/SkeletonGraphic' - All subshaders removed
WARNING: Shader Did you use #pragma only_renderers and omit this platform?
WARNING: Shader If subshaders removal was intentional, you may have forgotten turning Fallback off?
WARNING: Shader Unsupported: 'Spine/Outline/SkeletonGraphic' - All subshaders removed
WARNING: Shader Did you use #pragma only_renderers and omit this platform?
WARNING: Shader If subshaders removal was intentional, you may have forgotten turning Fallback off?
WARNING: Shader Unsupported: 'Spine/Outline/Special/Skeleton Grayscale' - All subshaders removed
WARNING: Shader Did you use #pragma only_renderers and omit this platform?
WARNING: Shader If subshaders removal was intentional, you may have forgotten turning Fallback off?
WARNING: Shader Unsupported: 'Spine/Outline/Special/Skeleton Grayscale' - All subshaders removed
WARNING: Shader Did you use #pragma only_renderers and omit this platform?
WARNING: Shader If subshaders removal was intentional, you may have forgotten turning Fallback off?
WARNING: Shader Unsupported: 'Spine/Outline/Sprite/Vertex Lit' - All subshaders removed
WARNING: Shader Did you use #pragma only_renderers and omit this platform?
WARNING: Shader If subshaders removal was intentional, you may have forgotten turning Fallback off?
WARNING: Shader Unsupported: 'Spine/Outline/Sprite/Vertex Lit' - All subshaders removed
WARNING: Shader Did you use #pragma only_renderers and omit this platform?
WARNING: Shader If subshaders removal was intentional, you may have forgotten turning Fallback off?
WARNING: Shader Unsupported: 'Spine/Outline/SkeletonGraphic Tint Black' - All subshaders removed
WARNING: Shader Did you use #pragma only_renderers and omit this platform?
WARNING: Shader If subshaders removal was intentional, you may have forgotten turning Fallback off?
WARNING: Shader Unsupported: 'Spine/Outline/SkeletonGraphic Tint Black' - All subshaders removed
WARNING: Shader Did you use #pragma only_renderers and omit this platform?
WARNING: Shader If subshaders removal was intentional, you may have forgotten turning Fallback off?
WARNING: Shader Unsupported: 'Spine/Outline/Skeleton Lit ZWrite' - All subshaders removed
WARNING: Shader Did you use #pragma only_renderers and omit this platform?
WARNING: Shader If subshaders removal was intentional, you may have forgotten turning Fallback off?
WARNING: Shader Unsupported: 'Spine/Outline/Skeleton Lit ZWrite' - All subshaders removed
WARNING: Shader Did you use #pragma only_renderers and omit this platform?
WARNING: Shader If subshaders removal was intentional, you may have forgotten turning Fallback off?
WARNING: Shader Unsupported: 'Spine/Outline/Skeleton Fill' - All subshaders removed
WARNING: Shader Did you use #pragma only_renderers and omit this platform?
WARNING: Shader If subshaders removal was intentional, you may have forgotten turning Fallback off?
WARNING: Shader Unsupported: 'Spine/Outline/Skeleton Fill' - All subshaders removed
WARNING: Shader Did you use #pragma only_renderers and omit this platform?
WARNING: Shader If subshaders removal was intentional, you may have forgotten turning Fallback off?
WARNING: Shader Unsupported: 'Spine/Outline/Blend Modes/Skeleton PMA Additive' - All subshaders removed
WARNING: Shader Did you use #pragma only_renderers and omit this platform?
WARNING: Shader If subshaders removal was intentional, you may have forgotten turning Fallback off?
WARNING: Shader Unsupported: 'Spine/Outline/Blend Modes/Skeleton PMA Additive' - All subshaders removed
WARNING: Shader Did you use #pragma only_renderers and omit this platform?
WARNING: Shader If subshaders removal was intentional, you may have forgotten turning Fallback off?
WARNING: Shader Unsupported: 'Spine/Outline/Skeleton Lit' - All subshaders removed
WARNING: Shader Did you use #pragma only_renderers and omit this platform?
WARNING: Shader If subshaders removal was intentional, you may have forgotten turning Fallback off?
WARNING: Shader Unsupported: 'Spine/Outline/Skeleton Lit' - All subshaders removed
WARNING: Shader Did you use #pragma only_renderers and omit this platform?
WARNING: Shader If subshaders removal was intentional, you may have forgotten turning Fallback off?
WARNING: Shader Unsupported: 'Spine/Outline/Sprite/Unlit' - All subshaders removed
WARNING: Shader Did you use #pragma only_renderers and omit this platform?
WARNING: Shader If subshaders removal was intentional, you may have forgotten turning Fallback off?
WARNING: Shader Unsupported: 'Spine/Outline/Sprite/Unlit' - All subshaders removed
WARNING: Shader Did you use #pragma only_renderers and omit this platform?
WARNING: Shader If subshaders removal was intentional, you may have forgotten turning Fallback off?
WARNING: Shader Unsupported: 'Spine/Outline/Skeleton Tint' - All subshaders removed
WARNING: Shader Did you use #pragma only_renderers and omit this platform?
WARNING: Shader If subshaders removal was intentional, you may have forgotten turning Fallback off?
WARNING: Shader Unsupported: 'Spine/Outline/Skeleton Tint' - All subshaders removed
WARNING: Shader Did you use #pragma only_renderers and omit this platform?
WARNING: Shader If subshaders removal was intentional, you may have forgotten turning Fallback off?
WARNING: Shader Unsupported: 'Spine/Outline/Sprite/Pixel Lit' - All subshaders removed
WARNING: Shader Did you use #pragma only_renderers and omit this platform?
WARNING: Shader If subshaders removal was intentional, you may have forgotten turning Fallback off?
WARNING: Shader Unsupported: 'Spine/Outline/Sprite/Pixel Lit' - All subshaders removed
WARNING: Shader Did you use #pragma only_renderers and omit this platform?
WARNING: Shader If subshaders removal was intentional, you may have forgotten turning Fallback off?
WARNING: Shader Unsupported: 'Spine/Outline/Skeleton' - All subshaders removed
WARNING: Shader Did you use #pragma only_renderers and omit this platform?
WARNING: Shader If subshaders removal was intentional, you may have forgotten turning Fallback off?
WARNING: Shader Unsupported: 'Spine/Outline/Skeleton' - All subshaders removed
WARNING: Shader Did you use #pragma only_renderers and omit this platform?
WARNING: Shader If subshaders removal was intentional, you may have forgotten turning Fallback off?
WARNING: Shader Unsupported: 'Spine/Outline/Blend Modes/Skeleton PMA Screen' - All subshaders removed
WARNING: Shader Did you use #pragma only_renderers and omit this platform?
WARNING: Shader If subshaders removal was intentional, you may have forgotten turning Fallback off?
WARNING: Shader Unsupported: 'Spine/Outline/Blend Modes/Skeleton PMA Screen' - All subshaders removed
WARNING: Shader Did you use #pragma only_renderers and omit this platform?
WARNING: Shader If subshaders removal was intentional, you may have forgotten turning Fallback off?
WARNING: Shader Unsupported: 'Spine/Outline/Skeleton Tint Black' - All subshaders removed
WARNING: Shader Did you use #pragma only_renderers and omit this platform?
WARNING: Shader If subshaders removal was intentional, you may have forgotten turning Fallback off?
WARNING: Shader Unsupported: 'Spine/Outline/Skeleton Tint Black' - All subshaders removed
WARNING: Shader Did you use #pragma only_renderers and omit this platform?
WARNING: Shader If subshaders removal was intentional, you may have forgotten turning Fallback off?
WARNING: Shader Unsupported: 'Spine/Outline/Blend Modes/Skeleton PMA Multiply' - All subshaders removed
WARNING: Shader Did you use #pragma only_renderers and omit this platform?
WARNING: Shader If subshaders removal was intentional, you may have forgotten turning Fallback off?
WARNING: Shader Unsupported: 'Spine/Outline/Blend Modes/Skeleton PMA Multiply' - All subshaders removed
WARNING: Shader Did you use #pragma only_renderers and omit this platform?
WARNING: Shader If subshaders removal was intentional, you may have forgotten turning Fallback off?
Refreshing native plugins compatible for Editor in 26.06 ms, found 9 plugins.
Preloading 1 native plugins for Editor in 0.14 ms.
Unloading 31 Unused Serialized files (Serialized files now loaded: 0)
Unloading 11381 unused Assets / (7.2 MB). Loaded Objects now: 12343.
Memory consumption went from 233.6 MB to 226.4 MB.
Total: 60.073600 ms (FindLiveObjects: 2.074600 ms CreateObjectMapping: 3.265300 ms MarkObjects: 46.769100 ms  DeleteObjects: 7.961700 ms)

Prepare: number of updated asset objects reloaded= 0
========================================================================
Received Prepare
Begin MonoManager ReloadAssembly
[Licensing::Client] Successfully resolved entitlement details
Symbol file LoadedFromMemory is not a mono symbol file
- Loaded All Assemblies, in  1.893 seconds
Refreshing native plugins compatible for Editor in 29.97 ms, found 9 plugins.
Native extension for Android target not found
Native extension for WindowsStandalone target not found
[Package Manager] Failed to launch server process. Reason: Unity was launched with the -noUpm command-line argument
[Package Manager] Unable to send message (not connected to server process).
[Package Manager] Cannot connect to Unity Package Manager local server
Refreshing native plugins compatible for Editor in 22.56 ms, found 9 plugins.
[Package Manager] Failed to launch server process. Reason: Unity was launched with the -noUpm command-line argument
[Package Manager] Unable to send message (not connected to server process).
[Package Manager] Cannot connect to Unity Package Manager local server
System.Exception: Error! Visual Scripting: couldn't find visual scripting package
  at Unity.VisualScripting.PackageVersionUtility.get_version () [0x00043] in .\Library\PackageCache\com.unity.visualscripting@8bed5ad90189\Editor\VisualScripting.Core\Utilities\PackageVersionUtility.cs:31 
  at Unity.VisualScripting.BoltCoreManifest.get_version () [0x00000] in .\Library\PackageCache\com.unity.visualscripting@8bed5ad90189\Editor\VisualScripting.Core\Plugin\BoltCoreManifest.cs:11 
  at Unity.VisualScripting.PluginManifest.get_currentVersion () [0x00000] in .\Library\PackageCache\com.unity.visualscripting@8bed5ad90189\Editor\VisualScripting.Core\Plugins\PluginManifest.cs:33 
  at Unity.VisualScripting.PluginManifest.get_versionMismatch () [0x00000] in .\Library\PackageCache\com.unity.visualscripting@8bed5ad90189\Editor\VisualScripting.Core\Plugins\PluginManifest.cs:48 
  at Unity.VisualScripting.PluginContainer.Initialize () [0x00525] in .\Library\PackageCache\com.unity.visualscripting@8bed5ad90189\Editor\VisualScripting.Core\Plugins\PluginContainer.cs:208 
  at Unity.VisualScripting.PluginContainer.InitializeOnLoad () [0x00009] in .\Library\PackageCache\com.unity.visualscripting@8bed5ad90189\Editor\VisualScripting.Core\Plugins\PluginContainer.cs:32 
  at Unity.VisualScripting.VSUsageUtility.DoInitializeOnLoadCalls () [0x00034] in .\Library\PackageCache\com.unity.visualscripting@8bed5ad90189\Editor\VisualScripting.Core\Utilities\VSUsageUtility.cs:76 
  at Unity.VisualScripting.VSUsageUtility.set_isVisualScriptingUsed (System.Boolean value) [0x0002c] in .\Library\PackageCache\com.unity.visualscripting@8bed5ad90189\Editor\VisualScripting.Core\Utilities\VSUsageUtility.cs:114 
  at Unity.VisualScripting.VSUsageUtility.CheckAndSetIsVisualScriptingUsed () [0x0000d] in .\Library\PackageCache\com.unity.visualscripting@8bed5ad90189\Editor\VisualScripting.Core\Utilities\VSUsageUtility.cs:33 
  at Unity.VisualScripting.VSUsageUtility..cctor () [0x00000] in .\Library\PackageCache\com.unity.visualscripting@8bed5ad90189\Editor\VisualScripting.Core\Utilities\VSUsageUtility.cs:22 
UnityEngine.Debug:ExtractStackTraceNoAlloc (byte*,int,string)
UnityEngine.StackTraceUtility:ExtractStackTrace ()
UnityEngine.DebugLogHandler:Internal_Log (UnityEngine.LogType,UnityEngine.LogOption,string,UnityEngine.Object)
UnityEngine.DebugLogHandler:LogFormat (UnityEngine.LogType,UnityEngine.Object,string,object[])
UnityEngine.Logger:Log (UnityEngine.LogType,object)
UnityEngine.Debug:LogError (object)
UnityEditor.EditorAssemblies:ProcessInitializeOnLoadAttributes (System.Type[])

ScheduleIndexationOnStartup MainProcess:False IndexOnStartup:True
Mono: successfully reloaded assembly
- Finished resetting the current domain, in  3.366 seconds
Domain Reload Profiling: 5260ms
	BeginReloadAssembly (453ms)
		ExecutionOrderSort (0ms)
		DisableScriptedObjects (21ms)
		BackupInstance (0ms)
		ReleaseScriptingObjects (0ms)
		CreateAndSetChildDomain (161ms)
	RebuildCommonClasses (62ms)
	RebuildNativeTypeToScriptingClass (20ms)
	initialDomainReloadingComplete (64ms)
	LoadAllAssembliesAndSetupDomain (1294ms)
		LoadAssemblies (797ms)
		RebuildTransferFunctionScriptingTraits (0ms)
		AnalyzeDomain (647ms)
			TypeCache.Refresh (23ms)
				TypeCache.ScanAssembly (3ms)
			BuildScriptInfoCaches (579ms)
			ResolveRequiredComponents (34ms)
	FinalizeReload (3367ms)
		ReleaseScriptCaches (0ms)
		RebuildScriptCaches (0ms)
		SetupLoadedEditorAssemblies (2177ms)
			LogAssemblyErrors (0ms)
			InitializePlatformSupportModulesInManaged (11ms)
			SetLoadedEditorAssemblies (8ms)
			BeforeProcessingInitializeOnLoad (376ms)
			ProcessInitializeOnLoadAttributes (1156ms)
			ProcessInitializeOnLoadMethodAttributes (614ms)
			AfterProcessingInitializeOnLoad (10ms)
			EditorAssembliesLoaded (2ms)
		ExecutionOrderSort2 (0ms)
		AwakeInstancesAfterBackupRestoration (45ms)
WARNING: Shader Unsupported: 'Spine/Outline/SkeletonGraphic' - All subshaders removed
WARNING: Shader Did you use #pragma only_renderers and omit this platform?
WARNING: Shader If subshaders removal was intentional, you may have forgotten turning Fallback off?
WARNING: Shader Unsupported: 'Spine/Outline/SkeletonGraphic' - All subshaders removed
WARNING: Shader Did you use #pragma only_renderers and omit this platform?
WARNING: Shader If subshaders removal was intentional, you may have forgotten turning Fallback off?
WARNING: Shader Unsupported: 'Spine/Outline/Special/Skeleton Grayscale' - All subshaders removed
WARNING: Shader Did you use #pragma only_renderers and omit this platform?
WARNING: Shader If subshaders removal was intentional, you may have forgotten turning Fallback off?
WARNING: Shader Unsupported: 'Spine/Outline/Special/Skeleton Grayscale' - All subshaders removed
WARNING: Shader Did you use #pragma only_renderers and omit this platform?
WARNING: Shader If subshaders removal was intentional, you may have forgotten turning Fallback off?
WARNING: Shader Unsupported: 'Spine/Outline/Sprite/Vertex Lit' - All subshaders removed
WARNING: Shader Did you use #pragma only_renderers and omit this platform?
WARNING: Shader If subshaders removal was intentional, you may have forgotten turning Fallback off?
WARNING: Shader Unsupported: 'Spine/Outline/Sprite/Vertex Lit' - All subshaders removed
WARNING: Shader Did you use #pragma only_renderers and omit this platform?
WARNING: Shader If subshaders removal was intentional, you may have forgotten turning Fallback off?
WARNING: Shader Unsupported: 'Spine/Outline/SkeletonGraphic Tint Black' - All subshaders removed
WARNING: Shader Did you use #pragma only_renderers and omit this platform?
WARNING: Shader If subshaders removal was intentional, you may have forgotten turning Fallback off?
WARNING: Shader Unsupported: 'Spine/Outline/SkeletonGraphic Tint Black' - All subshaders removed
WARNING: Shader Did you use #pragma only_renderers and omit this platform?
WARNING: Shader If subshaders removal was intentional, you may have forgotten turning Fallback off?
WARNING: Shader Unsupported: 'Spine/Outline/Skeleton Lit ZWrite' - All subshaders removed
WARNING: Shader Did you use #pragma only_renderers and omit this platform?
WARNING: Shader If subshaders removal was intentional, you may have forgotten turning Fallback off?
WARNING: Shader Unsupported: 'Spine/Outline/Skeleton Lit ZWrite' - All subshaders removed
WARNING: Shader Did you use #pragma only_renderers and omit this platform?
WARNING: Shader If subshaders removal was intentional, you may have forgotten turning Fallback off?
WARNING: Shader Unsupported: 'Spine/Outline/Skeleton Fill' - All subshaders removed
WARNING: Shader Did you use #pragma only_renderers and omit this platform?
WARNING: Shader If subshaders removal was intentional, you may have forgotten turning Fallback off?
WARNING: Shader Unsupported: 'Spine/Outline/Skeleton Fill' - All subshaders removed
WARNING: Shader Did you use #pragma only_renderers and omit this platform?
WARNING: Shader If subshaders removal was intentional, you may have forgotten turning Fallback off?
WARNING: Shader Unsupported: 'Spine/Outline/Blend Modes/Skeleton PMA Additive' - All subshaders removed
WARNING: Shader Did you use #pragma only_renderers and omit this platform?
WARNING: Shader If subshaders removal was intentional, you may have forgotten turning Fallback off?
WARNING: Shader Unsupported: 'Spine/Outline/Blend Modes/Skeleton PMA Additive' - All subshaders removed
WARNING: Shader Did you use #pragma only_renderers and omit this platform?
WARNING: Shader If subshaders removal was intentional, you may have forgotten turning Fallback off?
WARNING: Shader Unsupported: 'Spine/Outline/Skeleton Lit' - All subshaders removed
WARNING: Shader Did you use #pragma only_renderers and omit this platform?
WARNING: Shader If subshaders removal was intentional, you may have forgotten turning Fallback off?
WARNING: Shader Unsupported: 'Spine/Outline/Skeleton Lit' - All subshaders removed
WARNING: Shader Did you use #pragma only_renderers and omit this platform?
WARNING: Shader If subshaders removal was intentional, you may have forgotten turning Fallback off?
WARNING: Shader Unsupported: 'Spine/Outline/Sprite/Unlit' - All subshaders removed
WARNING: Shader Did you use #pragma only_renderers and omit this platform?
WARNING: Shader If subshaders removal was intentional, you may have forgotten turning Fallback off?
WARNING: Shader Unsupported: 'Spine/Outline/Sprite/Unlit' - All subshaders removed
WARNING: Shader Did you use #pragma only_renderers and omit this platform?
WARNING: Shader If subshaders removal was intentional, you may have forgotten turning Fallback off?
WARNING: Shader Unsupported: 'Spine/Outline/Skeleton Tint' - All subshaders removed
WARNING: Shader Did you use #pragma only_renderers and omit this platform?
WARNING: Shader If subshaders removal was intentional, you may have forgotten turning Fallback off?
WARNING: Shader Unsupported: 'Spine/Outline/Skeleton Tint' - All subshaders removed
WARNING: Shader Did you use #pragma only_renderers and omit this platform?
WARNING: Shader If subshaders removal was intentional, you may have forgotten turning Fallback off?
WARNING: Shader Unsupported: 'Spine/Outline/Sprite/Pixel Lit' - All subshaders removed
WARNING: Shader Did you use #pragma only_renderers and omit this platform?
WARNING: Shader If subshaders removal was intentional, you may have forgotten turning Fallback off?
WARNING: Shader Unsupported: 'Spine/Outline/Sprite/Pixel Lit' - All subshaders removed
WARNING: Shader Did you use #pragma only_renderers and omit this platform?
WARNING: Shader If subshaders removal was intentional, you may have forgotten turning Fallback off?
WARNING: Shader Unsupported: 'Spine/Outline/Skeleton' - All subshaders removed
WARNING: Shader Did you use #pragma only_renderers and omit this platform?
WARNING: Shader If subshaders removal was intentional, you may have forgotten turning Fallback off?
WARNING: Shader Unsupported: 'Spine/Outline/Skeleton' - All subshaders removed
WARNING: Shader Did you use #pragma only_renderers and omit this platform?
WARNING: Shader If subshaders removal was intentional, you may have forgotten turning Fallback off?
WARNING: Shader Unsupported: 'Spine/Outline/Blend Modes/Skeleton PMA Screen' - All subshaders removed
WARNING: Shader Did you use #pragma only_renderers and omit this platform?
WARNING: Shader If subshaders removal was intentional, you may have forgotten turning Fallback off?
WARNING: Shader Unsupported: 'Spine/Outline/Blend Modes/Skeleton PMA Screen' - All subshaders removed
WARNING: Shader Did you use #pragma only_renderers and omit this platform?
WARNING: Shader If subshaders removal was intentional, you may have forgotten turning Fallback off?
WARNING: Shader Unsupported: 'Spine/Outline/Skeleton Tint Black' - All subshaders removed
WARNING: Shader Did you use #pragma only_renderers and omit this platform?
WARNING: Shader If subshaders removal was intentional, you may have forgotten turning Fallback off?
WARNING: Shader Unsupported: 'Spine/Outline/Skeleton Tint Black' - All subshaders removed
WARNING: Shader Did you use #pragma only_renderers and omit this platform?
WARNING: Shader If subshaders removal was intentional, you may have forgotten turning Fallback off?
WARNING: Shader Unsupported: 'Spine/Outline/Blend Modes/Skeleton PMA Multiply' - All subshaders removed
WARNING: Shader Did you use #pragma only_renderers and omit this platform?
WARNING: Shader If subshaders removal was intentional, you may have forgotten turning Fallback off?
WARNING: Shader Unsupported: 'Spine/Outline/Blend Modes/Skeleton PMA Multiply' - All subshaders removed
WARNING: Shader Did you use #pragma only_renderers and omit this platform?
WARNING: Shader If subshaders removal was intentional, you may have forgotten turning Fallback off?
Refreshing native plugins compatible for Editor in 26.74 ms, found 9 plugins.
Preloading 1 native plugins for Editor in 0.14 ms.
Unloading 31 Unused Serialized files (Serialized files now loaded: 0)
Unloading 11476 unused Assets / (8.5 MB). Loaded Objects now: 12351.
Memory consumption went from 240.4 MB to 231.9 MB.
Total: 51.146800 ms (FindLiveObjects: 1.400200 ms CreateObjectMapping: 1.989400 ms MarkObjects: 38.872100 ms  DeleteObjects: 8.883300 ms)

Prepare: number of updated asset objects reloaded= 0
========================================================================
Received Prepare
WARNING: Shader Unsupported: 'Spine/Outline/SkeletonGraphic' - All subshaders removed
WARNING: Shader Did you use #pragma only_renderers and omit this platform?
WARNING: Shader If subshaders removal was intentional, you may have forgotten turning Fallback off?
WARNING: Shader Unsupported: 'Spine/Outline/SkeletonGraphic' - All subshaders removed
WARNING: Shader Did you use #pragma only_renderers and omit this platform?
WARNING: Shader If subshaders removal was intentional, you may have forgotten turning Fallback off?
WARNING: Shader Unsupported: 'Spine/Outline/Special/Skeleton Grayscale' - All subshaders removed
WARNING: Shader Did you use #pragma only_renderers and omit this platform?
WARNING: Shader If subshaders removal was intentional, you may have forgotten turning Fallback off?
WARNING: Shader Unsupported: 'Spine/Outline/Special/Skeleton Grayscale' - All subshaders removed
WARNING: Shader Did you use #pragma only_renderers and omit this platform?
WARNING: Shader If subshaders removal was intentional, you may have forgotten turning Fallback off?
WARNING: Shader Unsupported: 'Spine/Outline/Sprite/Vertex Lit' - All subshaders removed
WARNING: Shader Did you use #pragma only_renderers and omit this platform?
WARNING: Shader If subshaders removal was intentional, you may have forgotten turning Fallback off?
WARNING: Shader Unsupported: 'Spine/Outline/Sprite/Vertex Lit' - All subshaders removed
WARNING: Shader Did you use #pragma only_renderers and omit this platform?
WARNING: Shader If subshaders removal was intentional, you may have forgotten turning Fallback off?
WARNING: Shader Unsupported: 'Spine/Outline/SkeletonGraphic Tint Black' - All subshaders removed
WARNING: Shader Did you use #pragma only_renderers and omit this platform?
WARNING: Shader If subshaders removal was intentional, you may have forgotten turning Fallback off?
WARNING: Shader Unsupported: 'Spine/Outline/SkeletonGraphic Tint Black' - All subshaders removed
WARNING: Shader Did you use #pragma only_renderers and omit this platform?
WARNING: Shader If subshaders removal was intentional, you may have forgotten turning Fallback off?
WARNING: Shader Unsupported: 'Spine/Outline/Skeleton Lit ZWrite' - All subshaders removed
WARNING: Shader Did you use #pragma only_renderers and omit this platform?
WARNING: Shader If subshaders removal was intentional, you may have forgotten turning Fallback off?
WARNING: Shader Unsupported: 'Spine/Outline/Skeleton Lit ZWrite' - All subshaders removed
WARNING: Shader Did you use #pragma only_renderers and omit this platform?
WARNING: Shader If subshaders removal was intentional, you may have forgotten turning Fallback off?
WARNING: Shader Unsupported: 'Spine/Outline/Skeleton Fill' - All subshaders removed
WARNING: Shader Did you use #pragma only_renderers and omit this platform?
WARNING: Shader If subshaders removal was intentional, you may have forgotten turning Fallback off?
WARNING: Shader Unsupported: 'Spine/Outline/Skeleton Fill' - All subshaders removed
WARNING: Shader Did you use #pragma only_renderers and omit this platform?
WARNING: Shader If subshaders removal was intentional, you may have forgotten turning Fallback off?
WARNING: Shader Unsupported: 'Spine/Outline/Blend Modes/Skeleton PMA Additive' - All subshaders removed
WARNING: Shader Did you use #pragma only_renderers and omit this platform?
WARNING: Shader If subshaders removal was intentional, you may have forgotten turning Fallback off?
WARNING: Shader Unsupported: 'Spine/Outline/Blend Modes/Skeleton PMA Additive' - All subshaders removed
WARNING: Shader Did you use #pragma only_renderers and omit this platform?
WARNING: Shader If subshaders removal was intentional, you may have forgotten turning Fallback off?
WARNING: Shader Unsupported: 'Spine/Outline/Skeleton Lit' - All subshaders removed
WARNING: Shader Did you use #pragma only_renderers and omit this platform?
WARNING: Shader If subshaders removal was intentional, you may have forgotten turning Fallback off?
WARNING: Shader Unsupported: 'Spine/Outline/Skeleton Lit' - All subshaders removed
WARNING: Shader Did you use #pragma only_renderers and omit this platform?
WARNING: Shader If subshaders removal was intentional, you may have forgotten turning Fallback off?
WARNING: Shader Unsupported: 'Spine/Outline/Sprite/Unlit' - All subshaders removed
WARNING: Shader Did you use #pragma only_renderers and omit this platform?
WARNING: Shader If subshaders removal was intentional, you may have forgotten turning Fallback off?
WARNING: Shader Unsupported: 'Spine/Outline/Sprite/Unlit' - All subshaders removed
WARNING: Shader Did you use #pragma only_renderers and omit this platform?
WARNING: Shader If subshaders removal was intentional, you may have forgotten turning Fallback off?
WARNING: Shader Unsupported: 'Spine/Outline/Skeleton Tint' - All subshaders removed
WARNING: Shader Did you use #pragma only_renderers and omit this platform?
WARNING: Shader If subshaders removal was intentional, you may have forgotten turning Fallback off?
WARNING: Shader Unsupported: 'Spine/Outline/Skeleton Tint' - All subshaders removed
WARNING: Shader Did you use #pragma only_renderers and omit this platform?
WARNING: Shader If subshaders removal was intentional, you may have forgotten turning Fallback off?
WARNING: Shader Unsupported: 'Spine/Outline/Sprite/Pixel Lit' - All subshaders removed
WARNING: Shader Did you use #pragma only_renderers and omit this platform?
WARNING: Shader If subshaders removal was intentional, you may have forgotten turning Fallback off?
WARNING: Shader Unsupported: 'Spine/Outline/Sprite/Pixel Lit' - All subshaders removed
WARNING: Shader Did you use #pragma only_renderers and omit this platform?
WARNING: Shader If subshaders removal was intentional, you may have forgotten turning Fallback off?
WARNING: Shader Unsupported: 'Spine/Outline/Skeleton' - All subshaders removed
WARNING: Shader Did you use #pragma only_renderers and omit this platform?
WARNING: Shader If subshaders removal was intentional, you may have forgotten turning Fallback off?
WARNING: Shader Unsupported: 'Spine/Outline/Skeleton' - All subshaders removed
WARNING: Shader Did you use #pragma only_renderers and omit this platform?
WARNING: Shader If subshaders removal was intentional, you may have forgotten turning Fallback off?
WARNING: Shader Unsupported: 'Spine/Outline/Blend Modes/Skeleton PMA Screen' - All subshaders removed
WARNING: Shader Did you use #pragma only_renderers and omit this platform?
WARNING: Shader If subshaders removal was intentional, you may have forgotten turning Fallback off?
WARNING: Shader Unsupported: 'Spine/Outline/Blend Modes/Skeleton PMA Screen' - All subshaders removed
WARNING: Shader Did you use #pragma only_renderers and omit this platform?
WARNING: Shader If subshaders removal was intentional, you may have forgotten turning Fallback off?
WARNING: Shader Unsupported: 'Spine/Outline/Skeleton Tint Black' - All subshaders removed
WARNING: Shader Did you use #pragma only_renderers and omit this platform?
WARNING: Shader If subshaders removal was intentional, you may have forgotten turning Fallback off?
WARNING: Shader Unsupported: 'Spine/Outline/Skeleton Tint Black' - All subshaders removed
WARNING: Shader Did you use #pragma only_renderers and omit this platform?
WARNING: Shader If subshaders removal was intentional, you may have forgotten turning Fallback off?
WARNING: Shader Unsupported: 'Spine/Outline/Blend Modes/Skeleton PMA Multiply' - All subshaders removed
WARNING: Shader Did you use #pragma only_renderers and omit this platform?
WARNING: Shader If subshaders removal was intentional, you may have forgotten turning Fallback off?
WARNING: Shader Unsupported: 'Spine/Outline/Blend Modes/Skeleton PMA Multiply' - All subshaders removed
WARNING: Shader Did you use #pragma only_renderers and omit this platform?
WARNING: Shader If subshaders removal was intentional, you may have forgotten turning Fallback off?
Refreshing native plugins compatible for Editor in 24.42 ms, found 9 plugins.
Preloading 1 native plugins for Editor in 0.17 ms.
Unloading 31 Unused Serialized files (Serialized files now loaded: 0)
Unloading 11381 unused Assets / (7.1 MB). Loaded Objects now: 12351.
Memory consumption went from 243.5 MB to 236.3 MB.
Total: 41.775800 ms (FindLiveObjects: 1.563500 ms CreateObjectMapping: 2.043800 ms MarkObjects: 31.244700 ms  DeleteObjects: 6.921500 ms)

Prepare: number of updated asset objects reloaded= 0
Editor requested this worker to shutdown with reason: Scaling down because of idle timeout
AssetImportWorker is now disconnected from the server
Process exiting
Exiting without the bug reporter. Application will terminate with return code 0