[Licensing::Module] Trying to connect to existing licensing client channel...
Built from '6000.3/staging' branch; Version is '6000.3.17f1 (cf0352b38e81) revision 13566802'; Using compiler version '194234433'; Build Type 'Release'
OS: 'Windows 11  (10.0.26200) Professional' Language: 'ko' Physical Memory: 16232 MB
[Licensing::IpcConnector] Successfully connected to: "LicenseClient-gimch" at "2026-09-16T13:51:11.6162821Z"
BatchMode: 1, IsHumanControllingUs: 0, StartBugReporterOnCrash: 0, Is64bit: 1
System  architecture: x64
Process architecture: x64
Date: 2026-09-16T13:51:11Z

COMMAND LINE ARGUMENTS:
C:\Program Files\Unity\Hub\Editor\6000.3.17f1\Editor\Unity.exe
-adb2
-batchMode
-noUpm
-name
AssetImportWorker6
-projectPath
C:/Users/gimch/Documents/GitHub/HanessTest/My project
-logFile
Logs/AssetImportWorker6.log
-srvPort
53714
-licensingIpc
LicenseClient-gimch
-job-worker-count
7
-background-job-worker-count
8
-gc-helper-count
1
-name
AssetImport
Successfully changed project path to: C:/Users/gimch/Documents/GitHub/HanessTest/My project
C:/Users/gimch/Documents/GitHub/HanessTest/My project
[UnityMemory] Configuration Parameters - Can be set up in boot.config
    "memorysetup-temp-allocator-size-nav-mesh-worker=65536"
    "memorysetup-temp-allocator-size-audio-worker=65536"
    "memorysetup-temp-allocator-size-gfx=262144"
    "memorysetup-allocator-temp-initial-block-size-main=262144"
    "memorysetup-allocator-temp-initial-block-size-worker=262144"
    "memorysetup-temp-allocator-size-background-worker=32768"
    "memorysetup-temp-allocator-size-job-worker=262144"
    "memorysetup-temp-allocator-size-preload-manager=33554432"
    "memorysetup-temp-allocator-size-gi-baking-worker=262144"
    "memorysetup-temp-allocator-size-gi-baking-worker=262144"
    "memorysetup-temp-allocator-size-gi-baking-worker=262144"
    "memorysetup-temp-allocator-size-gi-baking-worker=262144"
    "memorysetup-temp-allocator-size-gi-baking-worker=262144"
    "memorysetup-bucket-allocator-granularity=16"
    "memorysetup-bucket-allocator-bucket-count=8"
    "memorysetup-bucket-allocator-block-size=33554432"
    "memorysetup-bucket-allocator-block-count=8"
    "memorysetup-main-allocator-block-size=16777216"
    "memorysetup-thread-allocator-block-size=16777216"
    "memorysetup-gfx-main-allocator-block-size=16777216"
    "memorysetup-gfx-thread-allocator-block-size=16777216"
    "memorysetup-cache-allocator-block-size=4194304"
    "memorysetup-typetree-allocator-block-size=2097152"
    "memorysetup-profiler-bucket-allocator-granularity=16"
    "memorysetup-profiler-bucket-allocator-bucket-count=8"
    "memorysetup-profiler-bucket-allocator-block-size=33554432"
    "memorysetup-profiler-bucket-allocator-block-count=8"
    "memorysetup-profiler-allocator-block-size=16777216"
    "memorysetup-profiler-editor-allocator-block-size=1048576"
    "memorysetup-temp-allocator-size-main=16777216"
    "memorysetup-job-temp-allocator-block-size=2097152"
    "memorysetup-job-temp-allocator-block-size-background=1048576"
    "memorysetup-job-temp-allocator-reduction-small-platforms=262144"
    "memorysetup-temp-allocator-size-cloud-worker=32768"
Player connection [30128]  Target information:

Player connection [30128]  * "[IP] 49.142.53.194 [Port] 0 [Flags] 2 [Guid] 605243560 [EditorId] 605243560 [Version] 1048832 [Id] WindowsEditor(7,CHANBIN) [Debug] 1 [PackageName] WindowsEditor [ProjectName] Editor" 

Player connection [30128] Host joined multi-casting on [225.0.0.222:54997]...
Player connection [30128] Host joined alternative multi-casting on [225.0.0.222:34997]...
JobSystem: Creating JobQueue using job-worker-count value 7
Input System module state changed to: Initialized.
[Physics::Module] Initialized fallback backend.
[Physics::Module] Id: 0xdecafbad
Library Redirect Path: Library/
[Physics::Module] Selected backend.
[Physics::Module] Name: PhysX
[Physics::Module] Id: 0xf2b8ea05
[Physics::Module] SDK Version: 4.1.2
[Physics::Module] Integration Version: 1.0.0
[Physics::Module] Threading Mode: Multi-Threaded
Refreshing native plugins compatible for Editor in 15.61 ms, found 9 plugins.
Preloading 1 native plugins for Editor in 1.51 ms.
Initialize engine version: 6000.3.17f1 (cf0352b38e81)
[Subsystems] Discovering subsystems at path C:/Program Files/Unity/Hub/Editor/6000.3.17f1/Editor/Data/Resources/UnitySubsystems
[Subsystems] Discovering subsystems at path C:/Users/gimch/Documents/GitHub/HanessTest/My project/Assets
GfxDevice: creating device client; kGfxThreadingModeNonThreaded
d3d12: failed to query info queue interface (0x80004002).
Direct3D:
    Version:         Direct3D 12 [level 12.2]
    Renderer:        NVIDIA GeForce RTX 3060 (ID=0x2504)
    Vendor:          NVIDIA
    VRAM:            12115 MB
    App VRAM Budget: 11347 MB
    Driver:          32.0.15.6094
Initialize mono
Mono path[0] = 'C:/Program Files/Unity/Hub/Editor/6000.3.17f1/Editor/Data/Managed'
Mono path[1] = 'C:/Program Files/Unity/Hub/Editor/6000.3.17f1/Editor/Data/MonoBleedingEdge/lib/mono/unityjit-win32'
Mono config path = 'C:/Program Files/Unity/Hub/Editor/6000.3.17f1/Editor/Data/MonoBleedingEdge/etc'
Using monoOptions --debugger-agent=transport=dt_socket,embedding=1,server=y,suspend=n,address=127.0.0.1:56168
Begin MonoManager ReloadAssembly
Registering precompiled unity dll's ...
Register platform support module: C:/Program Files/Unity/Hub/Editor/6000.3.17f1/Editor/Data/PlaybackEngines/WindowsStandaloneSupport/UnityEditor.WindowsStandalone.Extensions.dll
[Licensing::Module] Licensing is not yet initialized.
[Licensing::Client] Error: HandshakeResponse reported an error:
	ResponseCode: 505
	ResponseStatus: Unsupported protocol version '1.18.1'.
[Licensing::Module] Error: Failed to handshake to channel: "LicenseClient-gimch"
[Licensing::IpcConnector] LicenseClient-gimch channel disconnected successfully.
[Licensing::IpcConnector] Successfully connected to: "LicenseClient-gimch-6000.3.17" at "2026-09-16T13:51:13.7086227Z"
[Licensing::Client] Code 10 while verifying Licensing Client signature (process Id: 1876, path: "C:/Program Files/Unity/Hub/Editor/6000.3.17f1/Editor/Data/Resources/Licensing/Client/Unity.Licensing.Client.exe")
[Licensing::Module] LicensingClient has failed validation; ignoring
[Licensing::Client] Handshaking with LicensingClient:
  Version:                 1.18.1+9fbee8e
  Session Id:              7f1387eb9b55422894b73af2c4f9b058
  Correlation Id:          8c500b4af5a589741d69b78407bc226a
  External correlation Id: 2784469585180374541
  Machine Id:              KrNS+X8tESWlg/RUg6sq3F0RFxo=
[Licensing::Module] Successfully connected to LicensingClient on channel: "LicenseClient-gimch-6000.3.17" (connect: 0.00s, validation: 0.00s, handshake: 0.01s)
[Licensing::IpcConnector] Successfully connected to: "LicenseClient-gimch-6000.3.17-notifications" at "2026-09-16T13:51:13.7182738Z"
[Licensing::Module] Licensing Background thread has ended after 2.10s
[Licensing::Module] Licensing is initialized (took 0.80s).
[Licensing::Client] Successfully resolved entitlement details
[Licensing::Module] License group:
  Id: 14568713557572-UnityPersXXXX
  Product: Unity Personal
  Type: Assigned
  Expiration: Unlimited
Register platform support module: C:/Program Files/Unity/Hub/Editor/6000.3.17f1/Editor/Data/PlaybackEngines/AndroidPlayer/UnityEditor.Android.Extensions.dll
Registered in 0.802596 seconds.
- Loaded All Assemblies, in  1.247 seconds
Native extension for Android target not found
Native extension for WindowsStandalone target not found
Package Manager log level set to [2]
[Package Manager] Failed to launch server process. Reason: Unity was launched with the -noUpm command-line argument
[Package Manager] Unable to send message (not connected to server process).
[Package Manager] Cannot connect to Unity Package Manager local server
ScheduleIndexationOnStartup MainProcess:False IndexOnStartup:True
Mono: successfully reloaded assembly
- Finished resetting the current domain, in  0.413 seconds
Domain Reload Profiling: 1659ms
	BeginReloadAssembly (164ms)
		ExecutionOrderSort (0ms)
		DisableScriptedObjects (0ms)
		BackupInstance (0ms)
		ReleaseScriptingObjects (0ms)
		CreateAndSetChildDomain (2ms)
	RebuildCommonClasses (39ms)
	RebuildNativeTypeToScriptingClass (11ms)
	initialDomainReloadingComplete (847ms)
	LoadAllAssembliesAndSetupDomain (184ms)
		LoadAssemblies (160ms)
		RebuildTransferFunctionScriptingTraits (0ms)
		AnalyzeDomain (180ms)
			TypeCache.Refresh (178ms)
				TypeCache.ScanAssembly (163ms)
			BuildScriptInfoCaches (0ms)
			ResolveRequiredComponents (1ms)
	FinalizeReload (413ms)
		ReleaseScriptCaches (0ms)
		RebuildScriptCaches (0ms)
		SetupLoadedEditorAssemblies (355ms)
			LogAssemblyErrors (0ms)
			InitializePlatformSupportModulesInManaged (53ms)
			SetLoadedEditorAssemblies (4ms)
			BeforeProcessingInitializeOnLoad (87ms)
			ProcessInitializeOnLoadAttributes (130ms)
			ProcessInitializeOnLoadMethodAttributes (82ms)
			AfterProcessingInitializeOnLoad (0ms)
			EditorAssembliesLoaded (0ms)
		ExecutionOrderSort2 (0ms)
		AwakeInstancesAfterBackupRestoration (0ms)
========================================================================
Worker process is ready to serve import requests
Import Worker Mode flag is 0x00
Begin MonoManager ReloadAssembly
[Licensing::Client] Successfully resolved entitlement details
Symbol file LoadedFromMemory is not a mono symbol file
- Loaded All Assemblies, in  1.378 seconds
Refreshing native plugins compatible for Editor in 40.71 ms, found 9 plugins.
Native extension for Android target not found
Native extension for WindowsStandalone target not found
[Package Manager] Failed to launch server process. Reason: Unity was launched with the -noUpm command-line argument
[Package Manager] Unable to send message (not connected to server process).
[Package Manager] Cannot connect to Unity Package Manager local server
Refreshing native plugins compatible for Editor in 40.58 ms, found 9 plugins.
[Package Manager] Failed to launch server process. Reason: Unity was launched with the -noUpm command-line argument
[Package Manager] Unable to send message (not connected to server process).
[Package Manager] Cannot connect to Unity Package Manager local server
System.Exception: Error! Visual Scripting: couldn't find visual scripting package
  at Unity.VisualScripting.PackageVersionUtility.get_version () [0x00043] in .\Library\PackageCache\com.unity.visualscripting@8bed5ad90189\Editor\VisualScripting.Core\Utilities\PackageVersionUtility.cs:31 
  at Unity.VisualScripting.BoltCoreManifest.get_version () [0x00000] in .\Library\PackageCache\com.unity.visualscripting@8bed5ad90189\Editor\VisualScripting.Core\Plugin\BoltCoreManifest.cs:11 
  at Unity.VisualScripting.PluginManifest.get_currentVersion () [0x00000] in .\Library\PackageCache\com.unity.visualscripting@8bed5ad90189\Editor\VisualScripting.Core\Plugins\PluginManifest.cs:33 
  at Unity.VisualScripting.PluginManifest.get_versionMismatch () [0x00000] in .\Library\PackageCache\com.unity.visualscripting@8bed5ad90189\Editor\VisualScripting.Core\Plugins\PluginManifest.cs:48 
  at Unity.VisualScripting.PluginContainer.Initialize () [0x00525] in .\Library\PackageCache\com.unity.visualscripting@8bed5ad90189\Editor\VisualScripting.Core\Plugins\PluginContainer.cs:208 
  at Unity.VisualScripting.PluginContainer.InitializeOnLoad () [0x00009] in .\Library\PackageCache\com.unity.visualscripting@8bed5ad90189\Editor\VisualScripting.Core\Plugins\PluginContainer.cs:32 
  at Unity.VisualScripting.VSUsageUtility.DoInitializeOnLoadCalls () [0x00034] in .\Library\PackageCache\com.unity.visualscripting@8bed5ad90189\Editor\VisualScripting.Core\Utilities\VSUsageUtility.cs:76 
  at Unity.VisualScripting.VSUsageUtility.set_isVisualScriptingUsed (System.Boolean value) [0x0002c] in .\Library\PackageCache\com.unity.visualscripting@8bed5ad90189\Editor\VisualScripting.Core\Utilities\VSUsageUtility.cs:114 
  at Unity.VisualScripting.VSUsageUtility.CheckAndSetIsVisualScriptingUsed () [0x00032] in .\Library\PackageCache\com.unity.visualscripting@8bed5ad90189\Editor\VisualScripting.Core\Utilities\VSUsageUtility.cs:48 
  at Unity.VisualScripting.VSUsageUtility..cctor () [0x00000] in .\Library\PackageCache\com.unity.visualscripting@8bed5ad90189\Editor\VisualScripting.Core\Utilities\VSUsageUtility.cs:22 
UnityEngine.Debug:ExtractStackTraceNoAlloc (byte*,int,string)
UnityEngine.StackTraceUtility:ExtractStackTrace ()
UnityEngine.DebugLogHandler:Internal_Log (UnityEngine.LogType,UnityEngine.LogOption,string,UnityEngine.Object)
UnityEngine.DebugLogHandler:LogFormat (UnityEngine.LogType,UnityEngine.Object,string,object[])
UnityEngine.Logger:Log (UnityEngine.LogType,object)
UnityEngine.Debug:LogError (object)
UnityEditor.EditorAssemblies:ProcessInitializeOnLoadAttributes (System.Type[])

ScheduleIndexationOnStartup MainProcess:False IndexOnStartup:True
Mono: successfully reloaded assembly
- Finished resetting the current domain, in  2.105 seconds
Domain Reload Profiling: 3477ms
	BeginReloadAssembly (171ms)
		ExecutionOrderSort (0ms)
		DisableScriptedObjects (6ms)
		BackupInstance (0ms)
		ReleaseScriptingObjects (0ms)
		CreateAndSetChildDomain (25ms)
	RebuildCommonClasses (32ms)
	RebuildNativeTypeToScriptingClass (11ms)
	initialDomainReloadingComplete (42ms)
	LoadAllAssembliesAndSetupDomain (1116ms)
		LoadAssemblies (733ms)
		RebuildTransferFunctionScriptingTraits (0ms)
		AnalyzeDomain (477ms)
			TypeCache.Refresh (325ms)
				TypeCache.ScanAssembly (292ms)
			BuildScriptInfoCaches (133ms)
			ResolveRequiredComponents (13ms)
	FinalizeReload (2105ms)
		ReleaseScriptCaches (0ms)
		RebuildScriptCaches (0ms)
		SetupLoadedEditorAssemblies (1870ms)
			LogAssemblyErrors (0ms)
			InitializePlatformSupportModulesInManaged (9ms)
			SetLoadedEditorAssemblies (7ms)
			BeforeProcessingInitializeOnLoad (215ms)
			ProcessInitializeOnLoadAttributes (1285ms)
			ProcessInitializeOnLoadMethodAttributes (347ms)
			AfterProcessingInitializeOnLoad (6ms)
			EditorAssembliesLoaded (1ms)
		ExecutionOrderSort2 (0ms)
		AwakeInstancesAfterBackupRestoration (8ms)
WARNING: Shader Unsupported: 'Spine/Outline/SkeletonGraphic' - All subshaders removed
WARNING: Shader Did you use #pragma only_renderers and omit this platform?
WARNING: Shader If subshaders removal was intentional, you may have forgotten turning Fallback off?
WARNING: Shader Unsupported: 'Spine/Outline/SkeletonGraphic' - All subshaders removed
WARNING: Shader Did you use #pragma only_renderers and omit this platform?
WARNING: Shader If subshaders removal was intentional, you may have forgotten turning Fallback off?
WARNING: Shader Unsupported: 'Spine/Outline/Special/Skeleton Grayscale' - All subshaders removed
WARNING: Shader Did you use #pragma only_renderers and omit this platform?
WARNING: Shader If subshaders removal was intentional, you may have forgotten turning Fallback off?
WARNING: Shader Unsupported: 'Spine/Outline/Special/Skeleton Grayscale' - All subshaders removed
WARNING: Shader Did you use #pragma only_renderers and omit this platform?
WARNING: Shader If subshaders removal was intentional, you may have forgotten turning Fallback off?
WARNING: Shader Unsupported: 'Spine/Outline/Sprite/Vertex Lit' - All subshaders removed
WARNING: Shader Did you use #pragma only_renderers and omit this platform?
WARNING: Shader If subshaders removal was intentional, you may have forgotten turning Fallback off?
WARNING: Shader Unsupported: 'Spine/Outline/Sprite/Vertex Lit' - All subshaders removed
WARNING: Shader Did you use #pragma only_renderers and omit this platform?
WARNING: Shader If subshaders removal was intentional, you may have forgotten turning Fallback off?
WARNING: Shader Unsupported: 'Spine/Outline/SkeletonGraphic Tint Black' - All subshaders removed
WARNING: Shader Did you use #pragma only_renderers and omit this platform?
WARNING: Shader If subshaders removal was intentional, you may have forgotten turning Fallback off?
WARNING: Shader Unsupported: 'Spine/Outline/SkeletonGraphic Tint Black' - All subshaders removed
WARNING: Shader Did you use #pragma only_renderers and omit this platform?
WARNING: Shader If subshaders removal was intentional, you may have forgotten turning Fallback off?
WARNING: Shader Unsupported: 'Spine/Outline/Skeleton Lit ZWrite' - All subshaders removed
WARNING: Shader Did you use #pragma only_renderers and omit this platform?
WARNING: Shader If subshaders removal was intentional, you may have forgotten turning Fallback off?
WARNING: Shader Unsupported: 'Spine/Outline/Skeleton Lit ZWrite' - All subshaders removed
WARNING: Shader Did you use #pragma only_renderers and omit this platform?
WARNING: Shader If subshaders removal was intentional, you may have forgotten turning Fallback off?
WARNING: Shader Unsupported: 'Spine/Outline/Skeleton Fill' - All subshaders removed
WARNING: Shader Did you use #pragma only_renderers and omit this platform?
WARNING: Shader If subshaders removal was intentional, you may have forgotten turning Fallback off?
WARNING: Shader Unsupported: 'Spine/Outline/Skeleton Fill' - All subshaders removed
WARNING: Shader Did you use #pragma only_renderers and omit this platform?
WARNING: Shader If subshaders removal was intentional, you may have forgotten turning Fallback off?
WARNING: Shader Unsupported: 'Spine/Outline/Blend Modes/Skeleton PMA Additive' - All subshaders removed
WARNING: Shader Did you use #pragma only_renderers and omit this platform?
WARNING: Shader If subshaders removal was intentional, you may have forgotten turning Fallback off?
WARNING: Shader Unsupported: 'Spine/Outline/Blend Modes/Skeleton PMA Additive' - All subshaders removed
WARNING: Shader Did you use #pragma only_renderers and omit this platform?
WARNING: Shader If subshaders removal was intentional, you may have forgotten turning Fallback off?
WARNING: Shader Unsupported: 'Spine/Outline/Skeleton Lit' - All subshaders removed
WARNING: Shader Did you use #pragma only_renderers and omit this platform?
WARNING: Shader If subshaders removal was intentional, you may have forgotten turning Fallback off?
WARNING: Shader Unsupported: 'Spine/Outline/Skeleton Lit' - All subshaders removed
WARNING: Shader Did you use #pragma only_renderers and omit this platform?
WARNING: Shader If subshaders removal was intentional, you may have forgotten turning Fallback off?
WARNING: Shader Unsupported: 'Spine/Outline/Sprite/Unlit' - All subshaders removed
WARNING: Shader Did you use #pragma only_renderers and omit this platform?
WARNING: Shader If subshaders removal was intentional, you may have forgotten turning Fallback off?
WARNING: Shader Unsupported: 'Spine/Outline/Sprite/Unlit' - All subshaders removed
WARNING: Shader Did you use #pragma only_renderers and omit this platform?
WARNING: Shader If subshaders removal was intentional, you may have forgotten turning Fallback off?
WARNING: Shader Unsupported: 'Spine/Outline/Skeleton Tint' - All subshaders removed
WARNING: Shader Did you use #pragma only_renderers and omit this platform?
WARNING: Shader If subshaders removal was intentional, you may have forgotten turning Fallback off?
WARNING: Shader Unsupported: 'Spine/Outline/Skeleton Tint' - All subshaders removed
WARNING: Shader Did you use #pragma only_renderers and omit this platform?
WARNING: Shader If subshaders removal was intentional, you may have forgotten turning Fallback off?
WARNING: Shader Unsupported: 'Spine/Outline/Sprite/Pixel Lit' - All subshaders removed
WARNING: Shader Did you use #pragma only_renderers and omit this platform?
WARNING: Shader If subshaders removal was intentional, you may have forgotten turning Fallback off?
WARNING: Shader Unsupported: 'Spine/Outline/Sprite/Pixel Lit' - All subshaders removed
WARNING: Shader Did you use #pragma only_renderers and omit this platform?
WARNING: Shader If subshaders removal was intentional, you may have forgotten turning Fallback off?
WARNING: Shader Unsupported: 'Spine/Outline/Skeleton' - All subshaders removed
WARNING: Shader Did you use #pragma only_renderers and omit this platform?
WARNING: Shader If subshaders removal was intentional, you may have forgotten turning Fallback off?
WARNING: Shader Unsupported: 'Spine/Outline/Skeleton' - All subshaders removed
WARNING: Shader Did you use #pragma only_renderers and omit this platform?
WARNING: Shader If subshaders removal was intentional, you may have forgotten turning Fallback off?
WARNING: Shader Unsupported: 'Spine/Outline/Blend Modes/Skeleton PMA Screen' - All subshaders removed
WARNING: Shader Did you use #pragma only_renderers and omit this platform?
WARNING: Shader If subshaders removal was intentional, you may have forgotten turning Fallback off?
WARNING: Shader Unsupported: 'Spine/Outline/Blend Modes/Skeleton PMA Screen' - All subshaders removed
WARNING: Shader Did you use #pragma only_renderers and omit this platform?
WARNING: Shader If subshaders removal was intentional, you may have forgotten turning Fallback off?
WARNING: Shader Unsupported: 'Spine/Outline/Skeleton Tint Black' - All subshaders removed
WARNING: Shader Did you use #pragma only_renderers and omit this platform?
WARNING: Shader If subshaders removal was intentional, you may have forgotten turning Fallback off?
WARNING: Shader Unsupported: 'Spine/Outline/Skeleton Tint Black' - All subshaders removed
WARNING: Shader Did you use #pragma only_renderers and omit this platform?
WARNING: Shader If subshaders removal was intentional, you may have forgotten turning Fallback off?
WARNING: Shader Unsupported: 'Spine/Outline/Blend Modes/Skeleton PMA Multiply' - All subshaders removed
WARNING: Shader Did you use #pragma only_renderers and omit this platform?
WARNING: Shader If subshaders removal was intentional, you may have forgotten turning Fallback off?
WARNING: Shader Unsupported: 'Spine/Outline/Blend Modes/Skeleton PMA Multiply' - All subshaders removed
WARNING: Shader Did you use #pragma only_renderers and omit this platform?
WARNING: Shader If subshaders removal was intentional, you may have forgotten turning Fallback off?
Launched and connected shader compiler UnityShaderCompiler.exe after 0.02 seconds
Refreshing native plugins compatible for Editor in 9.91 ms, found 9 plugins.
Preloading 1 native plugins for Editor in 0.08 ms.
Unloading 31 Unused Serialized files (Serialized files now loaded: 0)
Unloading 11440 unused Assets / (10.4 MB). Loaded Objects now: 12302.
Memory consumption went from 221.9 MB to 211.5 MB.
Total: 29.545600 ms (FindLiveObjects: 2.059600 ms CreateObjectMapping: 1.065500 ms MarkObjects: 19.258200 ms  DeleteObjects: 7.159800 ms)

========================================================================
Received Import Request.
  Time since last request: 25223.737841 seconds.
  path: Assets/Dungeon Crawler 2D Art Pack/Sprites/Monsters/Boss/BossFront/Idle/Monster3Front-Idle_6.png
  artifactKey: Guid(7619e3e7646635c48a00e69e18df9133) Importer(815301076,1909f56bfc062723c751e8b465ee728b)
Start importing Assets/Dungeon Crawler 2D Art Pack/Sprites/Monsters/Boss/BossFront/Idle/Monster3Front-Idle_6.png using Guid(7619e3e7646635c48a00e69e18df9133) Importer(815301076,1909f56bfc062723c751e8b465ee728b) (PreviewImporter) -> (artifact id: '482ee85f6f77171c9020034dad21a572') in 0.1036175 seconds
Number of updated asset objects reloaded before import = 0Number of asset objects unloaded after import = 3

========================================================================
Received Import Request.
  Time since last request: 0.000019 seconds.
  path: Assets/Dungeon Crawler 2D Art Pack/Sprites/Monsters/Boss/BossFront/Run/Monster3Front-Run_11.png
  artifactKey: Guid(64dae39b5114b67429b6835fad548885) Importer(815301076,1909f56bfc062723c751e8b465ee728b)
Start importing Assets/Dungeon Crawler 2D Art Pack/Sprites/Monsters/Boss/BossFront/Run/Monster3Front-Run_11.png using Guid(64dae39b5114b67429b6835fad548885) Importer(815301076,1909f56bfc062723c751e8b465ee728b) (PreviewImporter) -> (artifact id: 'ea71384ff54a95e812470c2de7877365') in 0.0229164 seconds
Number of updated asset objects reloaded before import = 0Number of asset objects unloaded after import = 3

========================================================================
Received Import Request.
  Time since last request: 0.000018 seconds.
  path: Assets/Dungeon Crawler 2D Art Pack/Sprites/Monsters/Boss/BossFront/Hit/Monster3Front-Hit_2.png
  artifactKey: Guid(d6733cd4d62de33468349b80288c4277) Importer(815301076,1909f56bfc062723c751e8b465ee728b)
Start importing Assets/Dungeon Crawler 2D Art Pack/Sprites/Monsters/Boss/BossFront/Hit/Monster3Front-Hit_2.png using Guid(d6733cd4d62de33468349b80288c4277) Importer(815301076,1909f56bfc062723c751e8b465ee728b) (PreviewImporter) -> (artifact id: 'f4a2595482a51e23f52b6e0ec78e59b2') in 0.0225816 seconds
Number of updated asset objects reloaded before import = 0Number of asset objects unloaded after import = 3

========================================================================
Received Import Request.
  Time since last request: 0.000017 seconds.
  path: Assets/Dungeon Crawler 2D Art Pack/Sprites/Monsters/Boss/BossFront/Death/Monster3Front-Death_5.png
  artifactKey: Guid(1603d6483c41fa54face5f94ff886160) Importer(815301076,1909f56bfc062723c751e8b465ee728b)
Start importing Assets/Dungeon Crawler 2D Art Pack/Sprites/Monsters/Boss/BossFront/Death/Monster3Front-Death_5.png using Guid(1603d6483c41fa54face5f94ff886160) Importer(815301076,1909f56bfc062723c751e8b465ee728b) (PreviewImporter) -> (artifact id: '6929867a615fafb458207e62011b6161') in 0.0234791 seconds
Number of updated asset objects reloaded before import = 0Number of asset objects unloaded after import = 3

========================================================================
Received Import Request.
  Time since last request: 0.000029 seconds.
  path: Assets/Dungeon Crawler 2D Art Pack/Sprites/Monsters/Boss/BossFront/Death/Monster3Front-Death_4.png
  artifactKey: Guid(8282f66a72602f34bb1e7045c3a3e231) Importer(815301076,1909f56bfc062723c751e8b465ee728b)
Start importing Assets/Dungeon Crawler 2D Art Pack/Sprites/Monsters/Boss/BossFront/Death/Monster3Front-Death_4.png using Guid(8282f66a72602f34bb1e7045c3a3e231) Importer(815301076,1909f56bfc062723c751e8b465ee728b) (PreviewImporter) -> (artifact id: 'cd62b2a160b896eafc72a6c68491fe57') in 0.0209092 seconds
Number of updated asset objects reloaded before import = 0Number of asset objects unloaded after import = 3

========================================================================
Received Import Request.
  Time since last request: 0.000017 seconds.
  path: Assets/Dungeon Crawler 2D Art Pack/Sprites/Monsters/Boss/BossFront/Hit/Monster3Front-Hit_4.png
  artifactKey: Guid(e3ab32eb260e50041ac434186ef04914) Importer(815301076,1909f56bfc062723c751e8b465ee728b)
Start importing Assets/Dungeon Crawler 2D Art Pack/Sprites/Monsters/Boss/BossFront/Hit/Monster3Front-Hit_4.png using Guid(e3ab32eb260e50041ac434186ef04914) Importer(815301076,1909f56bfc062723c751e8b465ee728b) (PreviewImporter) -> (artifact id: '21b7657e97b4931c4404a1c289823d68') in 0.0183755 seconds
Number of updated asset objects reloaded before import = 0Number of asset objects unloaded after import = 3

========================================================================
Received Import Request.
  Time since last request: 0.000023 seconds.
  path: Assets/Dungeon Crawler 2D Art Pack/Sprites/Monsters/Boss/BossFront/Attack/Monster3Front-Attack_18.png
  artifactKey: Guid(3bc5fbc90d48e2a47938991a8c75c67b) Importer(815301076,1909f56bfc062723c751e8b465ee728b)
Start importing Assets/Dungeon Crawler 2D Art Pack/Sprites/Monsters/Boss/BossFront/Attack/Monster3Front-Attack_18.png using Guid(3bc5fbc90d48e2a47938991a8c75c67b) Importer(815301076,1909f56bfc062723c751e8b465ee728b) (PreviewImporter) -> (artifact id: '242889dd95b135ae38baf5b673fb86d2') in 0.0217096 seconds
Number of updated asset objects reloaded before import = 0Number of asset objects unloaded after import = 3

========================================================================
Received Import Request.
  Time since last request: 0.000018 seconds.
  path: Assets/Dungeon Crawler 2D Art Pack/Sprites/Monsters/Boss/BossFront/Attack/Monster3Front-Attack_22.png
  artifactKey: Guid(f358c41c78f1a7e4bb9b490556691bc0) Importer(815301076,1909f56bfc062723c751e8b465ee728b)
Start importing Assets/Dungeon Crawler 2D Art Pack/Sprites/Monsters/Boss/BossFront/Attack/Monster3Front-Attack_22.png using Guid(f358c41c78f1a7e4bb9b490556691bc0) Importer(815301076,1909f56bfc062723c751e8b465ee728b) (PreviewImporter) -> (artifact id: 'f081fd1d8a9da36020f7f138bf7a402e') in 0.0211794 seconds
Number of updated asset objects reloaded before import = 0Number of asset objects unloaded after import = 3

========================================================================
Received Import Request.
  Time since last request: 0.000019 seconds.
  path: Assets/Dungeon Crawler 2D Art Pack/Sprites/Monsters/Boss/BossBack/Idle/Monster3Back-Idle_35.png
  artifactKey: Guid(b49abed2ee3b0a343a776eae20d2f076) Importer(815301076,1909f56bfc062723c751e8b465ee728b)
Start importing Assets/Dungeon Crawler 2D Art Pack/Sprites/Monsters/Boss/BossBack/Idle/Monster3Back-Idle_35.png using Guid(b49abed2ee3b0a343a776eae20d2f076) Importer(815301076,1909f56bfc062723c751e8b465ee728b) (PreviewImporter) -> (artifact id: '10164740b09590c226ca113996f3e246') in 0.0194519 seconds
Number of updated asset objects reloaded before import = 0Number of asset objects unloaded after import = 3

========================================================================
Received Import Request.
  Time since last request: 0.000029 seconds.
  path: Assets/Dungeon Crawler 2D Art Pack/Sprites/Monsters/Boss/BossBack/Hit/Monster3Back-Hit_6.png
  artifactKey: Guid(dee395e6d341608488ab4f968fe2d37b) Importer(815301076,1909f56bfc062723c751e8b465ee728b)
Start importing Assets/Dungeon Crawler 2D Art Pack/Sprites/Monsters/Boss/BossBack/Hit/Monster3Back-Hit_6.png using Guid(dee395e6d341608488ab4f968fe2d37b) Importer(815301076,1909f56bfc062723c751e8b465ee728b) (PreviewImporter) -> (artifact id: 'ea7b57408727b51b6d09b8cad5c26e53') in 0.0196404 seconds
Number of updated asset objects reloaded before import = 0Number of asset objects unloaded after import = 3

========================================================================
Received Import Request.
  Time since last request: 0.000018 seconds.
  path: Assets/Dungeon Crawler 2D Art Pack/Sprites/Monsters/Boss/BossBack/Hit/Monster3Back-Hit_5.png
  artifactKey: Guid(e8c89a260dd758944abc1cdb607c9cf2) Importer(815301076,1909f56bfc062723c751e8b465ee728b)
Start importing Assets/Dungeon Crawler 2D Art Pack/Sprites/Monsters/Boss/BossBack/Hit/Monster3Back-Hit_5.png using Guid(e8c89a260dd758944abc1cdb607c9cf2) Importer(815301076,1909f56bfc062723c751e8b465ee728b) (PreviewImporter) -> (artifact id: '064fe42e8609e016015f05931dd890b9') in 0.0237549 seconds
Number of updated asset objects reloaded before import = 0Number of asset objects unloaded after import = 3

========================================================================
Received Import Request.
  Time since last request: 0.000023 seconds.
  path: Assets/Dungeon Crawler 2D Art Pack/Sprites/Monsters/Boss/BossFront/Run/Monster3Front-Run_7.png
  artifactKey: Guid(db234998ea2473548a3a1897e47ea366) Importer(815301076,1909f56bfc062723c751e8b465ee728b)
Start importing Assets/Dungeon Crawler 2D Art Pack/Sprites/Monsters/Boss/BossFront/Run/Monster3Front-Run_7.png using Guid(db234998ea2473548a3a1897e47ea366) Importer(815301076,1909f56bfc062723c751e8b465ee728b) (PreviewImporter) -> (artifact id: 'e299a81ec98dbe382744938ee5f70959') in 0.0219499 seconds
Number of updated asset objects reloaded before import = 0Number of asset objects unloaded after import = 3

========================================================================
Received Import Request.
  Time since last request: 0.000016 seconds.
  path: Assets/Dungeon Crawler 2D Art Pack/Sprites/Monsters/Boss/BossFront/Run/Monster3Front-Run_6.png
  artifactKey: Guid(ef54961a252bf3b46a9d0d81f0ef1476) Importer(815301076,1909f56bfc062723c751e8b465ee728b)
Start importing Assets/Dungeon Crawler 2D Art Pack/Sprites/Monsters/Boss/BossFront/Run/Monster3Front-Run_6.png using Guid(ef54961a252bf3b46a9d0d81f0ef1476) Importer(815301076,1909f56bfc062723c751e8b465ee728b) (PreviewImporter) -> (artifact id: 'a182ad33fca7fd473bf2e0d9977e88d3') in 0.0212651 seconds
Number of updated asset objects reloaded before import = 0Number of asset objects unloaded after import = 3

========================================================================
Received Import Request.
  Time since last request: 0.000021 seconds.
  path: Assets/Dungeon Crawler 2D Art Pack/Sprites/Monsters/Boss/BossLeft/Hit/Monster3Left-Hit_7.png
  artifactKey: Guid(037d13cbedac45f48a163448b8bce82f) Importer(815301076,1909f56bfc062723c751e8b465ee728b)
Start importing Assets/Dungeon Crawler 2D Art Pack/Sprites/Monsters/Boss/BossLeft/Hit/Monster3Left-Hit_7.png using Guid(037d13cbedac45f48a163448b8bce82f) Importer(815301076,1909f56bfc062723c751e8b465ee728b) (PreviewImporter) -> (artifact id: '1d66214246a3208f9b108ee55c4f56d3') in 0.0229765 seconds
Number of updated asset objects reloaded before import = 0Number of asset objects unloaded after import = 3

========================================================================
Received Import Request.
  Time since last request: 0.000031 seconds.
  path: Assets/Dungeon Crawler 2D Art Pack/Sprites/Monsters/Boss/BossLeft/Hit/Monster3Left-Hit_8.png
  artifactKey: Guid(6743355a7480be54496cc741dc77ac0b) Importer(815301076,1909f56bfc062723c751e8b465ee728b)
Start importing Assets/Dungeon Crawler 2D Art Pack/Sprites/Monsters/Boss/BossLeft/Hit/Monster3Left-Hit_8.png using Guid(6743355a7480be54496cc741dc77ac0b) Importer(815301076,1909f56bfc062723c751e8b465ee728b) (PreviewImporter) -> (artifact id: '234e363d6a1a7b66b91a595782e0c0dd') in 0.019774 seconds
Number of updated asset objects reloaded before import = 0Number of asset objects unloaded after import = 3

========================================================================
Received Import Request.
  Time since last request: 0.000020 seconds.
  path: Assets/Dungeon Crawler 2D Art Pack/Sprites/Monsters/Boss/BossBack/Run/Monster3Back-Run_2.png
  artifactKey: Guid(ed9fd3b54769471499162e9753533de8) Importer(815301076,1909f56bfc062723c751e8b465ee728b)
Start importing Assets/Dungeon Crawler 2D Art Pack/Sprites/Monsters/Boss/BossBack/Run/Monster3Back-Run_2.png using Guid(ed9fd3b54769471499162e9753533de8) Importer(815301076,1909f56bfc062723c751e8b465ee728b) (PreviewImporter) -> (artifact id: '67575dc38452c3a6ae8b1ee907e30d45') in 0.022152 seconds
Number of updated asset objects reloaded before import = 0Number of asset objects unloaded after import = 3

========================================================================
Received Import Request.
  Time since last request: 0.000017 seconds.
  path: Assets/Dungeon Crawler 2D Art Pack/Sprites/Monsters/Boss/BossBack/Death/Monster3Back-Death_5.png
  artifactKey: Guid(2755f61589fd0eb488ca9164976d13ff) Importer(815301076,1909f56bfc062723c751e8b465ee728b)
Start importing Assets/Dungeon Crawler 2D Art Pack/Sprites/Monsters/Boss/BossBack/Death/Monster3Back-Death_5.png using Guid(2755f61589fd0eb488ca9164976d13ff) Importer(815301076,1909f56bfc062723c751e8b465ee728b) (PreviewImporter) -> (artifact id: 'd45e1b534596f893c689371244f9162b') in 0.0224555 seconds
Number of updated asset objects reloaded before import = 0Number of asset objects unloaded after import = 3

========================================================================
Received Import Request.
  Time since last request: 0.000017 seconds.
  path: Assets/Dungeon Crawler 2D Art Pack/Sprites/Monsters/Boss/BossBack/Death/Monster3Back-Death_13.png
  artifactKey: Guid(1891645d61d41404f814d45d8148d608) Importer(815301076,1909f56bfc062723c751e8b465ee728b)
Start importing Assets/Dungeon Crawler 2D Art Pack/Sprites/Monsters/Boss/BossBack/Death/Monster3Back-Death_13.png using Guid(1891645d61d41404f814d45d8148d608) Importer(815301076,1909f56bfc062723c751e8b465ee728b) (PreviewImporter) -> (artifact id: 'dc2a04f2a2f43dc1069297b8fa40f90f') in 0.0209762 seconds
Number of updated asset objects reloaded before import = 0Number of asset objects unloaded after import = 3

========================================================================
Received Import Request.
  Time since last request: 0.000020 seconds.
  path: Assets/Dungeon Crawler 2D Art Pack/Sprites/Monsters/Flying Monster/Front/Hit/Monster2Right-Hit_6.png
  artifactKey: Guid(6ff058b493d882043b4fee30ada85430) Importer(815301076,1909f56bfc062723c751e8b465ee728b)
Start importing Assets/Dungeon Crawler 2D Art Pack/Sprites/Monsters/Flying Monster/Front/Hit/Monster2Right-Hit_6.png using Guid(6ff058b493d882043b4fee30ada85430) Importer(815301076,1909f56bfc062723c751e8b465ee728b) (PreviewImporter) -> (artifact id: 'e02ab48228c70a9becf6fc1195c9ef4c') in 0.0204246 seconds
Number of updated asset objects reloaded before import = 0Number of asset objects unloaded after import = 3

========================================================================
Received Import Request.
  Time since last request: 0.000044 seconds.
  path: Assets/Dungeon Crawler 2D Art Pack/Sprites/Monsters/Flying Monster/Front/Idle/Monster2Right-Idle_1.png
  artifactKey: Guid(2109f43a82579354790069b43b44da24) Importer(815301076,1909f56bfc062723c751e8b465ee728b)
Start importing Assets/Dungeon Crawler 2D Art Pack/Sprites/Monsters/Flying Monster/Front/Idle/Monster2Right-Idle_1.png using Guid(2109f43a82579354790069b43b44da24) Importer(815301076,1909f56bfc062723c751e8b465ee728b) (PreviewImporter) -> (artifact id: '1137193011ef3da188c2bded12f2d985') in 0.0211128 seconds
Number of updated asset objects reloaded before import = 0Number of asset objects unloaded after import = 3

========================================================================
Received Import Request.
  Time since last request: 0.000017 seconds.
  path: Assets/Dungeon Crawler 2D Art Pack/Sprites/Monsters/Flying Monster/Front/Run/Monster2Right-Fly_11.png
  artifactKey: Guid(47ef9783acdc7594fa034d1537ce2b1b) Importer(815301076,1909f56bfc062723c751e8b465ee728b)
Start importing Assets/Dungeon Crawler 2D Art Pack/Sprites/Monsters/Flying Monster/Front/Run/Monster2Right-Fly_11.png using Guid(47ef9783acdc7594fa034d1537ce2b1b) Importer(815301076,1909f56bfc062723c751e8b465ee728b) (PreviewImporter) -> (artifact id: '4db40e104d46770f6523383c482b10bf') in 0.0209016 seconds
Number of updated asset objects reloaded before import = 0Number of asset objects unloaded after import = 3

========================================================================
Received Import Request.
  Time since last request: 0.000019 seconds.
  path: Assets/Dungeon Crawler 2D Art Pack/Sprites/Monsters/Flying Monster/Front/Run/Monster2Right-Fly_12.png
  artifactKey: Guid(c91f079839f72674db2881ff22ee9a37) Importer(815301076,1909f56bfc062723c751e8b465ee728b)
Start importing Assets/Dungeon Crawler 2D Art Pack/Sprites/Monsters/Flying Monster/Front/Run/Monster2Right-Fly_12.png using Guid(c91f079839f72674db2881ff22ee9a37) Importer(815301076,1909f56bfc062723c751e8b465ee728b) (PreviewImporter) -> (artifact id: '87a8ba513fc8418f51ee254f790a5e5b') in 0.0189572 seconds
Number of updated asset objects reloaded before import = 0Number of asset objects unloaded after import = 3

========================================================================
Received Import Request.
  Time since last request: 0.000017 seconds.
  path: Assets/Dungeon Crawler 2D Art Pack/Sprites/Monsters/Flying Monster/Front/Hit/Monster2Right-Hit_0.png
  artifactKey: Guid(aabaa2a557a9a174194d66ac360ef522) Importer(815301076,1909f56bfc062723c751e8b465ee728b)
Start importing Assets/Dungeon Crawler 2D Art Pack/Sprites/Monsters/Flying Monster/Front/Hit/Monster2Right-Hit_0.png using Guid(aabaa2a557a9a174194d66ac360ef522) Importer(815301076,1909f56bfc062723c751e8b465ee728b) (PreviewImporter) -> (artifact id: '7a71e1af791ce513ec67c792a375e9b5') in 0.0188338 seconds
Number of updated asset objects reloaded before import = 0Number of asset objects unloaded after import = 3

========================================================================
Received Import Request.
  Time since last request: 0.000020 seconds.
  path: Assets/Dungeon Crawler 2D Art Pack/Sprites/Monsters/Boss/BossBack/Idle/Monster3Back-Idle_33.png
  artifactKey: Guid(2ac0bb974999e5f4fa2a743eceaa30f3) Importer(815301076,1909f56bfc062723c751e8b465ee728b)
Start importing Assets/Dungeon Crawler 2D Art Pack/Sprites/Monsters/Boss/BossBack/Idle/Monster3Back-Idle_33.png using Guid(2ac0bb974999e5f4fa2a743eceaa30f3) Importer(815301076,1909f56bfc062723c751e8b465ee728b) (PreviewImporter) -> (artifact id: '62b5f788925b849e05b7d3ae9be384de') in 0.0213396 seconds
Number of updated asset objects reloaded before import = 0Number of asset objects unloaded after import = 3

========================================================================
Received Import Request.
  Time since last request: 0.000037 seconds.
  path: Assets/Dungeon Crawler 2D Art Pack/Sprites/Monsters/Flying Monster/Front/Run/Monster2Right-Fly_7.png
  artifactKey: Guid(c07b3141cc46d0e40bc7c824a34f713f) Importer(815301076,1909f56bfc062723c751e8b465ee728b)
Start importing Assets/Dungeon Crawler 2D Art Pack/Sprites/Monsters/Flying Monster/Front/Run/Monster2Right-Fly_7.png using Guid(c07b3141cc46d0e40bc7c824a34f713f) Importer(815301076,1909f56bfc062723c751e8b465ee728b) (PreviewImporter) -> (artifact id: '673fd01a0eb7e18800757ecbba7c9d98') in 0.0215438 seconds
Number of updated asset objects reloaded before import = 0Number of asset objects unloaded after import = 3

========================================================================
Received Import Request.
  Time since last request: 0.000018 seconds.
  path: Assets/Dungeon Crawler 2D Art Pack/Sprites/Monsters/Boss/BossFront/Death/Monster3Front-Death_15.png
  artifactKey: Guid(7e9f86e14145054438f7453fa13ce941) Importer(815301076,1909f56bfc062723c751e8b465ee728b)
Start importing Assets/Dungeon Crawler 2D Art Pack/Sprites/Monsters/Boss/BossFront/Death/Monster3Front-Death_15.png using Guid(7e9f86e14145054438f7453fa13ce941) Importer(815301076,1909f56bfc062723c751e8b465ee728b) (PreviewImporter) -> (artifact id: '89f7fd4f6ba5d364815df43b7c4edd54') in 0.0205798 seconds
Number of updated asset objects reloaded before import = 0Number of asset objects unloaded after import = 3

========================================================================
Received Import Request.
  Time since last request: 0.000018 seconds.
  path: Assets/Dungeon Crawler 2D Art Pack/Sprites/Monsters/Boss/BossBack/Hit/Monster3Back-Hit_8.png
  artifactKey: Guid(1d4a4006e1b63a947b27b113b996a182) Importer(815301076,1909f56bfc062723c751e8b465ee728b)
Start importing Assets/Dungeon Crawler 2D Art Pack/Sprites/Monsters/Boss/BossBack/Hit/Monster3Back-Hit_8.png using Guid(1d4a4006e1b63a947b27b113b996a182) Importer(815301076,1909f56bfc062723c751e8b465ee728b) (PreviewImporter) -> (artifact id: 'c3fde0b385a0da3d11c56400f0587e62') in 0.0191692 seconds
Number of updated asset objects reloaded before import = 0Number of asset objects unloaded after import = 3

========================================================================
Received Import Request.
  Time since last request: 0.000017 seconds.
  path: Assets/Dungeon Crawler 2D Art Pack/Sprites/Monsters/Flying Monster/Front/Death/Monster2Right-Death_12.png
  artifactKey: Guid(393da2eced154f44fb443a25d8e3f560) Importer(815301076,1909f56bfc062723c751e8b465ee728b)
Start importing Assets/Dungeon Crawler 2D Art Pack/Sprites/Monsters/Flying Monster/Front/Death/Monster2Right-Death_12.png using Guid(393da2eced154f44fb443a25d8e3f560) Importer(815301076,1909f56bfc062723c751e8b465ee728b) (PreviewImporter) -> (artifact id: '2f50259296526a136f38760fa6689fd1') in 0.0219677 seconds
Number of updated asset objects reloaded before import = 0Number of asset objects unloaded after import = 3

========================================================================
Received Import Request.
  Time since last request: 0.000024 seconds.
  path: Assets/Dungeon Crawler 2D Art Pack/Sprites/Monsters/Flying Monster/Front/Death/Monster2Right-Death_17.png
  artifactKey: Guid(97eb3427dfdeb72459b6d0c71ccda351) Importer(815301076,1909f56bfc062723c751e8b465ee728b)
Start importing Assets/Dungeon Crawler 2D Art Pack/Sprites/Monsters/Flying Monster/Front/Death/Monster2Right-Death_17.png using Guid(97eb3427dfdeb72459b6d0c71ccda351) Importer(815301076,1909f56bfc062723c751e8b465ee728b) (PreviewImporter) -> (artifact id: '4b802a34a55186cd91dfcc51fc555c9b') in 0.0182229 seconds
Number of updated asset objects reloaded before import = 0Number of asset objects unloaded after import = 3

========================================================================
Received Import Request.
  Time since last request: 0.000026 seconds.
  path: Assets/Dungeon Crawler 2D Art Pack/Sprites/Monsters/Flying Monster/Left/Idle/Monster2Left-Idle_19.png
  artifactKey: Guid(747b7c3dea7d94746a977af95606c224) Importer(815301076,1909f56bfc062723c751e8b465ee728b)
Start importing Assets/Dungeon Crawler 2D Art Pack/Sprites/Monsters/Flying Monster/Left/Idle/Monster2Left-Idle_19.png using Guid(747b7c3dea7d94746a977af95606c224) Importer(815301076,1909f56bfc062723c751e8b465ee728b) (PreviewImporter) -> (artifact id: '1ac4d852d5089a34a1bf8a7de52956e9') in 0.0191724 seconds
Number of updated asset objects reloaded before import = 0Number of asset objects unloaded after import = 3

========================================================================
Received Import Request.
  Time since last request: 0.000017 seconds.
  path: Assets/Dungeon Crawler 2D Art Pack/Sprites/Monsters/Flying Monster/Left/Idle/Monster2Left-Idle_5.png
  artifactKey: Guid(df8114325006f0748a4fe3f052af5f5c) Importer(815301076,1909f56bfc062723c751e8b465ee728b)
Start importing Assets/Dungeon Crawler 2D Art Pack/Sprites/Monsters/Flying Monster/Left/Idle/Monster2Left-Idle_5.png using Guid(df8114325006f0748a4fe3f052af5f5c) Importer(815301076,1909f56bfc062723c751e8b465ee728b) (PreviewImporter) -> (artifact id: 'db3c59df7be7c7929ce526bc23d31925') in 0.0160764 seconds
Number of updated asset objects reloaded before import = 0Number of asset objects unloaded after import = 3

========================================================================
Received Import Request.
  Time since last request: 0.000015 seconds.
  path: Assets/Dungeon Crawler 2D Art Pack/Sprites/Monsters/Flying Monster/Left/Idle/Monster2Left-Idle_3.png
  artifactKey: Guid(c520a0473fb78e94997419cca98e5aaa) Importer(815301076,1909f56bfc062723c751e8b465ee728b)
Start importing Assets/Dungeon Crawler 2D Art Pack/Sprites/Monsters/Flying Monster/Left/Idle/Monster2Left-Idle_3.png using Guid(c520a0473fb78e94997419cca98e5aaa) Importer(815301076,1909f56bfc062723c751e8b465ee728b) (PreviewImporter) -> (artifact id: '411b238138334b3177f4296ca57fc8c9') in 0.0179888 seconds
Number of updated asset objects reloaded before import = 0Number of asset objects unloaded after import = 3

========================================================================
Received Import Request.
  Time since last request: 0.000016 seconds.
  path: Assets/Dungeon Crawler 2D Art Pack/Sprites/Monsters/Flying Monster/Left/Idle/Monster2Left-Idle_15.png
  artifactKey: Guid(c590f0e162965d24c840e9ad6c3ae1ce) Importer(815301076,1909f56bfc062723c751e8b465ee728b)
Start importing Assets/Dungeon Crawler 2D Art Pack/Sprites/Monsters/Flying Monster/Left/Idle/Monster2Left-Idle_15.png using Guid(c590f0e162965d24c840e9ad6c3ae1ce) Importer(815301076,1909f56bfc062723c751e8b465ee728b) (PreviewImporter) -> (artifact id: 'b8c17138e17cf6960a82ee865a87ff54') in 0.0189226 seconds
Number of updated asset objects reloaded before import = 0Number of asset objects unloaded after import = 3

========================================================================
Received Import Request.
  Time since last request: 0.000024 seconds.
  path: Assets/Dungeon Crawler 2D Art Pack/Sprites/Monsters/Flying Monster/Left/Idle/Monster2Left-Idle_14.png
  artifactKey: Guid(fbe35725f6f01e646ac629e536e146c1) Importer(815301076,1909f56bfc062723c751e8b465ee728b)
Start importing Assets/Dungeon Crawler 2D Art Pack/Sprites/Monsters/Flying Monster/Left/Idle/Monster2Left-Idle_14.png using Guid(fbe35725f6f01e646ac629e536e146c1) Importer(815301076,1909f56bfc062723c751e8b465ee728b) (PreviewImporter) -> (artifact id: 'ddc74761b8a27c34ee1516860145bf18') in 0.0207355 seconds
Number of updated asset objects reloaded before import = 0Number of asset objects unloaded after import = 3

========================================================================
Received Import Request.
  Time since last request: 0.229882 seconds.
  path: Assets/Dungeon Crawler 2D Art Pack/Sprites/Monsters/Flying Monster/Left/Hit/Monster2Left-Hit_1.png
  artifactKey: Guid(ed362c71ef61e9b43b53f1bc243d8cba) Importer(815301076,1909f56bfc062723c751e8b465ee728b)
Start importing Assets/Dungeon Crawler 2D Art Pack/Sprites/Monsters/Flying Monster/Left/Hit/Monster2Left-Hit_1.png using Guid(ed362c71ef61e9b43b53f1bc243d8cba) Importer(815301076,1909f56bfc062723c751e8b465ee728b) (PreviewImporter) -> (artifact id: '86831c1eeef8f1a23d846c307adf1b38') in 0.0198469 seconds
Number of updated asset objects reloaded before import = 0Number of asset objects unloaded after import = 3

========================================================================
Received Import Request.
  Time since last request: 0.000019 seconds.
  path: Assets/Dungeon Crawler 2D Art Pack/Sprites/Monsters/Flying Monster/Left/Hit/Monster2Left-Hit_5.png
  artifactKey: Guid(aea4e331ee0a6b94aa9a4027fc8fce21) Importer(815301076,1909f56bfc062723c751e8b465ee728b)
Start importing Assets/Dungeon Crawler 2D Art Pack/Sprites/Monsters/Flying Monster/Left/Hit/Monster2Left-Hit_5.png using Guid(aea4e331ee0a6b94aa9a4027fc8fce21) Importer(815301076,1909f56bfc062723c751e8b465ee728b) (PreviewImporter) -> (artifact id: '979e26f164da9f4ec469220daf77c6b2') in 0.018985 seconds
Number of updated asset objects reloaded before import = 0Number of asset objects unloaded after import = 3

========================================================================
Received Import Request.
  Time since last request: 0.000016 seconds.
  path: Assets/Dungeon Crawler 2D Art Pack/Sprites/Monsters/Green Monster/M1_Left/Run/Monster1Left-Walk_26.png
  artifactKey: Guid(8849233e810dace4f8dd61a5137bb72d) Importer(815301076,1909f56bfc062723c751e8b465ee728b)
Start importing Assets/Dungeon Crawler 2D Art Pack/Sprites/Monsters/Green Monster/M1_Left/Run/Monster1Left-Walk_26.png using Guid(8849233e810dace4f8dd61a5137bb72d) Importer(815301076,1909f56bfc062723c751e8b465ee728b) (PreviewImporter) -> (artifact id: '72ad7f48e8360e998a917a8fc046e4c5') in 0.0206999 seconds
Number of updated asset objects reloaded before import = 0Number of asset objects unloaded after import = 3

========================================================================
Received Import Request.
  Time since last request: 0.000015 seconds.
  path: Assets/Dungeon Crawler 2D Art Pack/Sprites/Monsters/Green Monster/M1_Left/Idle/Monster1Left-Idle_67.png
  artifactKey: Guid(5444a92f6eb9b334da7d39a3a0ebb57d) Importer(815301076,1909f56bfc062723c751e8b465ee728b)
Start importing Assets/Dungeon Crawler 2D Art Pack/Sprites/Monsters/Green Monster/M1_Left/Idle/Monster1Left-Idle_67.png using Guid(5444a92f6eb9b334da7d39a3a0ebb57d) Importer(815301076,1909f56bfc062723c751e8b465ee728b) (PreviewImporter) -> (artifact id: 'a031da7cf0b6dba86295dfd0a618b86f') in 0.026112 seconds
Number of updated asset objects reloaded before import = 0Number of asset objects unloaded after import = 3

========================================================================
Received Import Request.
  Time since last request: 0.000017 seconds.
  path: Assets/Dungeon Crawler 2D Art Pack/Spine Projects/ExportedForUnity/Monster2/Left/Monster2Left.png
  artifactKey: Guid(7a6ecb2ac19f0a3469713673423136b1) Importer(815301076,1909f56bfc062723c751e8b465ee728b)
Start importing Assets/Dungeon Crawler 2D Art Pack/Spine Projects/ExportedForUnity/Monster2/Left/Monster2Left.png using Guid(7a6ecb2ac19f0a3469713673423136b1) Importer(815301076,1909f56bfc062723c751e8b465ee728b) (PreviewImporter) -> (artifact id: 'a4ac5326a193d941f77f3a8179f0909d') in 0.0184789 seconds
Number of updated asset objects reloaded before import = 0Number of asset objects unloaded after import = 3

========================================================================
Received Import Request.
  Time since last request: 0.000025 seconds.
  path: Assets/Dungeon Crawler 2D Art Pack/Sprites/Monsters/Green Monster/M1_Left/Idle/Monster1Left-Idle_71.png
  artifactKey: Guid(a76abd72999dddb40942caab819b2a29) Importer(815301076,1909f56bfc062723c751e8b465ee728b)
Start importing Assets/Dungeon Crawler 2D Art Pack/Sprites/Monsters/Green Monster/M1_Left/Idle/Monster1Left-Idle_71.png using Guid(a76abd72999dddb40942caab819b2a29) Importer(815301076,1909f56bfc062723c751e8b465ee728b) (PreviewImporter) -> (artifact id: '5532b4011b74a8c998e090d8c9ab5169') in 0.020621 seconds
Number of updated asset objects reloaded before import = 0Number of asset objects unloaded after import = 3

========================================================================
Received Import Request.
  Time since last request: 0.020437 seconds.
  path: Assets/Dungeon Crawler 2D Art Pack/Sprites/Monsters/Green Monster/M1_Left/Idle/Monster1Left-Idle_51.png
  artifactKey: Guid(5cbca97398921714ea435aa085a7152b) Importer(815301076,1909f56bfc062723c751e8b465ee728b)
Start importing Assets/Dungeon Crawler 2D Art Pack/Sprites/Monsters/Green Monster/M1_Left/Idle/Monster1Left-Idle_51.png using Guid(5cbca97398921714ea435aa085a7152b) Importer(815301076,1909f56bfc062723c751e8b465ee728b) (PreviewImporter) -> (artifact id: '3f2bba3449575e7351e6e15765c364cb') in 0.0201769 seconds
Number of updated asset objects reloaded before import = 0Number of asset objects unloaded after import = 3

========================================================================
Received Import Request.
  Time since last request: 0.000023 seconds.
  path: Assets/Dungeon Crawler 2D Art Pack/Sprites/Monsters/Green Monster/M1_Left/Idle/Monster1Left-Idle_55.png
  artifactKey: Guid(9727809a589a16f48b5c07cb4bd0071a) Importer(815301076,1909f56bfc062723c751e8b465ee728b)
Start importing Assets/Dungeon Crawler 2D Art Pack/Sprites/Monsters/Green Monster/M1_Left/Idle/Monster1Left-Idle_55.png using Guid(9727809a589a16f48b5c07cb4bd0071a) Importer(815301076,1909f56bfc062723c751e8b465ee728b) (PreviewImporter) -> (artifact id: 'a5d14b61af349b4e806c2cc10e3809e8') in 0.0190612 seconds
Number of updated asset objects reloaded before import = 0Number of asset objects unloaded after import = 3

========================================================================
Received Import Request.
  Time since last request: 0.000024 seconds.
  path: Assets/Dungeon Crawler 2D Art Pack/Sprites/Monsters/Green Monster/M1_Left/Idle/Monster1Left-Idle_17.png
  artifactKey: Guid(7440a83356b306e4ebfe9983c38b16ce) Importer(815301076,1909f56bfc062723c751e8b465ee728b)
Start importing Assets/Dungeon Crawler 2D Art Pack/Sprites/Monsters/Green Monster/M1_Left/Idle/Monster1Left-Idle_17.png using Guid(7440a83356b306e4ebfe9983c38b16ce) Importer(815301076,1909f56bfc062723c751e8b465ee728b) (PreviewImporter) -> (artifact id: '6825b9d6dc9cd372bb83b85c04601bed') in 0.0190473 seconds
Number of updated asset objects reloaded before import = 0Number of asset objects unloaded after import = 3

========================================================================
Received Import Request.
  Time since last request: 0.000023 seconds.
  path: Assets/Dungeon Crawler 2D Art Pack/Sprites/Monsters/Green Monster/M1_Left/Idle/Monster1Left-Idle_20.png
  artifactKey: Guid(270f9e0bccb98444fa12f35aadbca920) Importer(815301076,1909f56bfc062723c751e8b465ee728b)
Start importing Assets/Dungeon Crawler 2D Art Pack/Sprites/Monsters/Green Monster/M1_Left/Idle/Monster1Left-Idle_20.png using Guid(270f9e0bccb98444fa12f35aadbca920) Importer(815301076,1909f56bfc062723c751e8b465ee728b) (PreviewImporter) -> (artifact id: '4a23f334bc501e67c33adf3c1e5fe8af') in 0.0167222 seconds
Number of updated asset objects reloaded before import = 0Number of asset objects unloaded after import = 3

========================================================================
Received Import Request.
  Time since last request: 0.000030 seconds.
  path: Assets/Dungeon Crawler 2D Art Pack/Sprites/Monsters/Green Monster/M1_Left/Idle/Monster1Left-Idle_15.png
  artifactKey: Guid(05419920e481e264aae29ccc2e7bbc0c) Importer(815301076,1909f56bfc062723c751e8b465ee728b)
Start importing Assets/Dungeon Crawler 2D Art Pack/Sprites/Monsters/Green Monster/M1_Left/Idle/Monster1Left-Idle_15.png using Guid(05419920e481e264aae29ccc2e7bbc0c) Importer(815301076,1909f56bfc062723c751e8b465ee728b) (PreviewImporter) -> (artifact id: '900f7a128c1329dc60e398c8e7045fb5') in 0.0198023 seconds
Number of updated asset objects reloaded before import = 0Number of asset objects unloaded after import = 3

========================================================================
Received Import Request.
  Time since last request: 0.000017 seconds.
  path: Assets/Dungeon Crawler 2D Art Pack/Sprites/Monsters/Green Monster/M1_Left/Hit/Monster1Left-Hit_15.png
  artifactKey: Guid(72c7a510d4c375440897a3367988c43a) Importer(815301076,1909f56bfc062723c751e8b465ee728b)
Start importing Assets/Dungeon Crawler 2D Art Pack/Sprites/Monsters/Green Monster/M1_Left/Hit/Monster1Left-Hit_15.png using Guid(72c7a510d4c375440897a3367988c43a) Importer(815301076,1909f56bfc062723c751e8b465ee728b) (PreviewImporter) -> (artifact id: '6bf35429f14b63345167d57d0a2ea268') in 0.0203708 seconds
Number of updated asset objects reloaded before import = 0Number of asset objects unloaded after import = 3

========================================================================
Received Import Request.
  Time since last request: 0.000022 seconds.
  path: Assets/Dungeon Crawler 2D Art Pack/Sprites/Monsters/Green Monster/M1_Left/Idle/Monster1Left-Idle_4.png
  artifactKey: Guid(2448d34113ef31742bcf58aeaa907744) Importer(815301076,1909f56bfc062723c751e8b465ee728b)
Start importing Assets/Dungeon Crawler 2D Art Pack/Sprites/Monsters/Green Monster/M1_Left/Idle/Monster1Left-Idle_4.png using Guid(2448d34113ef31742bcf58aeaa907744) Importer(815301076,1909f56bfc062723c751e8b465ee728b) (PreviewImporter) -> (artifact id: 'cc7b49c3f4d8ac5b0f0865f41af1c787') in 0.0195748 seconds
Number of updated asset objects reloaded before import = 0Number of asset objects unloaded after import = 3

========================================================================
Received Import Request.
  Time since last request: 0.000013 seconds.
  path: Assets/Dungeon Crawler 2D Art Pack/Sprites/Monsters/Green Monster/M1_Left/Hit/Monster1Left-Hit_3.png
  artifactKey: Guid(fcf90c7b44780b9448fb9f06918690b0) Importer(815301076,1909f56bfc062723c751e8b465ee728b)
Start importing Assets/Dungeon Crawler 2D Art Pack/Sprites/Monsters/Green Monster/M1_Left/Hit/Monster1Left-Hit_3.png using Guid(fcf90c7b44780b9448fb9f06918690b0) Importer(815301076,1909f56bfc062723c751e8b465ee728b) (PreviewImporter) -> (artifact id: '23fbb1ffa068155394708808c6bb6407') in 0.0179299 seconds
Number of updated asset objects reloaded before import = 0Number of asset objects unloaded after import = 3

========================================================================
Received Import Request.
  Time since last request: 0.000029 seconds.
  path: Assets/Dungeon Crawler 2D Art Pack/Sprites/Monsters/Green Monster/M1_Left/Hit/Monster1Left-Hit_10.png
  artifactKey: Guid(428aa6e2a4e10a1439fc6a638e06bf20) Importer(815301076,1909f56bfc062723c751e8b465ee728b)
Start importing Assets/Dungeon Crawler 2D Art Pack/Sprites/Monsters/Green Monster/M1_Left/Hit/Monster1Left-Hit_10.png using Guid(428aa6e2a4e10a1439fc6a638e06bf20) Importer(815301076,1909f56bfc062723c751e8b465ee728b) (PreviewImporter) -> (artifact id: 'd5effcb6ea759542327e57a314360c79') in 0.01903 seconds
Number of updated asset objects reloaded before import = 0Number of asset objects unloaded after import = 3

========================================================================
Received Import Request.
  Time since last request: 0.000029 seconds.
  path: Assets/Dungeon Crawler 2D Art Pack/Sprites/Monsters/Green Monster/M1_Front/Run/Monster1Front-Walk_19.png
  artifactKey: Guid(c87e49bad29749341b0469f004172676) Importer(815301076,1909f56bfc062723c751e8b465ee728b)
Start importing Assets/Dungeon Crawler 2D Art Pack/Sprites/Monsters/Green Monster/M1_Front/Run/Monster1Front-Walk_19.png using Guid(c87e49bad29749341b0469f004172676) Importer(815301076,1909f56bfc062723c751e8b465ee728b) (PreviewImporter) -> (artifact id: '67931816311c10cf5612c559d3f16c7e') in 0.021116 seconds
Number of updated asset objects reloaded before import = 0Number of asset objects unloaded after import = 3

========================================================================
Received Import Request.
  Time since last request: 0.000019 seconds.
  path: Assets/Dungeon Crawler 2D Art Pack/Sprites/Monsters/Green Monster/M1_Front/Run/Monster1Front-Walk_21.png
  artifactKey: Guid(c81a3fe4d0064764487a5f64331bd2ec) Importer(815301076,1909f56bfc062723c751e8b465ee728b)
Start importing Assets/Dungeon Crawler 2D Art Pack/Sprites/Monsters/Green Monster/M1_Front/Run/Monster1Front-Walk_21.png using Guid(c81a3fe4d0064764487a5f64331bd2ec) Importer(815301076,1909f56bfc062723c751e8b465ee728b) (PreviewImporter) -> (artifact id: '2828ea07ee88f80444328cec8aa699ee') in 0.020792 seconds
Number of updated asset objects reloaded before import = 0Number of asset objects unloaded after import = 3

========================================================================
Received Import Request.
  Time since last request: 0.000017 seconds.
  path: Assets/Dungeon Crawler 2D Art Pack/Sprites/Monsters/Green Monster/M1_Front/Run/Monster1Front-Walk_22.png
  artifactKey: Guid(851e6a62baffca3419dfa663751095c9) Importer(815301076,1909f56bfc062723c751e8b465ee728b)
Start importing Assets/Dungeon Crawler 2D Art Pack/Sprites/Monsters/Green Monster/M1_Front/Run/Monster1Front-Walk_22.png using Guid(851e6a62baffca3419dfa663751095c9) Importer(815301076,1909f56bfc062723c751e8b465ee728b) (PreviewImporter) -> (artifact id: '270413aa72e639ee2b9b32d77d6b9691') in 0.0197533 seconds
Number of updated asset objects reloaded before import = 0Number of asset objects unloaded after import = 3

========================================================================
Received Import Request.
  Time since last request: 0.000017 seconds.
  path: Assets/Dungeon Crawler 2D Art Pack/Sprites/Monsters/Green Monster/M1_Front/Idle/Monster1Front-Idle_75.png
  artifactKey: Guid(a4269015eeeb4e2469080e36e7207396) Importer(815301076,1909f56bfc062723c751e8b465ee728b)
Start importing Assets/Dungeon Crawler 2D Art Pack/Sprites/Monsters/Green Monster/M1_Front/Idle/Monster1Front-Idle_75.png using Guid(a4269015eeeb4e2469080e36e7207396) Importer(815301076,1909f56bfc062723c751e8b465ee728b) (PreviewImporter) -> (artifact id: '46267456118d3fcab437f65d8ee0b468') in 0.0209504 seconds
Number of updated asset objects reloaded before import = 0Number of asset objects unloaded after import = 3

========================================================================
Received Import Request.
  Time since last request: 0.000020 seconds.
  path: Assets/Dungeon Crawler 2D Art Pack/Sprites/Monsters/Green Monster/M1_Front/Idle/Monster1Front-Idle_77.png
  artifactKey: Guid(cc70bdcc2b6b60f49a1dcd6b473efd1a) Importer(815301076,1909f56bfc062723c751e8b465ee728b)
Start importing Assets/Dungeon Crawler 2D Art Pack/Sprites/Monsters/Green Monster/M1_Front/Idle/Monster1Front-Idle_77.png using Guid(cc70bdcc2b6b60f49a1dcd6b473efd1a) Importer(815301076,1909f56bfc062723c751e8b465ee728b) (PreviewImporter) -> (artifact id: 'd30e57f085bb840d08d4581d90403d65') in 0.023092 seconds
Number of updated asset objects reloaded before import = 0Number of asset objects unloaded after import = 3

========================================================================
Received Import Request.
  Time since last request: 0.000028 seconds.
  path: Assets/Dungeon Crawler 2D Art Pack/Sprites/Monsters/Green Monster/M1_Left/Hit/Monster1Left-Hit_8.png
  artifactKey: Guid(d5bcae75d151ca04389aad50000071ce) Importer(815301076,1909f56bfc062723c751e8b465ee728b)
Start importing Assets/Dungeon Crawler 2D Art Pack/Sprites/Monsters/Green Monster/M1_Left/Hit/Monster1Left-Hit_8.png using Guid(d5bcae75d151ca04389aad50000071ce) Importer(815301076,1909f56bfc062723c751e8b465ee728b) (PreviewImporter) -> (artifact id: 'db9500c4a5d5f2d97ea2cf5e6c9f7c2a') in 0.027036 seconds
Number of updated asset objects reloaded before import = 0Number of asset objects unloaded after import = 3

========================================================================
Received Import Request.
  Time since last request: 0.000013 seconds.
  path: Assets/Dungeon Crawler 2D Art Pack/Sprites/Monsters/Green Monster/M1_Front/Idle/Monster1Front-Idle_99.png
  artifactKey: Guid(c8322026730caa24b8f0d8458c82f11b) Importer(815301076,1909f56bfc062723c751e8b465ee728b)
Start importing Assets/Dungeon Crawler 2D Art Pack/Sprites/Monsters/Green Monster/M1_Front/Idle/Monster1Front-Idle_99.png using Guid(c8322026730caa24b8f0d8458c82f11b) Importer(815301076,1909f56bfc062723c751e8b465ee728b) (PreviewImporter) -> (artifact id: '9d8ab378a1b266798899c5bcee4799b3') in 0.0244927 seconds
Number of updated asset objects reloaded before import = 0Number of asset objects unloaded after import = 3

========================================================================
Received Import Request.
  Time since last request: 0.066595 seconds.
  path: Assets/Dungeon Crawler 2D Art Pack/Sprites/Monsters/Green Monster/M1_Front/Idle/Monster1Front-Idle_58.png
  artifactKey: Guid(4873c4a11b7f42d42a3902935716c1f0) Importer(815301076,1909f56bfc062723c751e8b465ee728b)
Start importing Assets/Dungeon Crawler 2D Art Pack/Sprites/Monsters/Green Monster/M1_Front/Idle/Monster1Front-Idle_58.png using Guid(4873c4a11b7f42d42a3902935716c1f0) Importer(815301076,1909f56bfc062723c751e8b465ee728b) (PreviewImporter) -> (artifact id: 'ee47dd22ea7d7e34febc8b68b64e926d') in 0.0183221 seconds
Number of updated asset objects reloaded before import = 0Number of asset objects unloaded after import = 3

========================================================================
Received Import Request.
  Time since last request: 0.000029 seconds.
  path: Assets/Dungeon Crawler 2D Art Pack/Sprites/Monsters/Green Monster/M1_Front/Idle/Monster1Front-Idle_62.png
  artifactKey: Guid(2b1cb69fa9a8f1541973d19dc76e4f60) Importer(815301076,1909f56bfc062723c751e8b465ee728b)
Start importing Assets/Dungeon Crawler 2D Art Pack/Sprites/Monsters/Green Monster/M1_Front/Idle/Monster1Front-Idle_62.png using Guid(2b1cb69fa9a8f1541973d19dc76e4f60) Importer(815301076,1909f56bfc062723c751e8b465ee728b) (PreviewImporter) -> (artifact id: '7ada6d6160eefdc4cde1c9dd1ab25243') in 0.0201666 seconds
Number of updated asset objects reloaded before import = 0Number of asset objects unloaded after import = 3

========================================================================
Received Import Request.
  Time since last request: 0.000030 seconds.
  path: Assets/Dungeon Crawler 2D Art Pack/Sprites/Monsters/Green Monster/M1_Front/Idle/Monster1Front-Idle_18.png
  artifactKey: Guid(e9439d5709585a94ab427faeed990ff4) Importer(815301076,1909f56bfc062723c751e8b465ee728b)
Start importing Assets/Dungeon Crawler 2D Art Pack/Sprites/Monsters/Green Monster/M1_Front/Idle/Monster1Front-Idle_18.png using Guid(e9439d5709585a94ab427faeed990ff4) Importer(815301076,1909f56bfc062723c751e8b465ee728b) (PreviewImporter) -> (artifact id: '660c15d89bcd057a0f28f5393c63e16a') in 0.0173477 seconds
Number of updated asset objects reloaded before import = 0Number of asset objects unloaded after import = 3

========================================================================
Received Import Request.
  Time since last request: 0.000016 seconds.
  path: Assets/Dungeon Crawler 2D Art Pack/Sprites/Monsters/Flying Monster/Back/Idle/Monster1Back-Idle_24.png
  artifactKey: Guid(83ccf352c6960e8409026aac9ea9cf71) Importer(815301076,1909f56bfc062723c751e8b465ee728b)
Start importing Assets/Dungeon Crawler 2D Art Pack/Sprites/Monsters/Flying Monster/Back/Idle/Monster1Back-Idle_24.png using Guid(83ccf352c6960e8409026aac9ea9cf71) Importer(815301076,1909f56bfc062723c751e8b465ee728b) (PreviewImporter) -> (artifact id: '9510530886870ad1f6fd505d5df11cad') in 0.0175859 seconds
Number of updated asset objects reloaded before import = 0Number of asset objects unloaded after import = 3

========================================================================
Received Import Request.
  Time since last request: 0.000017 seconds.
  path: Assets/Dungeon Crawler 2D Art Pack/Sprites/Monsters/Green Monster/M1_Back/Idle/Monster1Back-Idle_27.png
  artifactKey: Guid(546309af31a0379458ecdaedb073a698) Importer(815301076,1909f56bfc062723c751e8b465ee728b)
Start importing Assets/Dungeon Crawler 2D Art Pack/Sprites/Monsters/Green Monster/M1_Back/Idle/Monster1Back-Idle_27.png using Guid(546309af31a0379458ecdaedb073a698) Importer(815301076,1909f56bfc062723c751e8b465ee728b) (PreviewImporter) -> (artifact id: '28f172c372aeeb12debb7271ef7f2bb1') in 0.0176068 seconds
Number of updated asset objects reloaded before import = 0Number of asset objects unloaded after import = 3

========================================================================
Received Import Request.
  Time since last request: 0.000017 seconds.
  path: Assets/Dungeon Crawler 2D Art Pack/Sprites/Monsters/Flying Monster/Back/Attack/Monster1Back-Attack_0.png
  artifactKey: Guid(bf302bc71cc090547b71141555361cba) Importer(815301076,1909f56bfc062723c751e8b465ee728b)
Start importing Assets/Dungeon Crawler 2D Art Pack/Sprites/Monsters/Flying Monster/Back/Attack/Monster1Back-Attack_0.png using Guid(bf302bc71cc090547b71141555361cba) Importer(815301076,1909f56bfc062723c751e8b465ee728b) (PreviewImporter) -> (artifact id: 'd45cbedaedc79e795e8630b7fd609fa5') in 0.0199958 seconds
Number of updated asset objects reloaded before import = 0Number of asset objects unloaded after import = 3

========================================================================
Received Import Request.
  Time since last request: 0.000017 seconds.
  path: Assets/Spine2D Knight Character Animation Pack/Sources/image/lightning_2.png
  artifactKey: Guid(a7d03516c86ab0f4283ba040c52a86d9) Importer(815301076,1909f56bfc062723c751e8b465ee728b)
Start importing Assets/Spine2D Knight Character Animation Pack/Sources/image/lightning_2.png using Guid(a7d03516c86ab0f4283ba040c52a86d9) Importer(815301076,1909f56bfc062723c751e8b465ee728b) (PreviewImporter) -> (artifact id: 'b5e946e803d2313f49359176e78dfd55') in 0.0160786 seconds
Number of updated asset objects reloaded before import = 0Number of asset objects unloaded after import = 3

========================================================================
Received Import Request.
  Time since last request: 0.000028 seconds.
  path: Assets/Animation/UI Anim/GameEndign/Codex 이미지 2026년 9월 15일 오후 07_10_40.png
  artifactKey: Guid(bee669758ee8b4848a11dcebc23b7a99) Importer(815301076,1909f56bfc062723c751e8b465ee728b)
Start importing Assets/Animation/UI Anim/GameEndign/Codex 이미지 2026년 9월 15일 오후 07_10_40.png using Guid(bee669758ee8b4848a11dcebc23b7a99) Importer(815301076,1909f56bfc062723c751e8b465ee728b) (PreviewImporter) -> (artifact id: 'f42fa0dc192a56a473e6eb850d228100') in 0.2393925 seconds
Number of updated asset objects reloaded before import = 0Number of asset objects unloaded after import = 67

========================================================================
Received Import Request.
  Time since last request: 0.000018 seconds.
  path: Assets/Model/Gacha/Meshy_AI_Circle_of_Light_in_th_0804061104_texture_roughness.png
  artifactKey: Guid(130753ca14a5bea4f8cacedca0674be5) Importer(815301076,1909f56bfc062723c751e8b465ee728b)
Start importing Assets/Model/Gacha/Meshy_AI_Circle_of_Light_in_th_0804061104_texture_roughness.png using Guid(130753ca14a5bea4f8cacedca0674be5) Importer(815301076,1909f56bfc062723c751e8b465ee728b) (PreviewImporter) -> (artifact id: 'c222b10acf80cc57693b13a60da5df26') in 0.0246664 seconds
Number of updated asset objects reloaded before import = 0Number of asset objects unloaded after import = 3

========================================================================
Received Import Request.
  Time since last request: 0.000031 seconds.
  path: Assets/Spine2D Knight Character Animation Pack/Exports/Frame by frame/idle_2/clown_export-idle_3_15.png
  artifactKey: Guid(85f746604bdeb4c48a44218d3ece5e27) Importer(815301076,1909f56bfc062723c751e8b465ee728b)
Start importing Assets/Spine2D Knight Character Animation Pack/Exports/Frame by frame/idle_2/clown_export-idle_3_15.png using Guid(85f746604bdeb4c48a44218d3ece5e27) Importer(815301076,1909f56bfc062723c751e8b465ee728b) (PreviewImporter) -> (artifact id: '0dcd397271839cd9e22191082f7b29fb') in 0.0192327 seconds
Number of updated asset objects reloaded before import = 0Number of asset objects unloaded after import = 3

========================================================================
Received Prepare
Begin MonoManager ReloadAssembly
[Licensing::Client] Successfully resolved entitlement details
Symbol file LoadedFromMemory is not a mono symbol file
- Loaded All Assemblies, in  8.855 seconds
Refreshing native plugins compatible for Editor in 59.56 ms, found 9 plugins.
Native extension for Android target not found
Native extension for WindowsStandalone target not found
[Package Manager] Failed to launch server process. Reason: Unity was launched with the -noUpm command-line argument
[Package Manager] Unable to send message (not connected to server process).
[Package Manager] Cannot connect to Unity Package Manager local server
Refreshing native plugins compatible for Editor in 28.19 ms, found 9 plugins.
[Package Manager] Failed to launch server process. Reason: Unity was launched with the -noUpm command-line argument
[Package Manager] Unable to send message (not connected to server process).
[Package Manager] Cannot connect to Unity Package Manager local server
System.Exception: Error! Visual Scripting: couldn't find visual scripting package
  at Unity.VisualScripting.PackageVersionUtility.get_version () [0x00043] in .\Library\PackageCache\com.unity.visualscripting@8bed5ad90189\Editor\VisualScripting.Core\Utilities\PackageVersionUtility.cs:31 
  at Unity.VisualScripting.BoltCoreManifest.get_version () [0x00000] in .\Library\PackageCache\com.unity.visualscripting@8bed5ad90189\Editor\VisualScripting.Core\Plugin\BoltCoreManifest.cs:11 
  at Unity.VisualScripting.PluginManifest.get_currentVersion () [0x00000] in .\Library\PackageCache\com.unity.visualscripting@8bed5ad90189\Editor\VisualScripting.Core\Plugins\PluginManifest.cs:33 
  at Unity.VisualScripting.PluginManifest.get_versionMismatch () [0x00000] in .\Library\PackageCache\com.unity.visualscripting@8bed5ad90189\Editor\VisualScripting.Core\Plugins\PluginManifest.cs:48 
  at Unity.VisualScripting.PluginContainer.Initialize () [0x00525] in .\Library\PackageCache\com.unity.visualscripting@8bed5ad90189\Editor\VisualScripting.Core\Plugins\PluginContainer.cs:208 
  at Unity.VisualScripting.PluginContainer.InitializeOnLoad () [0x00009] in .\Library\PackageCache\com.unity.visualscripting@8bed5ad90189\Editor\VisualScripting.Core\Plugins\PluginContainer.cs:32 
  at Unity.VisualScripting.VSUsageUtility.DoInitializeOnLoadCalls () [0x00034] in .\Library\PackageCache\com.unity.visualscripting@8bed5ad90189\Editor\VisualScripting.Core\Utilities\VSUsageUtility.cs:76 
  at Unity.VisualScripting.VSUsageUtility.set_isVisualScriptingUsed (System.Boolean value) [0x0002c] in .\Library\PackageCache\com.unity.visualscripting@8bed5ad90189\Editor\VisualScripting.Core\Utilities\VSUsageUtility.cs:114 
  at Unity.VisualScripting.VSUsageUtility.CheckAndSetIsVisualScriptingUsed () [0x0000d] in .\Library\PackageCache\com.unity.visualscripting@8bed5ad90189\Editor\VisualScripting.Core\Utilities\VSUsageUtility.cs:33 
  at Unity.VisualScripting.VSUsageUtility..cctor () [0x00000] in .\Library\PackageCache\com.unity.visualscripting@8bed5ad90189\Editor\VisualScripting.Core\Utilities\VSUsageUtility.cs:22 
UnityEngine.Debug:ExtractStackTraceNoAlloc (byte*,int,string)
UnityEngine.StackTraceUtility:ExtractStackTrace ()
UnityEngine.DebugLogHandler:Internal_Log (UnityEngine.LogType,UnityEngine.LogOption,string,UnityEngine.Object)
UnityEngine.DebugLogHandler:LogFormat (UnityEngine.LogType,UnityEngine.Object,string,object[])
UnityEngine.Logger:Log (UnityEngine.LogType,object)
UnityEngine.Debug:LogError (object)
UnityEditor.EditorAssemblies:ProcessInitializeOnLoadAttributes (System.Type[])

ScheduleIndexationOnStartup MainProcess:False IndexOnStartup:True
Mono: successfully reloaded assembly
- Finished resetting the current domain, in  4.013 seconds
Domain Reload Profiling: 12856ms
	BeginReloadAssembly (1310ms)
		ExecutionOrderSort (0ms)
		DisableScriptedObjects (45ms)
		BackupInstance (0ms)
		ReleaseScriptingObjects (1ms)
		CreateAndSetChildDomain (294ms)
	RebuildCommonClasses (127ms)
	RebuildNativeTypeToScriptingClass (43ms)
	initialDomainReloadingComplete (124ms)
	LoadAllAssembliesAndSetupDomain (7237ms)
		LoadAssemblies (3709ms)
		RebuildTransferFunctionScriptingTraits (0ms)
		AnalyzeDomain (4194ms)
			TypeCache.Refresh (118ms)
				TypeCache.ScanAssembly (27ms)
			BuildScriptInfoCaches (3905ms)
			ResolveRequiredComponents (143ms)
	FinalizeReload (4014ms)
		ReleaseScriptCaches (0ms)
		RebuildScriptCaches (0ms)
		SetupLoadedEditorAssemblies (2286ms)
			LogAssemblyErrors (0ms)
			InitializePlatformSupportModulesInManaged (17ms)
			SetLoadedEditorAssemblies (18ms)
			BeforeProcessingInitializeOnLoad (357ms)
			ProcessInitializeOnLoadAttributes (1253ms)
			ProcessInitializeOnLoadMethodAttributes (624ms)
			AfterProcessingInitializeOnLoad (16ms)
			EditorAssembliesLoaded (1ms)
		ExecutionOrderSort2 (0ms)
		AwakeInstancesAfterBackupRestoration (43ms)
WARNING: Shader Unsupported: 'Spine/Outline/SkeletonGraphic' - All subshaders removed
WARNING: Shader Did you use #pragma only_renderers and omit this platform?
WARNING: Shader If subshaders removal was intentional, you may have forgotten turning Fallback off?
WARNING: Shader Unsupported: 'Spine/Outline/SkeletonGraphic' - All subshaders removed
WARNING: Shader Did you use #pragma only_renderers and omit this platform?
WARNING: Shader If subshaders removal was intentional, you may have forgotten turning Fallback off?
WARNING: Shader Unsupported: 'Spine/Outline/Special/Skeleton Grayscale' - All subshaders removed
WARNING: Shader Did you use #pragma only_renderers and omit this platform?
WARNING: Shader If subshaders removal was intentional, you may have forgotten turning Fallback off?
WARNING: Shader Unsupported: 'Spine/Outline/Special/Skeleton Grayscale' - All subshaders removed
WARNING: Shader Did you use #pragma only_renderers and omit this platform?
WARNING: Shader If subshaders removal was intentional, you may have forgotten turning Fallback off?
WARNING: Shader Unsupported: 'Spine/Outline/Sprite/Vertex Lit' - All subshaders removed
WARNING: Shader Did you use #pragma only_renderers and omit this platform?
WARNING: Shader If subshaders removal was intentional, you may have forgotten turning Fallback off?
WARNING: Shader Unsupported: 'Spine/Outline/Sprite/Vertex Lit' - All subshaders removed
WARNING: Shader Did you use #pragma only_renderers and omit this platform?
WARNING: Shader If subshaders removal was intentional, you may have forgotten turning Fallback off?
WARNING: Shader Unsupported: 'Spine/Outline/SkeletonGraphic Tint Black' - All subshaders removed
WARNING: Shader Did you use #pragma only_renderers and omit this platform?
WARNING: Shader If subshaders removal was intentional, you may have forgotten turning Fallback off?
WARNING: Shader Unsupported: 'Spine/Outline/SkeletonGraphic Tint Black' - All subshaders removed
WARNING: Shader Did you use #pragma only_renderers and omit this platform?
WARNING: Shader If subshaders removal was intentional, you may have forgotten turning Fallback off?
WARNING: Shader Unsupported: 'Spine/Outline/Skeleton Lit ZWrite' - All subshaders removed
WARNING: Shader Did you use #pragma only_renderers and omit this platform?
WARNING: Shader If subshaders removal was intentional, you may have forgotten turning Fallback off?
WARNING: Shader Unsupported: 'Spine/Outline/Skeleton Lit ZWrite' - All subshaders removed
WARNING: Shader Did you use #pragma only_renderers and omit this platform?
WARNING: Shader If subshaders removal was intentional, you may have forgotten turning Fallback off?
WARNING: Shader Unsupported: 'Spine/Outline/Skeleton Fill' - All subshaders removed
WARNING: Shader Did you use #pragma only_renderers and omit this platform?
WARNING: Shader If subshaders removal was intentional, you may have forgotten turning Fallback off?
WARNING: Shader Unsupported: 'Spine/Outline/Skeleton Fill' - All subshaders removed
WARNING: Shader Did you use #pragma only_renderers and omit this platform?
WARNING: Shader If subshaders removal was intentional, you may have forgotten turning Fallback off?
WARNING: Shader Unsupported: 'Spine/Outline/Blend Modes/Skeleton PMA Additive' - All subshaders removed
WARNING: Shader Did you use #pragma only_renderers and omit this platform?
WARNING: Shader If subshaders removal was intentional, you may have forgotten turning Fallback off?
WARNING: Shader Unsupported: 'Spine/Outline/Blend Modes/Skeleton PMA Additive' - All subshaders removed
WARNING: Shader Did you use #pragma only_renderers and omit this platform?
WARNING: Shader If subshaders removal was intentional, you may have forgotten turning Fallback off?
WARNING: Shader Unsupported: 'Spine/Outline/Skeleton Lit' - All subshaders removed
WARNING: Shader Did you use #pragma only_renderers and omit this platform?
WARNING: Shader If subshaders removal was intentional, you may have forgotten turning Fallback off?
WARNING: Shader Unsupported: 'Spine/Outline/Skeleton Lit' - All subshaders removed
WARNING: Shader Did you use #pragma only_renderers and omit this platform?
WARNING: Shader If subshaders removal was intentional, you may have forgotten turning Fallback off?
WARNING: Shader Unsupported: 'Spine/Outline/Sprite/Unlit' - All subshaders removed
WARNING: Shader Did you use #pragma only_renderers and omit this platform?
WARNING: Shader If subshaders removal was intentional, you may have forgotten turning Fallback off?
WARNING: Shader Unsupported: 'Spine/Outline/Sprite/Unlit' - All subshaders removed
WARNING: Shader Did you use #pragma only_renderers and omit this platform?
WARNING: Shader If subshaders removal was intentional, you may have forgotten turning Fallback off?
WARNING: Shader Unsupported: 'Spine/Outline/Skeleton Tint' - All subshaders removed
WARNING: Shader Did you use #pragma only_renderers and omit this platform?
WARNING: Shader If subshaders removal was intentional, you may have forgotten turning Fallback off?
WARNING: Shader Unsupported: 'Spine/Outline/Skeleton Tint' - All subshaders removed
WARNING: Shader Did you use #pragma only_renderers and omit this platform?
WARNING: Shader If subshaders removal was intentional, you may have forgotten turning Fallback off?
WARNING: Shader Unsupported: 'Spine/Outline/Sprite/Pixel Lit' - All subshaders removed
WARNING: Shader Did you use #pragma only_renderers and omit this platform?
WARNING: Shader If subshaders removal was intentional, you may have forgotten turning Fallback off?
WARNING: Shader Unsupported: 'Spine/Outline/Sprite/Pixel Lit' - All subshaders removed
WARNING: Shader Did you use #pragma only_renderers and omit this platform?
WARNING: Shader If subshaders removal was intentional, you may have forgotten turning Fallback off?
WARNING: Shader Unsupported: 'Spine/Outline/Skeleton' - All subshaders removed
WARNING: Shader Did you use #pragma only_renderers and omit this platform?
WARNING: Shader If subshaders removal was intentional, you may have forgotten turning Fallback off?
WARNING: Shader Unsupported: 'Spine/Outline/Skeleton' - All subshaders removed
WARNING: Shader Did you use #pragma only_renderers and omit this platform?
WARNING: Shader If subshaders removal was intentional, you may have forgotten turning Fallback off?
WARNING: Shader Unsupported: 'Spine/Outline/Blend Modes/Skeleton PMA Screen' - All subshaders removed
WARNING: Shader Did you use #pragma only_renderers and omit this platform?
WARNING: Shader If subshaders removal was intentional, you may have forgotten turning Fallback off?
WARNING: Shader Unsupported: 'Spine/Outline/Blend Modes/Skeleton PMA Screen' - All subshaders removed
WARNING: Shader Did you use #pragma only_renderers and omit this platform?
WARNING: Shader If subshaders removal was intentional, you may have forgotten turning Fallback off?
WARNING: Shader Unsupported: 'Spine/Outline/Skeleton Tint Black' - All subshaders removed
WARNING: Shader Did you use #pragma only_renderers and omit this platform?
WARNING: Shader If subshaders removal was intentional, you may have forgotten turning Fallback off?
WARNING: Shader Unsupported: 'Spine/Outline/Skeleton Tint Black' - All subshaders removed
WARNING: Shader Did you use #pragma only_renderers and omit this platform?
WARNING: Shader If subshaders removal was intentional, you may have forgotten turning Fallback off?
WARNING: Shader Unsupported: 'Spine/Outline/Blend Modes/Skeleton PMA Multiply' - All subshaders removed
WARNING: Shader Did you use #pragma only_renderers and omit this platform?
WARNING: Shader If subshaders removal was intentional, you may have forgotten turning Fallback off?
WARNING: Shader Unsupported: 'Spine/Outline/Blend Modes/Skeleton PMA Multiply' - All subshaders removed
WARNING: Shader Did you use #pragma only_renderers and omit this platform?
WARNING: Shader If subshaders removal was intentional, you may have forgotten turning Fallback off?
Refreshing native plugins compatible for Editor in 23.53 ms, found 9 plugins.
Preloading 1 native plugins for Editor in 0.14 ms.
Unloading 31 Unused Serialized files (Serialized files now loaded: 0)
Unloading 11438 unused Assets / (6.3 MB). Loaded Objects now: 12365.
Memory consumption went from 222.2 MB to 215.9 MB.
Total: 39.008600 ms (FindLiveObjects: 2.719200 ms CreateObjectMapping: 2.076600 ms MarkObjects: 28.508300 ms  DeleteObjects: 5.702200 ms)

Prepare: number of updated asset objects reloaded= 0
========================================================================
Received Prepare
Begin MonoManager ReloadAssembly
[Licensing::Client] Successfully resolved entitlement details
Symbol file LoadedFromMemory is not a mono symbol file
- Loaded All Assemblies, in  1.411 seconds
Refreshing native plugins compatible for Editor in 12.95 ms, found 9 plugins.
Native extension for Android target not found
Native extension for WindowsStandalone target not found
[Package Manager] Failed to launch server process. Reason: Unity was launched with the -noUpm command-line argument
[Package Manager] Unable to send message (not connected to server process).
[Package Manager] Cannot connect to Unity Package Manager local server
Refreshing native plugins compatible for Editor in 15.87 ms, found 9 plugins.
[Package Manager] Failed to launch server process. Reason: Unity was launched with the -noUpm command-line argument
[Package Manager] Unable to send message (not connected to server process).
[Package Manager] Cannot connect to Unity Package Manager local server
System.Exception: Error! Visual Scripting: couldn't find visual scripting package
  at Unity.VisualScripting.PackageVersionUtility.get_version () [0x00043] in .\Library\PackageCache\com.unity.visualscripting@8bed5ad90189\Editor\VisualScripting.Core\Utilities\PackageVersionUtility.cs:31 
  at Unity.VisualScripting.BoltCoreManifest.get_version () [0x00000] in .\Library\PackageCache\com.unity.visualscripting@8bed5ad90189\Editor\VisualScripting.Core\Plugin\BoltCoreManifest.cs:11 
  at Unity.VisualScripting.PluginManifest.get_currentVersion () [0x00000] in .\Library\PackageCache\com.unity.visualscripting@8bed5ad90189\Editor\VisualScripting.Core\Plugins\PluginManifest.cs:33 
  at Unity.VisualScripting.PluginManifest.get_versionMismatch () [0x00000] in .\Library\PackageCache\com.unity.visualscripting@8bed5ad90189\Editor\VisualScripting.Core\Plugins\PluginManifest.cs:48 
  at Unity.VisualScripting.PluginContainer.Initialize () [0x00525] in .\Library\PackageCache\com.unity.visualscripting@8bed5ad90189\Editor\VisualScripting.Core\Plugins\PluginContainer.cs:208 
  at Unity.VisualScripting.PluginContainer.InitializeOnLoad () [0x00009] in .\Library\PackageCache\com.unity.visualscripting@8bed5ad90189\Editor\VisualScripting.Core\Plugins\PluginContainer.cs:32 
  at Unity.VisualScripting.VSUsageUtility.DoInitializeOnLoadCalls () [0x00034] in .\Library\PackageCache\com.unity.visualscripting@8bed5ad90189\Editor\VisualScripting.Core\Utilities\VSUsageUtility.cs:76 
  at Unity.VisualScripting.VSUsageUtility.set_isVisualScriptingUsed (System.Boolean value) [0x0002c] in .\Library\PackageCache\com.unity.visualscripting@8bed5ad90189\Editor\VisualScripting.Core\Utilities\VSUsageUtility.cs:114 
  at Unity.VisualScripting.VSUsageUtility.CheckAndSetIsVisualScriptingUsed () [0x0000d] in .\Library\PackageCache\com.unity.visualscripting@8bed5ad90189\Editor\VisualScripting.Core\Utilities\VSUsageUtility.cs:33 
  at Unity.VisualScripting.VSUsageUtility..cctor () [0x00000] in .\Library\PackageCache\com.unity.visualscripting@8bed5ad90189\Editor\VisualScripting.Core\Utilities\VSUsageUtility.cs:22 
UnityEngine.Debug:ExtractStackTraceNoAlloc (byte*,int,string)
UnityEngine.StackTraceUtility:ExtractStackTrace ()
UnityEngine.DebugLogHandler:Internal_Log (UnityEngine.LogType,UnityEngine.LogOption,string,UnityEngine.Object)
UnityEngine.DebugLogHandler:LogFormat (UnityEngine.LogType,UnityEngine.Object,string,object[])
UnityEngine.Logger:Log (UnityEngine.LogType,object)
UnityEngine.Debug:LogError (object)
UnityEditor.EditorAssemblies:ProcessInitializeOnLoadAttributes (System.Type[])

ScheduleIndexationOnStartup MainProcess:False IndexOnStartup:True
Mono: successfully reloaded assembly
- Finished resetting the current domain, in  2.325 seconds
Domain Reload Profiling: 3738ms
	BeginReloadAssembly (326ms)
		ExecutionOrderSort (0ms)
		DisableScriptedObjects (19ms)
		BackupInstance (0ms)
		ReleaseScriptingObjects (0ms)
		CreateAndSetChildDomain (95ms)
	RebuildCommonClasses (47ms)
	RebuildNativeTypeToScriptingClass (20ms)
	initialDomainReloadingComplete (40ms)
	LoadAllAssembliesAndSetupDomain (979ms)
		LoadAssemblies (675ms)
		RebuildTransferFunctionScriptingTraits (0ms)
		AnalyzeDomain (424ms)
			TypeCache.Refresh (21ms)
				TypeCache.ScanAssembly (3ms)
			BuildScriptInfoCaches (375ms)
			ResolveRequiredComponents (19ms)
	FinalizeReload (2326ms)
		ReleaseScriptCaches (0ms)
		RebuildScriptCaches (0ms)
		SetupLoadedEditorAssemblies (1537ms)
			LogAssemblyErrors (0ms)
			InitializePlatformSupportModulesInManaged (11ms)
			SetLoadedEditorAssemblies (10ms)
			BeforeProcessingInitializeOnLoad (245ms)
			ProcessInitializeOnLoadAttributes (810ms)
			ProcessInitializeOnLoadMethodAttributes (454ms)
			AfterProcessingInitializeOnLoad (5ms)
			EditorAssembliesLoaded (1ms)
		ExecutionOrderSort2 (0ms)
		AwakeInstancesAfterBackupRestoration (35ms)
WARNING: Shader Unsupported: 'Spine/Outline/SkeletonGraphic' - All subshaders removed
WARNING: Shader Did you use #pragma only_renderers and omit this platform?
WARNING: Shader If subshaders removal was intentional, you may have forgotten turning Fallback off?
WARNING: Shader Unsupported: 'Spine/Outline/SkeletonGraphic' - All subshaders removed
WARNING: Shader Did you use #pragma only_renderers and omit this platform?
WARNING: Shader If subshaders removal was intentional, you may have forgotten turning Fallback off?
WARNING: Shader Unsupported: 'Spine/Outline/Special/Skeleton Grayscale' - All subshaders removed
WARNING: Shader Did you use #pragma only_renderers and omit this platform?
WARNING: Shader If subshaders removal was intentional, you may have forgotten turning Fallback off?
WARNING: Shader Unsupported: 'Spine/Outline/Special/Skeleton Grayscale' - All subshaders removed
WARNING: Shader Did you use #pragma only_renderers and omit this platform?
WARNING: Shader If subshaders removal was intentional, you may have forgotten turning Fallback off?
WARNING: Shader Unsupported: 'Spine/Outline/Sprite/Vertex Lit' - All subshaders removed
WARNING: Shader Did you use #pragma only_renderers and omit this platform?
WARNING: Shader If subshaders removal was intentional, you may have forgotten turning Fallback off?
WARNING: Shader Unsupported: 'Spine/Outline/Sprite/Vertex Lit' - All subshaders removed
WARNING: Shader Did you use #pragma only_renderers and omit this platform?
WARNING: Shader If subshaders removal was intentional, you may have forgotten turning Fallback off?
WARNING: Shader Unsupported: 'Spine/Outline/SkeletonGraphic Tint Black' - All subshaders removed
WARNING: Shader Did you use #pragma only_renderers and omit this platform?
WARNING: Shader If subshaders removal was intentional, you may have forgotten turning Fallback off?
WARNING: Shader Unsupported: 'Spine/Outline/SkeletonGraphic Tint Black' - All subshaders removed
WARNING: Shader Did you use #pragma only_renderers and omit this platform?
WARNING: Shader If subshaders removal was intentional, you may have forgotten turning Fallback off?
WARNING: Shader Unsupported: 'Spine/Outline/Skeleton Lit ZWrite' - All subshaders removed
WARNING: Shader Did you use #pragma only_renderers and omit this platform?
WARNING: Shader If subshaders removal was intentional, you may have forgotten turning Fallback off?
WARNING: Shader Unsupported: 'Spine/Outline/Skeleton Lit ZWrite' - All subshaders removed
WARNING: Shader Did you use #pragma only_renderers and omit this platform?
WARNING: Shader If subshaders removal was intentional, you may have forgotten turning Fallback off?
WARNING: Shader Unsupported: 'Spine/Outline/Skeleton Fill' - All subshaders removed
WARNING: Shader Did you use #pragma only_renderers and omit this platform?
WARNING: Shader If subshaders removal was intentional, you may have forgotten turning Fallback off?
WARNING: Shader Unsupported: 'Spine/Outline/Skeleton Fill' - All subshaders removed
WARNING: Shader Did you use #pragma only_renderers and omit this platform?
WARNING: Shader If subshaders removal was intentional, you may have forgotten turning Fallback off?
WARNING: Shader Unsupported: 'Spine/Outline/Blend Modes/Skeleton PMA Additive' - All subshaders removed
WARNING: Shader Did you use #pragma only_renderers and omit this platform?
WARNING: Shader If subshaders removal was intentional, you may have forgotten turning Fallback off?
WARNING: Shader Unsupported: 'Spine/Outline/Blend Modes/Skeleton PMA Additive' - All subshaders removed
WARNING: Shader Did you use #pragma only_renderers and omit this platform?
WARNING: Shader If subshaders removal was intentional, you may have forgotten turning Fallback off?
WARNING: Shader Unsupported: 'Spine/Outline/Skeleton Lit' - All subshaders removed
WARNING: Shader Did you use #pragma only_renderers and omit this platform?
WARNING: Shader If subshaders removal was intentional, you may have forgotten turning Fallback off?
WARNING: Shader Unsupported: 'Spine/Outline/Skeleton Lit' - All subshaders removed
WARNING: Shader Did you use #pragma only_renderers and omit this platform?
WARNING: Shader If subshaders removal was intentional, you may have forgotten turning Fallback off?
WARNING: Shader Unsupported: 'Spine/Outline/Sprite/Unlit' - All subshaders removed
WARNING: Shader Did you use #pragma only_renderers and omit this platform?
WARNING: Shader If subshaders removal was intentional, you may have forgotten turning Fallback off?
WARNING: Shader Unsupported: 'Spine/Outline/Sprite/Unlit' - All subshaders removed
WARNING: Shader Did you use #pragma only_renderers and omit this platform?
WARNING: Shader If subshaders removal was intentional, you may have forgotten turning Fallback off?
WARNING: Shader Unsupported: 'Spine/Outline/Skeleton Tint' - All subshaders removed
WARNING: Shader Did you use #pragma only_renderers and omit this platform?
WARNING: Shader If subshaders removal was intentional, you may have forgotten turning Fallback off?
WARNING: Shader Unsupported: 'Spine/Outline/Skeleton Tint' - All subshaders removed
WARNING: Shader Did you use #pragma only_renderers and omit this platform?
WARNING: Shader If subshaders removal was intentional, you may have forgotten turning Fallback off?
WARNING: Shader Unsupported: 'Spine/Outline/Sprite/Pixel Lit' - All subshaders removed
WARNING: Shader Did you use #pragma only_renderers and omit this platform?
WARNING: Shader If subshaders removal was intentional, you may have forgotten turning Fallback off?
WARNING: Shader Unsupported: 'Spine/Outline/Sprite/Pixel Lit' - All subshaders removed
WARNING: Shader Did you use #pragma only_renderers and omit this platform?
WARNING: Shader If subshaders removal was intentional, you may have forgotten turning Fallback off?
WARNING: Shader Unsupported: 'Spine/Outline/Skeleton' - All subshaders removed
WARNING: Shader Did you use #pragma only_renderers and omit this platform?
WARNING: Shader If subshaders removal was intentional, you may have forgotten turning Fallback off?
WARNING: Shader Unsupported: 'Spine/Outline/Skeleton' - All subshaders removed
WARNING: Shader Did you use #pragma only_renderers and omit this platform?
WARNING: Shader If subshaders removal was intentional, you may have forgotten turning Fallback off?
WARNING: Shader Unsupported: 'Spine/Outline/Blend Modes/Skeleton PMA Screen' - All subshaders removed
WARNING: Shader Did you use #pragma only_renderers and omit this platform?
WARNING: Shader If subshaders removal was intentional, you may have forgotten turning Fallback off?
WARNING: Shader Unsupported: 'Spine/Outline/Blend Modes/Skeleton PMA Screen' - All subshaders removed
WARNING: Shader Did you use #pragma only_renderers and omit this platform?
WARNING: Shader If subshaders removal was intentional, you may have forgotten turning Fallback off?
WARNING: Shader Unsupported: 'Spine/Outline/Skeleton Tint Black' - All subshaders removed
WARNING: Shader Did you use #pragma only_renderers and omit this platform?
WARNING: Shader If subshaders removal was intentional, you may have forgotten turning Fallback off?
WARNING: Shader Unsupported: 'Spine/Outline/Skeleton Tint Black' - All subshaders removed
WARNING: Shader Did you use #pragma only_renderers and omit this platform?
WARNING: Shader If subshaders removal was intentional, you may have forgotten turning Fallback off?
WARNING: Shader Unsupported: 'Spine/Outline/Blend Modes/Skeleton PMA Multiply' - All subshaders removed
WARNING: Shader Did you use #pragma only_renderers and omit this platform?
WARNING: Shader If subshaders removal was intentional, you may have forgotten turning Fallback off?
WARNING: Shader Unsupported: 'Spine/Outline/Blend Modes/Skeleton PMA Multiply' - All subshaders removed
WARNING: Shader Did you use #pragma only_renderers and omit this platform?
WARNING: Shader If subshaders removal was intentional, you may have forgotten turning Fallback off?
Refreshing native plugins compatible for Editor in 11.76 ms, found 9 plugins.
Preloading 1 native plugins for Editor in 0.11 ms.
Unloading 31 Unused Serialized files (Serialized files now loaded: 0)
Unloading 11438 unused Assets / (6.7 MB). Loaded Objects now: 12372.
Memory consumption went from 225.8 MB to 219.1 MB.
Total: 29.968800 ms (FindLiveObjects: 1.563000 ms CreateObjectMapping: 1.468900 ms MarkObjects: 21.647000 ms  DeleteObjects: 5.288000 ms)

Prepare: number of updated asset objects reloaded= 0
========================================================================
Received Prepare
WARNING: Shader Unsupported: 'Spine/Outline/SkeletonGraphic' - All subshaders removed
WARNING: Shader Did you use #pragma only_renderers and omit this platform?
WARNING: Shader If subshaders removal was intentional, you may have forgotten turning Fallback off?
WARNING: Shader Unsupported: 'Spine/Outline/SkeletonGraphic' - All subshaders removed
WARNING: Shader Did you use #pragma only_renderers and omit this platform?
WARNING: Shader If subshaders removal was intentional, you may have forgotten turning Fallback off?
WARNING: Shader Unsupported: 'Spine/Outline/Special/Skeleton Grayscale' - All subshaders removed
WARNING: Shader Did you use #pragma only_renderers and omit this platform?
WARNING: Shader If subshaders removal was intentional, you may have forgotten turning Fallback off?
WARNING: Shader Unsupported: 'Spine/Outline/Special/Skeleton Grayscale' - All subshaders removed
WARNING: Shader Did you use #pragma only_renderers and omit this platform?
WARNING: Shader If subshaders removal was intentional, you may have forgotten turning Fallback off?
WARNING: Shader Unsupported: 'Spine/Outline/Sprite/Vertex Lit' - All subshaders removed
WARNING: Shader Did you use #pragma only_renderers and omit this platform?
WARNING: Shader If subshaders removal was intentional, you may have forgotten turning Fallback off?
WARNING: Shader Unsupported: 'Spine/Outline/Sprite/Vertex Lit' - All subshaders removed
WARNING: Shader Did you use #pragma only_renderers and omit this platform?
WARNING: Shader If subshaders removal was intentional, you may have forgotten turning Fallback off?
WARNING: Shader Unsupported: 'Spine/Outline/SkeletonGraphic Tint Black' - All subshaders removed
WARNING: Shader Did you use #pragma only_renderers and omit this platform?
WARNING: Shader If subshaders removal was intentional, you may have forgotten turning Fallback off?
WARNING: Shader Unsupported: 'Spine/Outline/SkeletonGraphic Tint Black' - All subshaders removed
WARNING: Shader Did you use #pragma only_renderers and omit this platform?
WARNING: Shader If subshaders removal was intentional, you may have forgotten turning Fallback off?
WARNING: Shader Unsupported: 'Spine/Outline/Skeleton Lit ZWrite' - All subshaders removed
WARNING: Shader Did you use #pragma only_renderers and omit this platform?
WARNING: Shader If subshaders removal was intentional, you may have forgotten turning Fallback off?
WARNING: Shader Unsupported: 'Spine/Outline/Skeleton Lit ZWrite' - All subshaders removed
WARNING: Shader Did you use #pragma only_renderers and omit this platform?
WARNING: Shader If subshaders removal was intentional, you may have forgotten turning Fallback off?
WARNING: Shader Unsupported: 'Spine/Outline/Skeleton Fill' - All subshaders removed
WARNING: Shader Did you use #pragma only_renderers and omit this platform?
WARNING: Shader If subshaders removal was intentional, you may have forgotten turning Fallback off?
WARNING: Shader Unsupported: 'Spine/Outline/Skeleton Fill' - All subshaders removed
WARNING: Shader Did you use #pragma only_renderers and omit this platform?
WARNING: Shader If subshaders removal was intentional, you may have forgotten turning Fallback off?
WARNING: Shader Unsupported: 'Spine/Outline/Blend Modes/Skeleton PMA Additive' - All subshaders removed
WARNING: Shader Did you use #pragma only_renderers and omit this platform?
WARNING: Shader If subshaders removal was intentional, you may have forgotten turning Fallback off?
WARNING: Shader Unsupported: 'Spine/Outline/Blend Modes/Skeleton PMA Additive' - All subshaders removed
WARNING: Shader Did you use #pragma only_renderers and omit this platform?
WARNING: Shader If subshaders removal was intentional, you may have forgotten turning Fallback off?
WARNING: Shader Unsupported: 'Spine/Outline/Skeleton Lit' - All subshaders removed
WARNING: Shader Did you use #pragma only_renderers and omit this platform?
WARNING: Shader If subshaders removal was intentional, you may have forgotten turning Fallback off?
WARNING: Shader Unsupported: 'Spine/Outline/Skeleton Lit' - All subshaders removed
WARNING: Shader Did you use #pragma only_renderers and omit this platform?
WARNING: Shader If subshaders removal was intentional, you may have forgotten turning Fallback off?
WARNING: Shader Unsupported: 'Spine/Outline/Sprite/Unlit' - All subshaders removed
WARNING: Shader Did you use #pragma only_renderers and omit this platform?
WARNING: Shader If subshaders removal was intentional, you may have forgotten turning Fallback off?
WARNING: Shader Unsupported: 'Spine/Outline/Sprite/Unlit' - All subshaders removed
WARNING: Shader Did you use #pragma only_renderers and omit this platform?
WARNING: Shader If subshaders removal was intentional, you may have forgotten turning Fallback off?
WARNING: Shader Unsupported: 'Spine/Outline/Skeleton Tint' - All subshaders removed
WARNING: Shader Did you use #pragma only_renderers and omit this platform?
WARNING: Shader If subshaders removal was intentional, you may have forgotten turning Fallback off?
WARNING: Shader Unsupported: 'Spine/Outline/Skeleton Tint' - All subshaders removed
WARNING: Shader Did you use #pragma only_renderers and omit this platform?
WARNING: Shader If subshaders removal was intentional, you may have forgotten turning Fallback off?
WARNING: Shader Unsupported: 'Spine/Outline/Sprite/Pixel Lit' - All subshaders removed
WARNING: Shader Did you use #pragma only_renderers and omit this platform?
WARNING: Shader If subshaders removal was intentional, you may have forgotten turning Fallback off?
WARNING: Shader Unsupported: 'Spine/Outline/Sprite/Pixel Lit' - All subshaders removed
WARNING: Shader Did you use #pragma only_renderers and omit this platform?
WARNING: Shader If subshaders removal was intentional, you may have forgotten turning Fallback off?
WARNING: Shader Unsupported: 'Spine/Outline/Skeleton' - All subshaders removed
WARNING: Shader Did you use #pragma only_renderers and omit this platform?
WARNING: Shader If subshaders removal was intentional, you may have forgotten turning Fallback off?
WARNING: Shader Unsupported: 'Spine/Outline/Skeleton' - All subshaders removed
WARNING: Shader Did you use #pragma only_renderers and omit this platform?
WARNING: Shader If subshaders removal was intentional, you may have forgotten turning Fallback off?
WARNING: Shader Unsupported: 'Spine/Outline/Blend Modes/Skeleton PMA Screen' - All subshaders removed
WARNING: Shader Did you use #pragma only_renderers and omit this platform?
WARNING: Shader If subshaders removal was intentional, you may have forgotten turning Fallback off?
WARNING: Shader Unsupported: 'Spine/Outline/Blend Modes/Skeleton PMA Screen' - All subshaders removed
WARNING: Shader Did you use #pragma only_renderers and omit this platform?
WARNING: Shader If subshaders removal was intentional, you may have forgotten turning Fallback off?
WARNING: Shader Unsupported: 'Spine/Outline/Skeleton Tint Black' - All subshaders removed
WARNING: Shader Did you use #pragma only_renderers and omit this platform?
WARNING: Shader If subshaders removal was intentional, you may have forgotten turning Fallback off?
WARNING: Shader Unsupported: 'Spine/Outline/Skeleton Tint Black' - All subshaders removed
WARNING: Shader Did you use #pragma only_renderers and omit this platform?
WARNING: Shader If subshaders removal was intentional, you may have forgotten turning Fallback off?
WARNING: Shader Unsupported: 'Spine/Outline/Blend Modes/Skeleton PMA Multiply' - All subshaders removed
WARNING: Shader Did you use #pragma only_renderers and omit this platform?
WARNING: Shader If subshaders removal was intentional, you may have forgotten turning Fallback off?
WARNING: Shader Unsupported: 'Spine/Outline/Blend Modes/Skeleton PMA Multiply' - All subshaders removed
WARNING: Shader Did you use #pragma only_renderers and omit this platform?
WARNING: Shader If subshaders removal was intentional, you may have forgotten turning Fallback off?
Refreshing native plugins compatible for Editor in 10.69 ms, found 9 plugins.
Preloading 1 native plugins for Editor in 0.08 ms.
Unloading 31 Unused Serialized files (Serialized files now loaded: 0)
Unloading 31 unused Assets / (2.0 MB). Loaded Objects now: 12372.
Memory consumption went from 220.4 MB to 218.4 MB.
Total: 19.637100 ms (FindLiveObjects: 0.846300 ms CreateObjectMapping: 0.745000 ms MarkObjects: 17.551200 ms  DeleteObjects: 0.492600 ms)

Prepare: number of updated asset objects reloaded= 0
========================================================================
Received Prepare
Begin MonoManager ReloadAssembly
Symbol file LoadedFromMemory is not a mono symbol file
- Loaded All Assemblies, in  1.364 seconds
Refreshing native plugins compatible for Editor in 30.33 ms, found 9 plugins.
Native extension for Android target not found
Native extension for WindowsStandalone target not found
[Package Manager] Failed to launch server process. Reason: Unity was launched with the -noUpm command-line argument
[Package Manager] Unable to send message (not connected to server process).
[Package Manager] Cannot connect to Unity Package Manager local server
Refreshing native plugins compatible for Editor in 13.91 ms, found 9 plugins.
[Package Manager] Failed to launch server process. Reason: Unity was launched with the -noUpm command-line argument
[Package Manager] Unable to send message (not connected to server process).
[Package Manager] Cannot connect to Unity Package Manager local server
System.Exception: Error! Visual Scripting: couldn't find visual scripting package
  at Unity.VisualScripting.PackageVersionUtility.get_version () [0x00043] in .\Library\PackageCache\com.unity.visualscripting@8bed5ad90189\Editor\VisualScripting.Core\Utilities\PackageVersionUtility.cs:31 
  at Unity.VisualScripting.BoltCoreManifest.get_version () [0x00000] in .\Library\PackageCache\com.unity.visualscripting@8bed5ad90189\Editor\VisualScripting.Core\Plugin\BoltCoreManifest.cs:11 
  at Unity.VisualScripting.PluginManifest.get_currentVersion () [0x00000] in .\Library\PackageCache\com.unity.visualscripting@8bed5ad90189\Editor\VisualScripting.Core\Plugins\PluginManifest.cs:33 
  at Unity.VisualScripting.PluginManifest.get_versionMismatch () [0x00000] in .\Library\PackageCache\com.unity.visualscripting@8bed5ad90189\Editor\VisualScripting.Core\Plugins\PluginManifest.cs:48 
  at Unity.VisualScripting.PluginContainer.Initialize () [0x00525] in .\Library\PackageCache\com.unity.visualscripting@8bed5ad90189\Editor\VisualScripting.Core\Plugins\PluginContainer.cs:208 
  at Unity.VisualScripting.PluginContainer.InitializeOnLoad () [0x00009] in .\Library\PackageCache\com.unity.visualscripting@8bed5ad90189\Editor\VisualScripting.Core\Plugins\PluginContainer.cs:32 
  at Unity.VisualScripting.VSUsageUtility.DoInitializeOnLoadCalls () [0x00034] in .\Library\PackageCache\com.unity.visualscripting@8bed5ad90189\Editor\VisualScripting.Core\Utilities\VSUsageUtility.cs:76 
  at Unity.VisualScripting.VSUsageUtility.set_isVisualScriptingUsed (System.Boolean value) [0x0002c] in .\Library\PackageCache\com.unity.visualscripting@8bed5ad90189\Editor\VisualScripting.Core\Utilities\VSUsageUtility.cs:114 
  at Unity.VisualScripting.VSUsageUtility.CheckAndSetIsVisualScriptingUsed () [0x0000d] in .\Library\PackageCache\com.unity.visualscripting@8bed5ad90189\Editor\VisualScripting.Core\Utilities\VSUsageUtility.cs:33 
  at Unity.VisualScripting.VSUsageUtility..cctor () [0x00000] in .\Library\PackageCache\com.unity.visualscripting@8bed5ad90189\Editor\VisualScripting.Core\Utilities\VSUsageUtility.cs:22 
UnityEngine.Debug:ExtractStackTraceNoAlloc (byte*,int,string)
UnityEngine.StackTraceUtility:ExtractStackTrace ()
UnityEngine.DebugLogHandler:Internal_Log (UnityEngine.LogType,UnityEngine.LogOption,string,UnityEngine.Object)
UnityEngine.DebugLogHandler:LogFormat (UnityEngine.LogType,UnityEngine.Object,string,object[])
UnityEngine.Logger:Log (UnityEngine.LogType,object)
UnityEngine.Debug:LogError (object)
UnityEditor.EditorAssemblies:ProcessInitializeOnLoadAttributes (System.Type[])

ScheduleIndexationOnStartup MainProcess:False IndexOnStartup:True
Mono: successfully reloaded assembly
- Finished resetting the current domain, in  1.964 seconds
Domain Reload Profiling: 3331ms
	BeginReloadAssembly (307ms)
		ExecutionOrderSort (0ms)
		DisableScriptedObjects (12ms)
		BackupInstance (0ms)
		ReleaseScriptingObjects (0ms)
		CreateAndSetChildDomain (84ms)
	RebuildCommonClasses (37ms)
	RebuildNativeTypeToScriptingClass (14ms)
	initialDomainReloadingComplete (35ms)
	LoadAllAssembliesAndSetupDomain (974ms)
		LoadAssemblies (766ms)
		RebuildTransferFunctionScriptingTraits (0ms)
		AnalyzeDomain (334ms)
			TypeCache.Refresh (12ms)
				TypeCache.ScanAssembly (0ms)
			BuildScriptInfoCaches (301ms)
			ResolveRequiredComponents (14ms)
	FinalizeReload (1965ms)
		ReleaseScriptCaches (0ms)
		RebuildScriptCaches (0ms)
		SetupLoadedEditorAssemblies (1297ms)
			LogAssemblyErrors (0ms)
			InitializePlatformSupportModulesInManaged (9ms)
			SetLoadedEditorAssemblies (9ms)
			BeforeProcessingInitializeOnLoad (218ms)
			ProcessInitializeOnLoadAttributes (728ms)
			ProcessInitializeOnLoadMethodAttributes (326ms)
			AfterProcessingInitializeOnLoad (6ms)
			EditorAssembliesLoaded (1ms)
		ExecutionOrderSort2 (0ms)
		AwakeInstancesAfterBackupRestoration (26ms)
WARNING: Shader Unsupported: 'Spine/Outline/SkeletonGraphic' - All subshaders removed
WARNING: Shader Did you use #pragma only_renderers and omit this platform?
WARNING: Shader If subshaders removal was intentional, you may have forgotten turning Fallback off?
WARNING: Shader Unsupported: 'Spine/Outline/SkeletonGraphic' - All subshaders removed
WARNING: Shader Did you use #pragma only_renderers and omit this platform?
WARNING: Shader If subshaders removal was intentional, you may have forgotten turning Fallback off?
WARNING: Shader Unsupported: 'Spine/Outline/Special/Skeleton Grayscale' - All subshaders removed
WARNING: Shader Did you use #pragma only_renderers and omit this platform?
WARNING: Shader If subshaders removal was intentional, you may have forgotten turning Fallback off?
WARNING: Shader Unsupported: 'Spine/Outline/Special/Skeleton Grayscale' - All subshaders removed
WARNING: Shader Did you use #pragma only_renderers and omit this platform?
WARNING: Shader If subshaders removal was intentional, you may have forgotten turning Fallback off?
WARNING: Shader Unsupported: 'Spine/Outline/Sprite/Vertex Lit' - All subshaders removed
WARNING: Shader Did you use #pragma only_renderers and omit this platform?
WARNING: Shader If subshaders removal was intentional, you may have forgotten turning Fallback off?
WARNING: Shader Unsupported: 'Spine/Outline/Sprite/Vertex Lit' - All subshaders removed
WARNING: Shader Did you use #pragma only_renderers and omit this platform?
WARNING: Shader If subshaders removal was intentional, you may have forgotten turning Fallback off?
WARNING: Shader Unsupported: 'Spine/Outline/SkeletonGraphic Tint Black' - All subshaders removed
WARNING: Shader Did you use #pragma only_renderers and omit this platform?
WARNING: Shader If subshaders removal was intentional, you may have forgotten turning Fallback off?
WARNING: Shader Unsupported: 'Spine/Outline/SkeletonGraphic Tint Black' - All subshaders removed
WARNING: Shader Did you use #pragma only_renderers and omit this platform?
WARNING: Shader If subshaders removal was intentional, you may have forgotten turning Fallback off?
WARNING: Shader Unsupported: 'Spine/Outline/Skeleton Lit ZWrite' - All subshaders removed
WARNING: Shader Did you use #pragma only_renderers and omit this platform?
WARNING: Shader If subshaders removal was intentional, you may have forgotten turning Fallback off?
WARNING: Shader Unsupported: 'Spine/Outline/Skeleton Lit ZWrite' - All subshaders removed
WARNING: Shader Did you use #pragma only_renderers and omit this platform?
WARNING: Shader If subshaders removal was intentional, you may have forgotten turning Fallback off?
WARNING: Shader Unsupported: 'Spine/Outline/Skeleton Fill' - All subshaders removed
WARNING: Shader Did you use #pragma only_renderers and omit this platform?
WARNING: Shader If subshaders removal was intentional, you may have forgotten turning Fallback off?
WARNING: Shader Unsupported: 'Spine/Outline/Skeleton Fill' - All subshaders removed
WARNING: Shader Did you use #pragma only_renderers and omit this platform?
WARNING: Shader If subshaders removal was intentional, you may have forgotten turning Fallback off?
WARNING: Shader Unsupported: 'Spine/Outline/Blend Modes/Skeleton PMA Additive' - All subshaders removed
WARNING: Shader Did you use #pragma only_renderers and omit this platform?
WARNING: Shader If subshaders removal was intentional, you may have forgotten turning Fallback off?
WARNING: Shader Unsupported: 'Spine/Outline/Blend Modes/Skeleton PMA Additive' - All subshaders removed
WARNING: Shader Did you use #pragma only_renderers and omit this platform?
WARNING: Shader If subshaders removal was intentional, you may have forgotten turning Fallback off?
WARNING: Shader Unsupported: 'Spine/Outline/Skeleton Lit' - All subshaders removed
WARNING: Shader Did you use #pragma only_renderers and omit this platform?
WARNING: Shader If subshaders removal was intentional, you may have forgotten turning Fallback off?
WARNING: Shader Unsupported: 'Spine/Outline/Skeleton Lit' - All subshaders removed
WARNING: Shader Did you use #pragma only_renderers and omit this platform?
WARNING: Shader If subshaders removal was intentional, you may have forgotten turning Fallback off?
WARNING: Shader Unsupported: 'Spine/Outline/Sprite/Unlit' - All subshaders removed
WARNING: Shader Did you use #pragma only_renderers and omit this platform?
WARNING: Shader If subshaders removal was intentional, you may have forgotten turning Fallback off?
WARNING: Shader Unsupported: 'Spine/Outline/Sprite/Unlit' - All subshaders removed
WARNING: Shader Did you use #pragma only_renderers and omit this platform?
WARNING: Shader If subshaders removal was intentional, you may have forgotten turning Fallback off?
WARNING: Shader Unsupported: 'Spine/Outline/Skeleton Tint' - All subshaders removed
WARNING: Shader Did you use #pragma only_renderers and omit this platform?
WARNING: Shader If subshaders removal was intentional, you may have forgotten turning Fallback off?
WARNING: Shader Unsupported: 'Spine/Outline/Skeleton Tint' - All subshaders removed
WARNING: Shader Did you use #pragma only_renderers and omit this platform?
WARNING: Shader If subshaders removal was intentional, you may have forgotten turning Fallback off?
WARNING: Shader Unsupported: 'Spine/Outline/Sprite/Pixel Lit' - All subshaders removed
WARNING: Shader Did you use #pragma only_renderers and omit this platform?
WARNING: Shader If subshaders removal was intentional, you may have forgotten turning Fallback off?
WARNING: Shader Unsupported: 'Spine/Outline/Sprite/Pixel Lit' - All subshaders removed
WARNING: Shader Did you use #pragma only_renderers and omit this platform?
WARNING: Shader If subshaders removal was intentional, you may have forgotten turning Fallback off?
WARNING: Shader Unsupported: 'Spine/Outline/Skeleton' - All subshaders removed
WARNING: Shader Did you use #pragma only_renderers and omit this platform?
WARNING: Shader If subshaders removal was intentional, you may have forgotten turning Fallback off?
WARNING: Shader Unsupported: 'Spine/Outline/Skeleton' - All subshaders removed
WARNING: Shader Did you use #pragma only_renderers and omit this platform?
WARNING: Shader If subshaders removal was intentional, you may have forgotten turning Fallback off?
WARNING: Shader Unsupported: 'Spine/Outline/Blend Modes/Skeleton PMA Screen' - All subshaders removed
WARNING: Shader Did you use #pragma only_renderers and omit this platform?
WARNING: Shader If subshaders removal was intentional, you may have forgotten turning Fallback off?
WARNING: Shader Unsupported: 'Spine/Outline/Blend Modes/Skeleton PMA Screen' - All subshaders removed
WARNING: Shader Did you use #pragma only_renderers and omit this platform?
WARNING: Shader If subshaders removal was intentional, you may have forgotten turning Fallback off?
WARNING: Shader Unsupported: 'Spine/Outline/Skeleton Tint Black' - All subshaders removed
WARNING: Shader Did you use #pragma only_renderers and omit this platform?
WARNING: Shader If subshaders removal was intentional, you may have forgotten turning Fallback off?
WARNING: Shader Unsupported: 'Spine/Outline/Skeleton Tint Black' - All subshaders removed
WARNING: Shader Did you use #pragma only_renderers and omit this platform?
WARNING: Shader If subshaders removal was intentional, you may have forgotten turning Fallback off?
WARNING: Shader Unsupported: 'Spine/Outline/Blend Modes/Skeleton PMA Multiply' - All subshaders removed
WARNING: Shader Did you use #pragma only_renderers and omit this platform?
WARNING: Shader If subshaders removal was intentional, you may have forgotten turning Fallback off?
WARNING: Shader Unsupported: 'Spine/Outline/Blend Modes/Skeleton PMA Multiply' - All subshaders removed
WARNING: Shader Did you use #pragma only_renderers and omit this platform?
WARNING: Shader If subshaders removal was intentional, you may have forgotten turning Fallback off?
Refreshing native plugins compatible for Editor in 10.46 ms, found 9 plugins.
Preloading 1 native plugins for Editor in 0.10 ms.
Unloading 31 Unused Serialized files (Serialized files now loaded: 0)
Unloading 11438 unused Assets / (7.9 MB). Loaded Objects now: 12379.
Memory consumption went from 232.9 MB to 225.0 MB.
Total: 25.783800 ms (FindLiveObjects: 1.081700 ms CreateObjectMapping: 1.162300 ms MarkObjects: 18.348200 ms  DeleteObjects: 5.189600 ms)

Prepare: number of updated asset objects reloaded= 0
